-- phpMyAdmin SQL Dump
-- version 5.1.3
-- https://www.phpmyadmin.net/
--
-- Host: localhost:3306
-- Generation Time: Aug 20, 2022 at 12:19 PM
-- Server version: 5.7.33
-- PHP Version: 8.1.3

SET SQL_MODE = "NO_AUTO_VALUE_ON_ZERO";
START TRANSACTION;
SET time_zone = "+00:00";


/*!40101 SET @OLD_CHARACTER_SET_CLIENT=@@CHARACTER_SET_CLIENT */;
/*!40101 SET @OLD_CHARACTER_SET_RESULTS=@@CHARACTER_SET_RESULTS */;
/*!40101 SET @OLD_COLLATION_CONNECTION=@@COLLATION_CONNECTION */;
/*!40101 SET NAMES utf8mb4 */;

--
-- Database: `venue-booking`
--

-- --------------------------------------------------------

--
-- Table structure for table `admin_menu`
--

CREATE TABLE `admin_menu` (
  `id` int(10) UNSIGNED NOT NULL,
  `parent_id` int(11) NOT NULL DEFAULT '0',
  `order` int(11) NOT NULL DEFAULT '0',
  `title` varchar(50) COLLATE utf8mb4_unicode_ci NOT NULL,
  `icon` varchar(50) COLLATE utf8mb4_unicode_ci NOT NULL,
  `uri` varchar(255) COLLATE utf8mb4_unicode_ci DEFAULT NULL,
  `permission` varchar(255) COLLATE utf8mb4_unicode_ci DEFAULT NULL,
  `created_at` timestamp NULL DEFAULT NULL,
  `updated_at` timestamp NULL DEFAULT NULL
) ENGINE=InnoDB DEFAULT CHARSET=utf8mb4 COLLATE=utf8mb4_unicode_ci;

--
-- Dumping data for table `admin_menu`
--

INSERT INTO `admin_menu` (`id`, `parent_id`, `order`, `title`, `icon`, `uri`, `permission`, `created_at`, `updated_at`) VALUES
(1, 0, 1, 'Dashboard', 'fa-bar-chart', '/', NULL, NULL, NULL),
(2, 0, 2, 'Admin', 'fa-tasks', '', NULL, NULL, NULL),
(3, 2, 3, 'Users', 'fa-users', 'auth/users', NULL, NULL, NULL),
(4, 2, 4, 'Roles', 'fa-user', 'auth/roles', NULL, NULL, NULL),
(5, 2, 5, 'Permission', 'fa-ban', 'auth/permissions', NULL, NULL, NULL),
(6, 2, 6, 'Menu', 'fa-bars', 'auth/menu', NULL, NULL, NULL),
(7, 2, 7, 'Operation log', 'fa-history', 'auth/logs', NULL, NULL, NULL),
(8, 0, 19, 'Calendar', 'fa-calendar', 'calendar', '*', '2022-06-29 10:27:37', '2022-08-20 00:20:46'),
(9, 0, 8, 'Category', 'fa-briefcase', 'categories', '*', '2022-07-01 06:44:36', '2022-07-01 06:52:37'),
(10, 0, 9, 'Occasion', 'fa-flag-o', 'occasions', '*', '2022-07-01 06:45:17', '2022-07-01 06:52:37'),
(11, 0, 10, 'Amenity', 'fa-certificate', 'amenities', '*', '2022-07-01 06:45:54', '2022-07-01 06:52:37'),
(12, 0, 11, 'Location', 'fa-road', '#', '*', '2022-07-01 06:46:32', '2022-07-01 06:52:37'),
(13, 12, 12, 'Division', 'fa-map-o', 'divisions', '*', '2022-07-01 06:48:47', '2022-07-01 06:52:37'),
(14, 12, 13, 'District', 'fa-map-marker', 'districts', '*', '2022-07-01 06:50:27', '2022-07-01 06:52:37'),
(15, 12, 14, 'City', 'fa-map-pin', 'cities', '*', '2022-07-01 06:50:51', '2022-07-01 06:52:37'),
(16, 19, 17, 'Venues', 'fa-venus-double', 'venues', '*', '2022-07-01 06:51:55', '2022-08-20 00:25:58'),
(17, 0, 20, 'Users', 'fa-users', '/users', '*', '2022-07-28 22:05:57', '2022-08-20 00:20:46'),
(18, 0, 18, 'Orders', 'fa-cart-arrow-down', '/orders', '*', '2022-08-13 00:08:32', '2022-08-20 00:20:46'),
(19, 0, 15, 'Venue', 'fa-venus', '#', '*', '2022-08-20 00:18:47', '2022-08-20 00:19:02'),
(20, 19, 16, 'Organization', 'fa-sitemap', '/organizations', '*', '2022-08-20 00:20:32', '2022-08-20 00:25:39');

-- --------------------------------------------------------

--
-- Table structure for table `admin_operation_log`
--

CREATE TABLE `admin_operation_log` (
  `id` int(10) UNSIGNED NOT NULL,
  `user_id` int(11) NOT NULL,
  `path` varchar(255) COLLATE utf8mb4_unicode_ci NOT NULL,
  `method` varchar(10) COLLATE utf8mb4_unicode_ci NOT NULL,
  `ip` varchar(255) COLLATE utf8mb4_unicode_ci NOT NULL,
  `input` text COLLATE utf8mb4_unicode_ci NOT NULL,
  `created_at` timestamp NULL DEFAULT NULL,
  `updated_at` timestamp NULL DEFAULT NULL
) ENGINE=InnoDB DEFAULT CHARSET=utf8mb4 COLLATE=utf8mb4_unicode_ci;

--
-- Dumping data for table `admin_operation_log`
--

INSERT INTO `admin_operation_log` (`id`, `user_id`, `path`, `method`, `ip`, `input`, `created_at`, `updated_at`) VALUES
(1124, 1, 'admin', 'GET', '127.0.0.1', '{\"_pjax\":\"#pjax-container\"}', '2022-07-28 22:02:38', '2022-07-28 22:02:38'),
(1125, 1, 'admin/auth/users', 'GET', '127.0.0.1', '{\"_pjax\":\"#pjax-container\"}', '2022-07-28 22:04:55', '2022-07-28 22:04:55'),
(1126, 1, 'admin/auth/menu', 'GET', '127.0.0.1', '{\"_pjax\":\"#pjax-container\"}', '2022-07-28 22:05:15', '2022-07-28 22:05:15'),
(1127, 1, 'admin/auth/menu', 'POST', '127.0.0.1', '{\"parent_id\":\"0\",\"title\":\"Users\",\"icon\":\"fa-users\",\"uri\":\"\\/users\",\"roles\":[\"1\",null],\"permission\":\"*\",\"_token\":\"FjxQb8qjabtSywHEF9gN82rN8CKqEbqe4sH4JHoR\"}', '2022-07-28 22:05:57', '2022-07-28 22:05:57'),
(1128, 1, 'admin/auth/menu', 'GET', '127.0.0.1', '[]', '2022-07-28 22:05:57', '2022-07-28 22:05:57'),
(1129, 1, 'admin/auth/menu', 'POST', '127.0.0.1', '{\"_token\":\"FjxQb8qjabtSywHEF9gN82rN8CKqEbqe4sH4JHoR\",\"_order\":\"[{\\\"id\\\":1},{\\\"id\\\":2,\\\"children\\\":[{\\\"id\\\":3},{\\\"id\\\":4},{\\\"id\\\":5},{\\\"id\\\":6},{\\\"id\\\":7}]},{\\\"id\\\":9},{\\\"id\\\":10},{\\\"id\\\":11},{\\\"id\\\":12,\\\"children\\\":[{\\\"id\\\":13},{\\\"id\\\":14},{\\\"id\\\":15}]},{\\\"id\\\":16},{\\\"id\\\":8},{\\\"id\\\":17}]\"}', '2022-07-28 22:06:04', '2022-07-28 22:06:04'),
(1130, 1, 'admin/auth/menu', 'GET', '127.0.0.1', '{\"_pjax\":\"#pjax-container\"}', '2022-07-28 22:06:04', '2022-07-28 22:06:04'),
(1131, 1, 'admin/auth/menu', 'GET', '127.0.0.1', '[]', '2022-07-28 22:06:06', '2022-07-28 22:06:06'),
(1132, 1, 'admin/users', 'GET', '127.0.0.1', '{\"_pjax\":\"#pjax-container\"}', '2022-07-28 22:06:10', '2022-07-28 22:06:10'),
(1133, 1, 'admin/users', 'GET', '127.0.0.1', '[]', '2022-07-28 22:09:20', '2022-07-28 22:09:20'),
(1134, 1, 'admin/users', 'GET', '127.0.0.1', '[]', '2022-07-28 22:09:41', '2022-07-28 22:09:41'),
(1135, 1, 'admin/users', 'GET', '127.0.0.1', '[]', '2022-07-28 22:09:52', '2022-07-28 22:09:52'),
(1136, 1, 'admin/users', 'GET', '127.0.0.1', '[]', '2022-07-28 22:11:51', '2022-07-28 22:11:51'),
(1137, 1, 'admin/users', 'GET', '127.0.0.1', '[]', '2022-07-28 22:12:16', '2022-07-28 22:12:16'),
(1138, 1, 'admin/users/create', 'GET', '127.0.0.1', '{\"_pjax\":\"#pjax-container\"}', '2022-07-28 22:12:26', '2022-07-28 22:12:26'),
(1139, 1, 'admin/users', 'GET', '127.0.0.1', '{\"_pjax\":\"#pjax-container\"}', '2022-07-28 22:12:37', '2022-07-28 22:12:37'),
(1140, 1, 'admin/users/1/edit', 'GET', '127.0.0.1', '{\"_pjax\":\"#pjax-container\"}', '2022-07-28 22:13:09', '2022-07-28 22:13:09'),
(1141, 1, 'admin/users', 'GET', '127.0.0.1', '{\"_pjax\":\"#pjax-container\"}', '2022-07-28 22:13:17', '2022-07-28 22:13:17'),
(1142, 1, 'admin/users', 'GET', '127.0.0.1', '[]', '2022-07-28 22:16:10', '2022-07-28 22:16:10'),
(1143, 1, 'admin/users/create', 'GET', '127.0.0.1', '{\"_pjax\":\"#pjax-container\"}', '2022-07-28 22:18:20', '2022-07-28 22:18:20'),
(1144, 1, 'admin/users/create', 'GET', '127.0.0.1', '[]', '2022-07-28 22:18:39', '2022-07-28 22:18:39'),
(1145, 1, 'admin/users/create', 'GET', '127.0.0.1', '[]', '2022-07-28 22:19:17', '2022-07-28 22:19:17'),
(1146, 1, 'admin/users', 'GET', '127.0.0.1', '{\"_pjax\":\"#pjax-container\"}', '2022-07-28 22:19:44', '2022-07-28 22:19:44'),
(1147, 1, 'admin/users/create', 'GET', '127.0.0.1', '{\"_pjax\":\"#pjax-container\"}', '2022-07-28 22:19:45', '2022-07-28 22:19:45'),
(1148, 1, 'admin/users/create', 'GET', '127.0.0.1', '[]', '2022-07-28 22:19:48', '2022-07-28 22:19:48'),
(1149, 1, 'admin/users/create', 'GET', '127.0.0.1', '[]', '2022-07-28 22:20:14', '2022-07-28 22:20:14'),
(1150, 1, 'admin/users', 'GET', '127.0.0.1', '{\"_pjax\":\"#pjax-container\"}', '2022-07-28 22:20:35', '2022-07-28 22:20:35'),
(1151, 1, 'admin/users/1/edit', 'GET', '127.0.0.1', '{\"_pjax\":\"#pjax-container\"}', '2022-07-28 22:20:38', '2022-07-28 22:20:38'),
(1152, 1, 'admin', 'GET', '127.0.0.1', '{\"_pjax\":\"#pjax-container\"}', '2022-07-28 22:21:01', '2022-07-28 22:21:01'),
(1153, 1, 'admin/users', 'GET', '127.0.0.1', '{\"_pjax\":\"#pjax-container\"}', '2022-07-28 22:21:10', '2022-07-28 22:21:10'),
(1154, 1, 'admin/users/create', 'GET', '127.0.0.1', '{\"_pjax\":\"#pjax-container\"}', '2022-07-28 22:21:11', '2022-07-28 22:21:11'),
(1155, 1, 'admin/users', 'POST', '127.0.0.1', '{\"name\":null,\"username\":null,\"email\":null,\"password\":\"fsdf\",\"type\":\"0\",\"email_verified_at\":\"2022-07-29 04:21:11\",\"_token\":\"FjxQb8qjabtSywHEF9gN82rN8CKqEbqe4sH4JHoR\",\"_previous_\":\"http:\\/\\/localhost:8000\\/admin\\/users\"}', '2022-07-28 22:21:22', '2022-07-28 22:21:22'),
(1156, 1, 'admin/users/create', 'GET', '127.0.0.1', '[]', '2022-07-28 22:21:24', '2022-07-28 22:21:24'),
(1157, 1, 'admin/users/create', 'GET', '127.0.0.1', '[]', '2022-07-28 22:24:47', '2022-07-28 22:24:47'),
(1158, 1, 'admin/users', 'POST', '127.0.0.1', '{\"name\":null,\"username\":\"admin\",\"email\":null,\"password\":null,\"type\":\"0\",\"email_verified_at\":\"2022-07-29 04:24:47\",\"_token\":\"FjxQb8qjabtSywHEF9gN82rN8CKqEbqe4sH4JHoR\"}', '2022-07-28 22:24:53', '2022-07-28 22:24:53'),
(1159, 1, 'admin/users/create', 'GET', '127.0.0.1', '[]', '2022-07-28 22:24:54', '2022-07-28 22:24:54'),
(1160, 1, 'admin/users', 'POST', '127.0.0.1', '{\"name\":null,\"username\":\"Admin\",\"email\":null,\"password\":null,\"type\":\"0\",\"email_verified_at\":\"2022-07-29 04:24:54\",\"_token\":\"FjxQb8qjabtSywHEF9gN82rN8CKqEbqe4sH4JHoR\"}', '2022-07-28 22:25:00', '2022-07-28 22:25:00'),
(1161, 1, 'admin/users/create', 'GET', '127.0.0.1', '[]', '2022-07-28 22:25:01', '2022-07-28 22:25:01'),
(1162, 1, 'admin/users', 'GET', '127.0.0.1', '{\"_pjax\":\"#pjax-container\"}', '2022-07-28 22:25:02', '2022-07-28 22:25:02'),
(1163, 1, 'admin/users/1/edit', 'GET', '127.0.0.1', '{\"_pjax\":\"#pjax-container\"}', '2022-07-28 22:25:07', '2022-07-28 22:25:07'),
(1164, 1, 'admin/users/1', 'PUT', '127.0.0.1', '{\"name\":\"sasas\",\"username\":\"admin\",\"email\":\"abdulawalbd121@gmail.com\",\"password\":null,\"type\":\"1\",\"email_verified_at\":\"2022-07-29 04:25:07\",\"_token\":\"FjxQb8qjabtSywHEF9gN82rN8CKqEbqe4sH4JHoR\",\"_method\":\"PUT\",\"_previous_\":\"http:\\/\\/localhost:8000\\/admin\\/users\"}', '2022-07-28 22:25:10', '2022-07-28 22:25:10'),
(1165, 1, 'admin/users/1/edit', 'GET', '127.0.0.1', '[]', '2022-07-28 22:25:11', '2022-07-28 22:25:11'),
(1166, 1, 'admin/users', 'GET', '127.0.0.1', '[]', '2022-07-28 22:26:29', '2022-07-28 22:26:29'),
(1167, 1, 'admin/users/create', 'GET', '127.0.0.1', '{\"_pjax\":\"#pjax-container\"}', '2022-07-28 22:26:34', '2022-07-28 22:26:34'),
(1168, 1, 'admin/users', 'POST', '127.0.0.1', '{\"name\":null,\"username\":null,\"email\":null,\"password\":\"re\",\"type\":\"0\",\"email_verified_at\":\"2022-07-29 04:26:34\",\"_token\":\"FjxQb8qjabtSywHEF9gN82rN8CKqEbqe4sH4JHoR\",\"_previous_\":\"http:\\/\\/localhost:8000\\/admin\\/users\"}', '2022-07-28 22:26:38', '2022-07-28 22:26:38'),
(1169, 1, 'admin/users/create', 'GET', '127.0.0.1', '[]', '2022-07-28 22:26:38', '2022-07-28 22:26:38'),
(1170, 1, 'admin/users/create', 'GET', '127.0.0.1', '[]', '2022-07-28 22:27:07', '2022-07-28 22:27:07'),
(1171, 1, 'admin/users', 'POST', '127.0.0.1', '{\"name\":null,\"username\":null,\"email\":null,\"password\":\"wqwq\",\"type\":\"0\",\"email_verified_at\":\"2022-07-29 04:27:07\",\"_token\":\"FjxQb8qjabtSywHEF9gN82rN8CKqEbqe4sH4JHoR\",\"_previous_\":\"http:\\/\\/localhost:8000\\/admin\\/users\\/1\\/edit\"}', '2022-07-28 22:27:13', '2022-07-28 22:27:13'),
(1172, 1, 'admin/users/create', 'GET', '127.0.0.1', '[]', '2022-07-28 22:27:14', '2022-07-28 22:27:14'),
(1173, 1, 'admin/users', 'GET', '127.0.0.1', '{\"_pjax\":\"#pjax-container\"}', '2022-07-28 22:27:17', '2022-07-28 22:27:17'),
(1174, 1, 'admin/users/1/edit', 'GET', '127.0.0.1', '{\"_pjax\":\"#pjax-container\"}', '2022-07-28 22:27:20', '2022-07-28 22:27:20'),
(1175, 1, 'admin/users/1', 'PUT', '127.0.0.1', '{\"name\":\"sasas\",\"username\":\"admin\",\"email\":\"abdulawalbd121@gmail.com\",\"password\":null,\"type\":\"1\",\"email_verified_at\":\"2022-07-29 04:27:20\",\"_token\":\"FjxQb8qjabtSywHEF9gN82rN8CKqEbqe4sH4JHoR\",\"_method\":\"PUT\",\"_previous_\":\"http:\\/\\/localhost:8000\\/admin\\/users\"}', '2022-07-28 22:27:23', '2022-07-28 22:27:23'),
(1176, 1, 'admin/users/1/edit', 'GET', '127.0.0.1', '[]', '2022-07-28 22:27:24', '2022-07-28 22:27:24'),
(1177, 1, 'admin/users/1', 'PUT', '127.0.0.1', '{\"name\":\"sasas\",\"username\":\"admin\",\"email\":\"abdulawalbd121@gmail.com\",\"password\":\"ds\",\"type\":\"1\",\"email_verified_at\":\"2022-07-29 04:27:24\",\"_token\":\"FjxQb8qjabtSywHEF9gN82rN8CKqEbqe4sH4JHoR\",\"_method\":\"PUT\"}', '2022-07-28 22:29:29', '2022-07-28 22:29:29'),
(1178, 1, 'admin/users/1', 'PUT', '127.0.0.1', '{\"name\":\"sasas\",\"username\":\"admin\",\"email\":\"abdulawalbd121@gmail.com\",\"password\":\"ds\",\"type\":\"1\",\"email_verified_at\":\"2022-07-29 04:27:24\",\"_token\":\"FjxQb8qjabtSywHEF9gN82rN8CKqEbqe4sH4JHoR\",\"_method\":\"PUT\"}', '2022-07-28 22:29:43', '2022-07-28 22:29:43'),
(1179, 1, 'admin/users', 'GET', '127.0.0.1', '{\"_pjax\":\"#pjax-container\"}', '2022-07-28 22:32:54', '2022-07-28 22:32:54'),
(1180, 1, 'admin/users/create', 'GET', '127.0.0.1', '{\"_pjax\":\"#pjax-container\"}', '2022-07-28 22:32:55', '2022-07-28 22:32:55'),
(1181, 1, 'admin/users', 'GET', '127.0.0.1', '{\"_pjax\":\"#pjax-container\"}', '2022-07-28 22:32:58', '2022-07-28 22:32:58'),
(1182, 1, 'admin/users/1/edit', 'GET', '127.0.0.1', '{\"_pjax\":\"#pjax-container\"}', '2022-07-28 22:33:00', '2022-07-28 22:33:00'),
(1183, 1, 'admin/users/1', 'PUT', '127.0.0.1', '{\"name\":\"sasas\",\"username\":\"admin\",\"email\":\"abdulawalbd121@gmail.com\",\"type\":\"1\",\"password\":null,\"email_verified_at\":\"2022-07-29 04:33:00\",\"_token\":\"FjxQb8qjabtSywHEF9gN82rN8CKqEbqe4sH4JHoR\",\"_method\":\"PUT\",\"_previous_\":\"http:\\/\\/localhost:8000\\/admin\\/users\"}', '2022-07-28 22:33:02', '2022-07-28 22:33:02'),
(1184, 1, 'admin/users/1/edit', 'GET', '127.0.0.1', '[]', '2022-07-28 22:33:02', '2022-07-28 22:33:02'),
(1185, 1, 'admin/users', 'GET', '127.0.0.1', '{\"_pjax\":\"#pjax-container\"}', '2022-07-28 22:33:06', '2022-07-28 22:33:06'),
(1186, 1, 'admin/users/1/edit', 'GET', '127.0.0.1', '{\"_pjax\":\"#pjax-container\"}', '2022-07-28 22:33:30', '2022-07-28 22:33:30'),
(1187, 1, 'admin/users/1', 'PUT', '127.0.0.1', '{\"name\":\"sasas\",\"username\":\"admin\",\"email\":\"abdulawalbd121@gmail.com\",\"type\":\"1\",\"password\":null,\"email_verified_at\":\"2022-07-29 04:33:30\",\"_token\":\"FjxQb8qjabtSywHEF9gN82rN8CKqEbqe4sH4JHoR\",\"_method\":\"PUT\",\"_previous_\":\"http:\\/\\/localhost:8000\\/admin\\/users\"}', '2022-07-28 22:35:41', '2022-07-28 22:35:41'),
(1188, 1, 'admin/auth/users', 'GET', '127.0.0.1', '{\"_pjax\":\"#pjax-container\"}', '2022-07-28 22:39:31', '2022-07-28 22:39:31'),
(1189, 1, 'admin/auth/users/create', 'GET', '127.0.0.1', '{\"_pjax\":\"#pjax-container\"}', '2022-07-28 22:39:33', '2022-07-28 22:39:33'),
(1190, 1, 'admin/users', 'GET', '127.0.0.1', '{\"_pjax\":\"#pjax-container\"}', '2022-07-28 22:41:05', '2022-07-28 22:41:05'),
(1191, 1, 'admin/users/create', 'GET', '127.0.0.1', '{\"_pjax\":\"#pjax-container\"}', '2022-07-28 22:41:06', '2022-07-28 22:41:06'),
(1192, 1, 'admin/users/create', 'GET', '127.0.0.1', '[]', '2022-07-28 22:41:17', '2022-07-28 22:41:17'),
(1193, 1, 'admin/users', 'GET', '127.0.0.1', '{\"_pjax\":\"#pjax-container\"}', '2022-07-28 22:42:58', '2022-07-28 22:42:58'),
(1194, 1, 'admin/users/1/edit', 'GET', '127.0.0.1', '{\"_pjax\":\"#pjax-container\"}', '2022-07-28 22:43:01', '2022-07-28 22:43:01'),
(1195, 1, 'admin/users/1', 'PUT', '127.0.0.1', '{\"name\":\"sasas\",\"username\":\"admin\",\"email\":\"abdulawalbd121@gmail.com\",\"type\":\"1\",\"password\":null,\"password_confirmation\":\"$2y$10$VTsL3Mk.182VVXgEon6WMusPr\\/CvVWw8EML7W4Q3vnK12Cv76MbD6\",\"email_verified_at\":\"2022-07-29 04:43:01\",\"_token\":\"FjxQb8qjabtSywHEF9gN82rN8CKqEbqe4sH4JHoR\",\"_method\":\"PUT\",\"_previous_\":\"http:\\/\\/localhost:8000\\/admin\\/users\"}', '2022-07-28 22:43:51', '2022-07-28 22:43:51'),
(1196, 1, 'admin/users/1/edit', 'GET', '127.0.0.1', '[]', '2022-07-28 22:43:51', '2022-07-28 22:43:51'),
(1197, 1, 'admin/users/1', 'PUT', '127.0.0.1', '{\"name\":\"sasas\",\"username\":\"admin\",\"email\":\"abdulawalbd121@gmail.com\",\"type\":\"1\",\"password\":\"weew\",\"password_confirmation\":\"$2y$10$VTsL3Mk.182VVXgEon6WMusPr\\/CvVWw8EML7W4Q3vnK12Cv76MbD6\",\"email_verified_at\":\"2022-07-29 04:43:51\",\"_token\":\"FjxQb8qjabtSywHEF9gN82rN8CKqEbqe4sH4JHoR\",\"_method\":\"PUT\"}', '2022-07-28 22:44:27', '2022-07-28 22:44:27'),
(1198, 1, 'admin/users/1/edit', 'GET', '127.0.0.1', '[]', '2022-07-28 22:44:27', '2022-07-28 22:44:27'),
(1199, 1, 'admin/users/1', 'PUT', '127.0.0.1', '{\"name\":\"sasas\",\"username\":\"admin\",\"email\":\"abdulawalbd121@gmail.com\",\"type\":\"1\",\"password\":\"weew\",\"password_confirmation\":\"$2y$10$VTsL3Mk.182VVXgEon6WMusPr\\/CvVWw8EML7W4Q3vnK12Cv76MbD6\",\"email_verified_at\":\"2022-07-29 04:44:27\",\"_token\":\"FjxQb8qjabtSywHEF9gN82rN8CKqEbqe4sH4JHoR\",\"_method\":\"PUT\"}', '2022-07-28 22:44:55', '2022-07-28 22:44:55'),
(1200, 1, 'admin/users/1/edit', 'GET', '127.0.0.1', '[]', '2022-07-28 22:44:56', '2022-07-28 22:44:56'),
(1201, 1, 'admin/users/1', 'PUT', '127.0.0.1', '{\"name\":\"sasas\",\"username\":\"admin\",\"email\":\"abdulawalbd121@gmail.com\",\"type\":\"1\",\"password\":\"weew212121121221212121\",\"password_confirmation\":\"$2y$10$VTsL3Mk.182VVXgEon6WMusPr\\/CvVWw8EML7W4Q3vnK12Cv76MbD6\",\"email_verified_at\":\"2022-07-29 04:44:56\",\"_token\":\"FjxQb8qjabtSywHEF9gN82rN8CKqEbqe4sH4JHoR\",\"_method\":\"PUT\"}', '2022-07-28 22:45:02', '2022-07-28 22:45:02'),
(1202, 1, 'admin/users/1/edit', 'GET', '127.0.0.1', '[]', '2022-07-28 22:45:03', '2022-07-28 22:45:03'),
(1203, 1, 'admin/users/1', 'PUT', '127.0.0.1', '{\"name\":\"sasas\",\"username\":\"admin\",\"email\":\"abdulawalbd121@gmail.com\",\"type\":\"1\",\"password\":\"weew212121121221212121\",\"password_confirmation\":\"$2y$10$VTsL3Mk.182VVXgEon6WMusPr\\/CvVWw8EML7W4Q3vnK12Cv76MbD6\",\"email_verified_at\":\"2022-07-29 04:45:03\",\"_token\":\"FjxQb8qjabtSywHEF9gN82rN8CKqEbqe4sH4JHoR\",\"_method\":\"PUT\"}', '2022-07-28 22:45:14', '2022-07-28 22:45:14'),
(1204, 1, 'admin/users/1/edit', 'GET', '127.0.0.1', '[]', '2022-07-28 22:45:14', '2022-07-28 22:45:14'),
(1205, 1, 'admin/users/1', 'PUT', '127.0.0.1', '{\"name\":\"sasas\",\"username\":\"admin\",\"email\":\"abdulawalbd121@gmail.com\",\"type\":\"1\",\"password\":\"weew212121121221212121\",\"password_confirmation\":\"$2y$10$VTsL3Mk.182VVXgEon6WMusPr\\/CvVWw8EML7W4Q3vnK12Cv76MbD6\",\"email_verified_at\":\"2022-07-29 04:45:14\",\"_token\":\"FjxQb8qjabtSywHEF9gN82rN8CKqEbqe4sH4JHoR\",\"_method\":\"PUT\"}', '2022-07-28 22:45:18', '2022-07-28 22:45:18'),
(1206, 1, 'admin/users/1/edit', 'GET', '127.0.0.1', '[]', '2022-07-28 22:45:18', '2022-07-28 22:45:18'),
(1207, 1, 'admin/users/1/edit', 'GET', '127.0.0.1', '[]', '2022-07-28 22:46:07', '2022-07-28 22:46:07'),
(1208, 1, 'admin/users/1', 'PUT', '127.0.0.1', '{\"name\":\"sasas\",\"username\":\"admin\",\"email\":\"abdulawalbd121@gmail.com\",\"type\":\"1\",\"password\":\"sdds\",\"password_confirmation\":\"dsds\",\"email_verified_at\":\"2022-07-29 04:46:07\",\"_token\":\"FjxQb8qjabtSywHEF9gN82rN8CKqEbqe4sH4JHoR\",\"_method\":\"PUT\"}', '2022-07-28 22:47:09', '2022-07-28 22:47:09'),
(1209, 1, 'admin/users/1/edit', 'GET', '127.0.0.1', '{\"_pjax\":\"#pjax-container\"}', '2022-07-28 22:47:28', '2022-07-28 22:47:28'),
(1210, 1, 'admin/users/1/edit', 'GET', '127.0.0.1', '[]', '2022-07-28 22:47:29', '2022-07-28 22:47:29'),
(1211, 1, 'admin/users/1/edit', 'GET', '127.0.0.1', '[]', '2022-07-28 22:47:39', '2022-07-28 22:47:39'),
(1212, 1, 'admin/users/1', 'PUT', '127.0.0.1', '{\"name\":\"sasas\",\"username\":\"admin\",\"email\":\"abdulawalbd121@gmail.com\",\"type\":\"1\",\"password\":\"dddsds\",\"password_confirmation\":\"dsds\",\"email_verified_at\":\"2022-07-29 04:47:39\",\"_token\":\"FjxQb8qjabtSywHEF9gN82rN8CKqEbqe4sH4JHoR\",\"_method\":\"PUT\"}', '2022-07-28 22:47:49', '2022-07-28 22:47:49'),
(1213, 1, 'admin/users/1', 'GET', '127.0.0.1', '[]', '2022-07-28 22:49:09', '2022-07-28 22:49:09'),
(1214, 1, 'admin/users', 'GET', '127.0.0.1', '{\"_pjax\":\"#pjax-container\"}', '2022-07-28 22:49:18', '2022-07-28 22:49:18'),
(1215, 1, 'admin/users/1/edit', 'GET', '127.0.0.1', '{\"_pjax\":\"#pjax-container\"}', '2022-07-28 22:49:20', '2022-07-28 22:49:20'),
(1216, 1, 'admin/users/1/edit', 'GET', '127.0.0.1', '[]', '2022-07-28 22:52:37', '2022-07-28 22:52:37'),
(1217, 1, 'admin/users/1/edit', 'GET', '127.0.0.1', '[]', '2022-07-28 22:55:29', '2022-07-28 22:55:29'),
(1218, 1, 'admin/users', 'GET', '127.0.0.1', '{\"_pjax\":\"#pjax-container\"}', '2022-07-28 22:57:25', '2022-07-28 22:57:25'),
(1219, 1, 'admin/users/create', 'GET', '127.0.0.1', '{\"_pjax\":\"#pjax-container\"}', '2022-07-28 22:57:26', '2022-07-28 22:57:26'),
(1220, 1, 'admin/users', 'POST', '127.0.0.1', '{\"name\":null,\"username\":null,\"email\":null,\"type\":\"0\",\"password\":null,\"password_confirmation\":null,\"email_verified_at\":\"2022-07-29 04:57:26\",\"_token\":\"FjxQb8qjabtSywHEF9gN82rN8CKqEbqe4sH4JHoR\",\"_previous_\":\"http:\\/\\/localhost:8000\\/admin\\/users\"}', '2022-07-28 22:57:28', '2022-07-28 22:57:28'),
(1221, 1, 'admin/users/create', 'GET', '127.0.0.1', '[]', '2022-07-28 22:57:28', '2022-07-28 22:57:28'),
(1222, 1, 'admin/users', 'POST', '127.0.0.1', '{\"name\":null,\"username\":null,\"email\":null,\"type\":\"0\",\"password\":\"aaaaaaaa\",\"password_confirmation\":null,\"email_verified_at\":\"2022-07-29 04:57:28\",\"_token\":\"FjxQb8qjabtSywHEF9gN82rN8CKqEbqe4sH4JHoR\"}', '2022-07-28 22:57:35', '2022-07-28 22:57:35'),
(1223, 1, 'admin/users/create', 'GET', '127.0.0.1', '[]', '2022-07-28 22:57:35', '2022-07-28 22:57:35'),
(1224, 1, 'admin/users', 'POST', '127.0.0.1', '{\"name\":null,\"username\":null,\"email\":null,\"type\":\"0\",\"password\":\"aaaaaaaa\",\"password_confirmation\":\"aaaaaaaa\",\"email_verified_at\":\"2022-07-29 04:57:35\",\"_token\":\"FjxQb8qjabtSywHEF9gN82rN8CKqEbqe4sH4JHoR\"}', '2022-07-28 22:57:40', '2022-07-28 22:57:40'),
(1225, 1, 'admin/users/create', 'GET', '127.0.0.1', '[]', '2022-07-28 22:57:41', '2022-07-28 22:57:41'),
(1226, 1, 'admin/users/create', 'GET', '127.0.0.1', '[]', '2022-07-28 23:03:05', '2022-07-28 23:03:05'),
(1227, 1, 'admin/users', 'POST', '127.0.0.1', '{\"name\":null,\"username\":null,\"email\":null,\"type\":\"0\",\"password\":null,\"password_confirmation\":null,\"email_verified_at\":\"2022-07-29 05:03:05\",\"_token\":\"FjxQb8qjabtSywHEF9gN82rN8CKqEbqe4sH4JHoR\",\"_previous_\":\"http:\\/\\/localhost:8000\\/admin\\/users\\/1\\/edit\"}', '2022-07-28 23:03:11', '2022-07-28 23:03:11'),
(1228, 1, 'admin/users/create', 'GET', '127.0.0.1', '[]', '2022-07-28 23:03:11', '2022-07-28 23:03:11'),
(1229, 1, 'admin/users', 'GET', '127.0.0.1', '{\"_pjax\":\"#pjax-container\"}', '2022-07-28 23:03:16', '2022-07-28 23:03:16'),
(1230, 1, 'admin/users/1/edit', 'GET', '127.0.0.1', '{\"_pjax\":\"#pjax-container\"}', '2022-07-28 23:03:18', '2022-07-28 23:03:18'),
(1231, 1, 'admin/users/1', 'PUT', '127.0.0.1', '{\"name\":\"sasas\",\"username\":\"admin\",\"email\":\"abdulawalbd121@gmail.com\",\"type\":\"1\",\"password\":null,\"password_confirmation\":null,\"email_verified_at\":\"2022-07-29 05:03:18\",\"_token\":\"FjxQb8qjabtSywHEF9gN82rN8CKqEbqe4sH4JHoR\",\"_method\":\"PUT\",\"_previous_\":\"http:\\/\\/localhost:8000\\/admin\\/users\"}', '2022-07-28 23:03:19', '2022-07-28 23:03:19'),
(1232, 1, 'admin/users/1/edit', 'GET', '127.0.0.1', '[]', '2022-07-28 23:03:20', '2022-07-28 23:03:20'),
(1233, 1, 'admin/users/1', 'PUT', '127.0.0.1', '{\"name\":\"sasas\",\"username\":\"admin\",\"email\":\"abdulawalbd121@gmail.com\",\"type\":\"1\",\"password\":null,\"password_confirmation\":null,\"email_verified_at\":\"2022-07-29 05:03:20\",\"_token\":\"FjxQb8qjabtSywHEF9gN82rN8CKqEbqe4sH4JHoR\",\"_method\":\"PUT\"}', '2022-07-28 23:04:23', '2022-07-28 23:04:23'),
(1234, 1, 'admin/users/1/edit', 'GET', '127.0.0.1', '[]', '2022-07-28 23:04:25', '2022-07-28 23:04:25'),
(1235, 1, 'admin/users', 'GET', '127.0.0.1', '{\"_pjax\":\"#pjax-container\"}', '2022-07-28 23:06:03', '2022-07-28 23:06:03'),
(1236, 1, 'admin/users/1/edit', 'GET', '127.0.0.1', '{\"_pjax\":\"#pjax-container\"}', '2022-07-28 23:06:06', '2022-07-28 23:06:06'),
(1237, 1, 'admin/users/1', 'PUT', '127.0.0.1', '{\"name\":\"sasas\",\"username\":\"admin\",\"email\":\"abdulawalbd121@gmail.com\",\"type\":\"1\",\"password\":null,\"password_confirmation\":null,\"email_verified_at\":\"2022-07-29 05:06:06\",\"_token\":\"FjxQb8qjabtSywHEF9gN82rN8CKqEbqe4sH4JHoR\",\"_method\":\"PUT\",\"_previous_\":\"http:\\/\\/localhost:8000\\/admin\\/users\"}', '2022-07-28 23:06:09', '2022-07-28 23:06:09'),
(1238, 1, 'admin/users/1/edit', 'GET', '127.0.0.1', '[]', '2022-07-28 23:06:09', '2022-07-28 23:06:09'),
(1239, 1, 'admin/users/1', 'PUT', '127.0.0.1', '{\"name\":\"sasas\",\"username\":\"admin\",\"email\":\"abdulawalbd121@gmail.com\",\"type\":\"1\",\"password\":\"11111111\",\"password_confirmation\":\"11111111\",\"email_verified_at\":\"2022-07-29 05:06:09\",\"_token\":\"FjxQb8qjabtSywHEF9gN82rN8CKqEbqe4sH4JHoR\",\"_method\":\"PUT\"}', '2022-07-28 23:07:13', '2022-07-28 23:07:13'),
(1240, 1, 'admin/users/1/edit', 'GET', '127.0.0.1', '[]', '2022-07-28 23:07:14', '2022-07-28 23:07:14'),
(1241, 1, 'admin/users/1', 'PUT', '127.0.0.1', '{\"name\":\"sasas\",\"username\":\"admin\",\"email\":\"abdulawalbd121@gmail.com\",\"type\":\"1\",\"password\":\"11111111\",\"password_confirmation\":\"11111111\",\"email_verified_at\":\"2022-07-29 05:07:14\",\"_token\":\"FjxQb8qjabtSywHEF9gN82rN8CKqEbqe4sH4JHoR\",\"_method\":\"PUT\"}', '2022-07-28 23:07:27', '2022-07-28 23:07:27'),
(1242, 1, 'admin/users', 'GET', '127.0.0.1', '[]', '2022-07-28 23:07:27', '2022-07-28 23:07:27'),
(1243, 1, 'admin/users/1/edit', 'GET', '127.0.0.1', '{\"_pjax\":\"#pjax-container\"}', '2022-07-28 23:07:46', '2022-07-28 23:07:46'),
(1244, 1, 'admin/users', 'GET', '127.0.0.1', '{\"_pjax\":\"#pjax-container\"}', '2022-07-28 23:10:26', '2022-07-28 23:10:26'),
(1245, 1, 'admin/users/create', 'GET', '127.0.0.1', '{\"_pjax\":\"#pjax-container\"}', '2022-07-28 23:10:27', '2022-07-28 23:10:27'),
(1246, 1, 'admin/users', 'POST', '127.0.0.1', '{\"name\":null,\"username\":null,\"email\":null,\"type\":\"0\",\"password\":null,\"password_confirmation\":null,\"email_verified_at\":\"2022-07-29 05:10:27\",\"_token\":\"FjxQb8qjabtSywHEF9gN82rN8CKqEbqe4sH4JHoR\",\"_previous_\":\"http:\\/\\/localhost:8000\\/admin\\/users\"}', '2022-07-28 23:10:29', '2022-07-28 23:10:29'),
(1247, 1, 'admin/users/create', 'GET', '127.0.0.1', '[]', '2022-07-28 23:10:29', '2022-07-28 23:10:29'),
(1248, 1, 'admin/users', 'POST', '127.0.0.1', '{\"name\":null,\"username\":null,\"email\":null,\"type\":\"0\",\"password\":\"dsdssdds\",\"password_confirmation\":null,\"email_verified_at\":\"2022-07-29 05:10:29\",\"_token\":\"FjxQb8qjabtSywHEF9gN82rN8CKqEbqe4sH4JHoR\"}', '2022-07-28 23:11:32', '2022-07-28 23:11:32'),
(1249, 1, 'admin/users', 'POST', '127.0.0.1', '{\"name\":null,\"username\":null,\"email\":null,\"type\":\"0\",\"password\":\"dsdssdds\",\"password_confirmation\":null,\"email_verified_at\":\"2022-07-29 05:10:29\",\"_token\":\"FjxQb8qjabtSywHEF9gN82rN8CKqEbqe4sH4JHoR\"}', '2022-07-28 23:11:46', '2022-07-28 23:11:46'),
(1250, 1, 'admin/users', 'GET', '127.0.0.1', '[]', '2022-07-28 23:11:47', '2022-07-28 23:11:47'),
(1251, 1, 'admin/users/1/edit', 'GET', '127.0.0.1', '{\"_pjax\":\"#pjax-container\"}', '2022-07-28 23:12:09', '2022-07-28 23:12:09'),
(1252, 1, 'admin/users/1', 'PUT', '127.0.0.1', '{\"name\":\"sasas\",\"username\":\"admin\",\"email\":\"abdulawalbd121@gmail.com\",\"type\":\"1\",\"password\":\"dsds\",\"password_confirmation\":null,\"email_verified_at\":\"2022-07-29T05:07:14.000000Z\",\"_token\":\"FjxQb8qjabtSywHEF9gN82rN8CKqEbqe4sH4JHoR\",\"_method\":\"PUT\",\"_previous_\":\"http:\\/\\/localhost:8000\\/admin\\/users\"}', '2022-07-28 23:12:12', '2022-07-28 23:12:12'),
(1253, 1, 'admin/users/1', 'PUT', '127.0.0.1', '{\"name\":\"sasas\",\"username\":\"admin\",\"email\":\"abdulawalbd121@gmail.com\",\"type\":\"1\",\"password\":\"dsds\",\"password_confirmation\":null,\"email_verified_at\":\"2022-07-29T05:07:14.000000Z\",\"_token\":\"FjxQb8qjabtSywHEF9gN82rN8CKqEbqe4sH4JHoR\",\"_method\":\"PUT\",\"_previous_\":\"http:\\/\\/localhost:8000\\/admin\\/users\"}', '2022-07-28 23:12:25', '2022-07-28 23:12:25'),
(1254, 1, 'admin/users/1', 'PUT', '127.0.0.1', '{\"name\":\"sasas\",\"username\":\"admin\",\"email\":\"abdulawalbd121@gmail.com\",\"type\":\"1\",\"password\":\"dsds\",\"password_confirmation\":null,\"email_verified_at\":\"2022-07-29T05:07:14.000000Z\",\"_token\":\"FjxQb8qjabtSywHEF9gN82rN8CKqEbqe4sH4JHoR\",\"_method\":\"PUT\",\"_previous_\":\"http:\\/\\/localhost:8000\\/admin\\/users\"}', '2022-07-28 23:14:36', '2022-07-28 23:14:36'),
(1255, 1, 'admin/users/1', 'PUT', '127.0.0.1', '{\"name\":\"sasas\",\"username\":\"admin\",\"email\":\"abdulawalbd121@gmail.com\",\"type\":\"1\",\"password\":\"dsds\",\"password_confirmation\":null,\"email_verified_at\":\"2022-07-29T05:07:14.000000Z\",\"_token\":\"FjxQb8qjabtSywHEF9gN82rN8CKqEbqe4sH4JHoR\",\"_method\":\"PUT\",\"_previous_\":\"http:\\/\\/localhost:8000\\/admin\\/users\"}', '2022-07-28 23:17:41', '2022-07-28 23:17:41'),
(1256, 1, 'admin/users/1', 'GET', '127.0.0.1', '[]', '2022-07-28 23:17:58', '2022-07-28 23:17:58'),
(1257, 1, 'admin/users', 'GET', '127.0.0.1', '{\"_pjax\":\"#pjax-container\"}', '2022-07-28 23:18:02', '2022-07-28 23:18:02'),
(1258, 1, 'admin/users/1/edit', 'GET', '127.0.0.1', '{\"_pjax\":\"#pjax-container\"}', '2022-07-28 23:18:05', '2022-07-28 23:18:05'),
(1259, 1, 'admin/users/1', 'PUT', '127.0.0.1', '{\"name\":\"sasas\",\"username\":\"admin\",\"email\":\"abdulawalbd121@gmail.com\",\"type\":\"1\",\"password\":\"abdulawalbd121@gmail.com\",\"password_confirmation\":\"abdulawalbd121@gmail.com\",\"email_verified_at\":\"2022-07-29T05:07:14.000000Z\",\"_token\":\"FjxQb8qjabtSywHEF9gN82rN8CKqEbqe4sH4JHoR\",\"_method\":\"PUT\",\"_previous_\":\"http:\\/\\/localhost:8000\\/admin\\/users\"}', '2022-07-28 23:18:10', '2022-07-28 23:18:10'),
(1260, 1, 'admin/users', 'GET', '127.0.0.1', '[]', '2022-07-28 23:18:11', '2022-07-28 23:18:11'),
(1261, 1, 'admin/auth/users', 'GET', '127.0.0.1', '{\"_pjax\":\"#pjax-container\"}', '2022-07-28 23:20:57', '2022-07-28 23:20:57'),
(1262, 1, 'admin/auth/users/1/edit', 'GET', '127.0.0.1', '{\"_pjax\":\"#pjax-container\"}', '2022-07-28 23:20:59', '2022-07-28 23:20:59'),
(1263, 1, 'admin/auth/users', 'GET', '127.0.0.1', '{\"_pjax\":\"#pjax-container\"}', '2022-07-28 23:21:07', '2022-07-28 23:21:07'),
(1264, 1, 'admin/users', 'GET', '127.0.0.1', '{\"_pjax\":\"#pjax-container\"}', '2022-07-28 23:24:03', '2022-07-28 23:24:03'),
(1265, 1, 'admin/users/1/edit', 'GET', '127.0.0.1', '{\"_pjax\":\"#pjax-container\"}', '2022-07-28 23:24:05', '2022-07-28 23:24:05'),
(1266, 1, 'admin/users/1/edit', 'GET', '127.0.0.1', '[]', '2022-07-28 23:24:22', '2022-07-28 23:24:22'),
(1267, 1, 'admin/users/1', 'PUT', '127.0.0.1', '{\"name\":\"sasas\",\"username\":\"admin\",\"email\":\"abdulawalbd121@gmail.com\",\"type\":\"1\",\"password\":\"$2y$10$l4j5H7qXEBQ.cqGPTlCBAeUET7htaLf7Nf9RKmG8\\/UKX8VVrGAX\\/W\",\"password_confirmation\":\"$2y$10$l4j5H7qXEBQ.cqGPTlCBAeUET7htaLf7Nf9RKmG8\\/UKX8VVrGAX\\/W\",\"email_verified_at\":\"2022-07-29T05:07:14.000000Z\",\"_token\":\"FjxQb8qjabtSywHEF9gN82rN8CKqEbqe4sH4JHoR\",\"_method\":\"PUT\"}', '2022-07-28 23:24:27', '2022-07-28 23:24:27'),
(1268, 1, 'admin/users', 'GET', '127.0.0.1', '[]', '2022-07-28 23:24:28', '2022-07-28 23:24:28'),
(1269, 1, 'admin/users/1/edit', 'GET', '127.0.0.1', '{\"_pjax\":\"#pjax-container\"}', '2022-07-28 23:24:30', '2022-07-28 23:24:30'),
(1270, 1, 'admin/users/1', 'PUT', '127.0.0.1', '{\"name\":\"sasas\",\"username\":\"admin\",\"email\":\"abdulawalbd121@gmail.com\",\"type\":\"1\",\"password\":\"$2y$10$l4j5H7qXEBQ.cqGPTlCBAeUET7htaLf7Nf9RKmG8\\/UKX8VVrGAX\\/W\",\"password_confirmation\":\"$2y$10$l4j5H7qXEBQ.cqGPTlCBAeUET7htaLf7Nf9RKmG8\\/UKX8VVrGAX\\/W\",\"email_verified_at\":\"2022-07-29T05:07:14.000000Z\",\"_token\":\"FjxQb8qjabtSywHEF9gN82rN8CKqEbqe4sH4JHoR\",\"_method\":\"PUT\",\"_previous_\":\"http:\\/\\/localhost:8000\\/admin\\/users\"}', '2022-07-28 23:24:31', '2022-07-28 23:24:31'),
(1271, 1, 'admin/users', 'GET', '127.0.0.1', '[]', '2022-07-28 23:24:32', '2022-07-28 23:24:32'),
(1272, 1, 'admin/users/1/edit', 'GET', '127.0.0.1', '{\"_pjax\":\"#pjax-container\"}', '2022-07-28 23:24:34', '2022-07-28 23:24:34'),
(1273, 1, 'admin/users/1', 'PUT', '127.0.0.1', '{\"name\":\"sasas\",\"username\":\"admin\",\"email\":\"abdulawalbd121@gmail.com\",\"type\":\"1\",\"password\":\"11111111\",\"password_confirmation\":\"11111111\",\"email_verified_at\":\"2022-07-29T05:07:14.000000Z\",\"_token\":\"FjxQb8qjabtSywHEF9gN82rN8CKqEbqe4sH4JHoR\",\"_method\":\"PUT\",\"_previous_\":\"http:\\/\\/localhost:8000\\/admin\\/users\"}', '2022-07-28 23:25:05', '2022-07-28 23:25:05'),
(1274, 1, 'admin/users', 'GET', '127.0.0.1', '[]', '2022-07-28 23:25:05', '2022-07-28 23:25:05'),
(1275, 1, 'admin/users/1/edit', 'GET', '127.0.0.1', '{\"_pjax\":\"#pjax-container\"}', '2022-07-28 23:30:48', '2022-07-28 23:30:48'),
(1276, 1, 'admin/users/1/edit', 'GET', '127.0.0.1', '[]', '2022-07-28 23:36:51', '2022-07-28 23:36:51'),
(1277, 1, 'admin/users/1', 'PUT', '127.0.0.1', '{\"name\":\"sasas\",\"username\":\"admin\",\"email\":\"abdulawalbd121@gmail.com\",\"type\":\"1\",\"venue_id\":[\"1\",\"2\",null],\"password\":\"$2y$10$H4tKE8g65tRli4qRmKvMduXS5cwwE6LUOX5tQxUgN3kTwOzeIbX16\",\"password_confirmation\":\"$2y$10$H4tKE8g65tRli4qRmKvMduXS5cwwE6LUOX5tQxUgN3kTwOzeIbX16\",\"email_verified_at\":\"2022-07-29T05:07:14.000000Z\",\"_token\":\"FjxQb8qjabtSywHEF9gN82rN8CKqEbqe4sH4JHoR\",\"_method\":\"PUT\"}', '2022-07-28 23:37:49', '2022-07-28 23:37:49'),
(1278, 1, 'admin/users', 'GET', '127.0.0.1', '[]', '2022-07-28 23:37:50', '2022-07-28 23:37:50'),
(1279, 1, 'admin/users/1/edit', 'GET', '127.0.0.1', '{\"_pjax\":\"#pjax-container\"}', '2022-07-28 23:38:03', '2022-07-28 23:38:03'),
(1280, 1, 'admin/users/1', 'PUT', '127.0.0.1', '{\"name\":\"sasas\",\"username\":\"admin\",\"email\":\"abdulawalbd121@gmail.com\",\"type\":\"1\",\"venue_id\":[\"1\",\"2\",null],\"password\":\"$2y$10$H4tKE8g65tRli4qRmKvMduXS5cwwE6LUOX5tQxUgN3kTwOzeIbX16\",\"password_confirmation\":\"$2y$10$H4tKE8g65tRli4qRmKvMduXS5cwwE6LUOX5tQxUgN3kTwOzeIbX16\",\"email_verified_at\":\"2022-07-29T05:07:14.000000Z\",\"_token\":\"FjxQb8qjabtSywHEF9gN82rN8CKqEbqe4sH4JHoR\",\"_method\":\"PUT\",\"_previous_\":\"http:\\/\\/localhost:8000\\/admin\\/users\"}', '2022-07-28 23:38:11', '2022-07-28 23:38:11'),
(1281, 1, 'admin/users', 'GET', '127.0.0.1', '[]', '2022-07-28 23:38:12', '2022-07-28 23:38:12'),
(1282, 1, 'admin/users/1/edit', 'GET', '127.0.0.1', '{\"_pjax\":\"#pjax-container\"}', '2022-07-28 23:38:18', '2022-07-28 23:38:18'),
(1283, 1, 'admin/venues', 'GET', '127.0.0.1', '{\"_pjax\":\"#pjax-container\"}', '2022-07-28 23:39:14', '2022-07-28 23:39:14'),
(1284, 1, 'admin/venues/1/edit', 'GET', '127.0.0.1', '{\"_pjax\":\"#pjax-container\"}', '2022-07-28 23:39:15', '2022-07-28 23:39:15'),
(1285, 1, 'admin/users', 'GET', '127.0.0.1', '{\"_pjax\":\"#pjax-container\"}', '2022-07-28 23:41:33', '2022-07-28 23:41:33'),
(1286, 1, 'admin/users/1/edit', 'GET', '127.0.0.1', '{\"_pjax\":\"#pjax-container\"}', '2022-07-28 23:41:35', '2022-07-28 23:41:35'),
(1287, 1, 'admin/users/1', 'PUT', '127.0.0.1', '{\"name\":\"sasas\",\"username\":\"admin\",\"email\":\"abdulawalbd121@gmail.com\",\"type\":\"1\",\"venue_id\":[\"2\",null],\"password\":\"$2y$10$H4tKE8g65tRli4qRmKvMduXS5cwwE6LUOX5tQxUgN3kTwOzeIbX16\",\"password_confirmation\":\"$2y$10$H4tKE8g65tRli4qRmKvMduXS5cwwE6LUOX5tQxUgN3kTwOzeIbX16\",\"email_verified_at\":\"2022-07-29T05:07:14.000000Z\",\"_token\":\"FjxQb8qjabtSywHEF9gN82rN8CKqEbqe4sH4JHoR\",\"_method\":\"PUT\",\"_previous_\":\"http:\\/\\/localhost:8000\\/admin\\/users\"}', '2022-07-28 23:41:43', '2022-07-28 23:41:43'),
(1288, 1, 'admin/users', 'GET', '127.0.0.1', '[]', '2022-07-28 23:41:44', '2022-07-28 23:41:44'),
(1289, 1, 'admin/users/1/edit', 'GET', '127.0.0.1', '{\"_pjax\":\"#pjax-container\"}', '2022-07-28 23:41:51', '2022-07-28 23:41:51'),
(1290, 1, 'admin/users/1', 'PUT', '127.0.0.1', '{\"name\":\"sasas\",\"username\":\"admin\",\"email\":\"abdulawalbd121@gmail.com\",\"type\":\"1\",\"venue_id\":[\"1\",\"2\",null],\"password\":\"$2y$10$H4tKE8g65tRli4qRmKvMduXS5cwwE6LUOX5tQxUgN3kTwOzeIbX16\",\"password_confirmation\":\"$2y$10$H4tKE8g65tRli4qRmKvMduXS5cwwE6LUOX5tQxUgN3kTwOzeIbX16\",\"email_verified_at\":\"2022-07-29T05:07:14.000000Z\",\"_token\":\"FjxQb8qjabtSywHEF9gN82rN8CKqEbqe4sH4JHoR\",\"_method\":\"PUT\",\"_previous_\":\"http:\\/\\/localhost:8000\\/admin\\/users\"}', '2022-07-28 23:41:54', '2022-07-28 23:41:54'),
(1291, 1, 'admin/users', 'GET', '127.0.0.1', '[]', '2022-07-28 23:41:54', '2022-07-28 23:41:54'),
(1292, 1, 'admin/users/2/edit', 'GET', '127.0.0.1', '{\"_pjax\":\"#pjax-container\"}', '2022-07-28 23:42:01', '2022-07-28 23:42:01'),
(1293, 1, 'admin/users/2', 'PUT', '127.0.0.1', '{\"name\":\"sddsds\",\"username\":\"dsds\",\"email\":\"dssd@gmail.com\",\"type\":\"0\",\"venue_id\":[\"1\",null],\"password\":\"$2y$10$tvDqLB0RrqFBn0y\\/Nr750.N7meC8ls9PNxg.zqMG4hEg4TBL63MdO\",\"password_confirmation\":\"$2y$10$tvDqLB0RrqFBn0y\\/Nr750.N7meC8ls9PNxg.zqMG4hEg4TBL63MdO\",\"email_verified_at\":\"2022-07-29 05:42:01\",\"_token\":\"FjxQb8qjabtSywHEF9gN82rN8CKqEbqe4sH4JHoR\",\"_method\":\"PUT\",\"_previous_\":\"http:\\/\\/localhost:8000\\/admin\\/users\"}', '2022-07-28 23:42:05', '2022-07-28 23:42:05'),
(1294, 1, 'admin/users', 'GET', '127.0.0.1', '[]', '2022-07-28 23:42:05', '2022-07-28 23:42:05'),
(1295, 1, 'admin/users/2/edit', 'GET', '127.0.0.1', '{\"_pjax\":\"#pjax-container\"}', '2022-07-28 23:42:10', '2022-07-28 23:42:10'),
(1296, 1, 'admin/users/2/edit', 'GET', '127.0.0.1', '[]', '2022-07-28 23:44:40', '2022-07-28 23:44:40'),
(1297, 1, 'admin/users/2', 'PUT', '127.0.0.1', '{\"name\":\"sddsds\",\"username\":\"dsds\",\"email\":\"dssd@gmail.com\",\"type\":\"0\",\"password\":\"$2y$10$tvDqLB0RrqFBn0y\\/Nr750.N7meC8ls9PNxg.zqMG4hEg4TBL63MdO\",\"password_confirmation\":\"$2y$10$tvDqLB0RrqFBn0y\\/Nr750.N7meC8ls9PNxg.zqMG4hEg4TBL63MdO\",\"email_verified_at\":\"2022-07-29T05:42:01.000000Z\",\"_token\":\"FjxQb8qjabtSywHEF9gN82rN8CKqEbqe4sH4JHoR\",\"_method\":\"PUT\",\"_previous_\":\"http:\\/\\/localhost:8000\\/admin\\/users\\/1\\/edit\"}', '2022-07-28 23:44:55', '2022-07-28 23:44:55'),
(1298, 1, 'admin/users/1/edit', 'GET', '127.0.0.1', '[]', '2022-07-28 23:44:56', '2022-07-28 23:44:56'),
(1299, 1, 'admin/users/1', 'PUT', '127.0.0.1', '{\"name\":\"sasas\",\"username\":\"admin\",\"email\":\"abdulawalbd121@gmail.com\",\"type\":\"0\",\"password\":\"$2y$10$H4tKE8g65tRli4qRmKvMduXS5cwwE6LUOX5tQxUgN3kTwOzeIbX16\",\"password_confirmation\":\"$2y$10$H4tKE8g65tRli4qRmKvMduXS5cwwE6LUOX5tQxUgN3kTwOzeIbX16\",\"email_verified_at\":\"2022-07-29T05:07:14.000000Z\",\"_token\":\"FjxQb8qjabtSywHEF9gN82rN8CKqEbqe4sH4JHoR\",\"_method\":\"PUT\",\"_previous_\":\"http:\\/\\/localhost:8000\\/admin\\/users\\/2\\/edit\"}', '2022-07-28 23:45:03', '2022-07-28 23:45:03'),
(1300, 1, 'admin/users/2/edit', 'GET', '127.0.0.1', '[]', '2022-07-28 23:45:03', '2022-07-28 23:45:03'),
(1301, 1, 'admin/users', 'GET', '127.0.0.1', '{\"_pjax\":\"#pjax-container\"}', '2022-07-28 23:45:07', '2022-07-28 23:45:07'),
(1302, 1, 'admin/users/1/edit', 'GET', '127.0.0.1', '{\"_pjax\":\"#pjax-container\"}', '2022-07-28 23:45:10', '2022-07-28 23:45:10'),
(1303, 1, 'admin/users/1', 'PUT', '127.0.0.1', '{\"name\":\"sasas\",\"username\":\"admin\",\"email\":\"abdulawalbd121@gmail.com\",\"type\":\"0\",\"password\":\"$2y$10$H4tKE8g65tRli4qRmKvMduXS5cwwE6LUOX5tQxUgN3kTwOzeIbX16\",\"password_confirmation\":\"$2y$10$H4tKE8g65tRli4qRmKvMduXS5cwwE6LUOX5tQxUgN3kTwOzeIbX16\",\"email_verified_at\":\"2022-07-29T05:07:14.000000Z\",\"_token\":\"FjxQb8qjabtSywHEF9gN82rN8CKqEbqe4sH4JHoR\",\"_method\":\"PUT\",\"_previous_\":\"http:\\/\\/localhost:8000\\/admin\\/users\"}', '2022-07-28 23:45:12', '2022-07-28 23:45:12'),
(1304, 1, 'admin/users', 'GET', '127.0.0.1', '[]', '2022-07-28 23:45:13', '2022-07-28 23:45:13'),
(1305, 1, 'admin/users/1/edit', 'GET', '127.0.0.1', '{\"_pjax\":\"#pjax-container\"}', '2022-07-28 23:45:15', '2022-07-28 23:45:15'),
(1306, 1, 'admin/users/1', 'PUT', '127.0.0.1', '{\"name\":\"sasas\",\"username\":\"admin\",\"email\":\"abdulawalbd121@gmail.com\",\"type\":\"1\",\"venue_id\":[\"1\",\"2\",null],\"password\":\"$2y$10$H4tKE8g65tRli4qRmKvMduXS5cwwE6LUOX5tQxUgN3kTwOzeIbX16\",\"password_confirmation\":\"$2y$10$H4tKE8g65tRli4qRmKvMduXS5cwwE6LUOX5tQxUgN3kTwOzeIbX16\",\"email_verified_at\":\"2022-07-29T05:07:14.000000Z\",\"_token\":\"FjxQb8qjabtSywHEF9gN82rN8CKqEbqe4sH4JHoR\",\"_method\":\"PUT\",\"_previous_\":\"http:\\/\\/localhost:8000\\/admin\\/users\"}', '2022-07-28 23:45:19', '2022-07-28 23:45:19'),
(1307, 1, 'admin/users', 'GET', '127.0.0.1', '[]', '2022-07-28 23:45:19', '2022-07-28 23:45:19'),
(1308, 1, 'admin/users/2/edit', 'GET', '127.0.0.1', '{\"_pjax\":\"#pjax-container\"}', '2022-07-28 23:45:22', '2022-07-28 23:45:22'),
(1309, 1, 'admin/users/2', 'PUT', '127.0.0.1', '{\"name\":\"sddsds\",\"username\":\"dsds\",\"email\":\"dssd@gmail.com\",\"type\":\"1\",\"venue_id\":[\"1\",null],\"password\":\"$2y$10$tvDqLB0RrqFBn0y\\/Nr750.N7meC8ls9PNxg.zqMG4hEg4TBL63MdO\",\"password_confirmation\":\"$2y$10$tvDqLB0RrqFBn0y\\/Nr750.N7meC8ls9PNxg.zqMG4hEg4TBL63MdO\",\"email_verified_at\":\"2022-07-29T05:42:01.000000Z\",\"_token\":\"FjxQb8qjabtSywHEF9gN82rN8CKqEbqe4sH4JHoR\",\"_method\":\"PUT\",\"_previous_\":\"http:\\/\\/localhost:8000\\/admin\\/users\"}', '2022-07-28 23:45:24', '2022-07-28 23:45:24'),
(1310, 1, 'admin/users', 'GET', '127.0.0.1', '[]', '2022-07-28 23:45:25', '2022-07-28 23:45:25'),
(1311, 1, 'admin/users/2/edit', 'GET', '127.0.0.1', '{\"_pjax\":\"#pjax-container\"}', '2022-07-28 23:45:27', '2022-07-28 23:45:27'),
(1312, 1, 'admin/users/2', 'PUT', '127.0.0.1', '{\"name\":\"sddsds\",\"username\":\"dsds\",\"email\":\"dssd@gmail.com\",\"type\":\"0\",\"password\":\"$2y$10$tvDqLB0RrqFBn0y\\/Nr750.N7meC8ls9PNxg.zqMG4hEg4TBL63MdO\",\"password_confirmation\":\"$2y$10$tvDqLB0RrqFBn0y\\/Nr750.N7meC8ls9PNxg.zqMG4hEg4TBL63MdO\",\"email_verified_at\":\"2022-07-29T05:42:01.000000Z\",\"_token\":\"FjxQb8qjabtSywHEF9gN82rN8CKqEbqe4sH4JHoR\",\"_method\":\"PUT\",\"_previous_\":\"http:\\/\\/localhost:8000\\/admin\\/users\"}', '2022-07-28 23:45:30', '2022-07-28 23:45:30'),
(1313, 1, 'admin/users', 'GET', '127.0.0.1', '[]', '2022-07-28 23:45:30', '2022-07-28 23:45:30'),
(1314, 1, 'admin/users/1/edit', 'GET', '127.0.0.1', '{\"_pjax\":\"#pjax-container\"}', '2022-07-28 23:46:23', '2022-07-28 23:46:23'),
(1315, 1, 'admin/users/1', 'PUT', '127.0.0.1', '{\"name\":\"sasas\",\"username\":\"admin\",\"email\":\"abdulawalbd121@gmail.com\",\"type\":\"0\",\"password\":\"$2y$10$H4tKE8g65tRli4qRmKvMduXS5cwwE6LUOX5tQxUgN3kTwOzeIbX16\",\"password_confirmation\":\"$2y$10$H4tKE8g65tRli4qRmKvMduXS5cwwE6LUOX5tQxUgN3kTwOzeIbX16\",\"email_verified_at\":\"2022-07-29T05:07:14.000000Z\",\"_token\":\"FjxQb8qjabtSywHEF9gN82rN8CKqEbqe4sH4JHoR\",\"_method\":\"PUT\",\"_previous_\":\"http:\\/\\/localhost:8000\\/admin\\/users\"}', '2022-07-28 23:46:26', '2022-07-28 23:46:26'),
(1316, 1, 'admin/users', 'GET', '127.0.0.1', '[]', '2022-07-28 23:46:26', '2022-07-28 23:46:26'),
(1317, 1, 'admin/users/2/edit', 'GET', '127.0.0.1', '{\"_pjax\":\"#pjax-container\"}', '2022-07-28 23:47:26', '2022-07-28 23:47:26'),
(1318, 1, 'admin/users/2', 'PUT', '127.0.0.1', '{\"name\":\"sddsds\",\"username\":\"dsds\",\"email\":\"dssd@gmail.com\",\"type\":\"0\",\"password\":\"$2y$10$tvDqLB0RrqFBn0y\\/Nr750.N7meC8ls9PNxg.zqMG4hEg4TBL63MdO\",\"password_confirmation\":\"$2y$10$tvDqLB0RrqFBn0y\\/Nr750.N7meC8ls9PNxg.zqMG4hEg4TBL63MdO\",\"email_verified_at\":\"2022-07-29T05:42:01.000000Z\",\"_token\":\"FjxQb8qjabtSywHEF9gN82rN8CKqEbqe4sH4JHoR\",\"_method\":\"PUT\",\"_previous_\":\"http:\\/\\/localhost:8000\\/admin\\/users\"}', '2022-07-28 23:47:30', '2022-07-28 23:47:30'),
(1319, 1, 'admin/users', 'GET', '127.0.0.1', '[]', '2022-07-28 23:47:30', '2022-07-28 23:47:30'),
(1320, 1, 'admin/users/2/edit', 'GET', '127.0.0.1', '{\"_pjax\":\"#pjax-container\"}', '2022-07-28 23:47:45', '2022-07-28 23:47:45'),
(1321, 1, 'admin/users/2', 'PUT', '127.0.0.1', '{\"name\":\"sddsds\",\"username\":\"dsds\",\"email\":\"dssd@gmail.com\",\"type\":\"0\",\"password\":\"$2y$10$tvDqLB0RrqFBn0y\\/Nr750.N7meC8ls9PNxg.zqMG4hEg4TBL63MdO\",\"password_confirmation\":\"$2y$10$tvDqLB0RrqFBn0y\\/Nr750.N7meC8ls9PNxg.zqMG4hEg4TBL63MdO\",\"email_verified_at\":\"2022-07-29T05:42:01.000000Z\",\"_token\":\"FjxQb8qjabtSywHEF9gN82rN8CKqEbqe4sH4JHoR\",\"_method\":\"PUT\",\"_previous_\":\"http:\\/\\/localhost:8000\\/admin\\/users\"}', '2022-07-28 23:47:46', '2022-07-28 23:47:46'),
(1322, 1, 'admin/users', 'GET', '127.0.0.1', '[]', '2022-07-28 23:47:47', '2022-07-28 23:47:47'),
(1323, 1, 'admin/users/1/edit', 'GET', '127.0.0.1', '{\"_pjax\":\"#pjax-container\"}', '2022-07-28 23:48:28', '2022-07-28 23:48:28'),
(1324, 1, 'admin/users/1', 'PUT', '127.0.0.1', '{\"name\":\"sasas\",\"username\":\"admin\",\"email\":\"abdulawalbd121@gmail.com\",\"type\":\"0\",\"password\":\"$2y$10$H4tKE8g65tRli4qRmKvMduXS5cwwE6LUOX5tQxUgN3kTwOzeIbX16\",\"password_confirmation\":\"$2y$10$H4tKE8g65tRli4qRmKvMduXS5cwwE6LUOX5tQxUgN3kTwOzeIbX16\",\"email_verified_at\":\"2022-07-29T05:07:14.000000Z\",\"_token\":\"FjxQb8qjabtSywHEF9gN82rN8CKqEbqe4sH4JHoR\",\"_method\":\"PUT\",\"_previous_\":\"http:\\/\\/localhost:8000\\/admin\\/users\"}', '2022-07-28 23:48:30', '2022-07-28 23:48:30'),
(1325, 1, 'admin/users', 'GET', '127.0.0.1', '[]', '2022-07-28 23:48:30', '2022-07-28 23:48:30'),
(1326, 1, 'admin/users/2/edit', 'GET', '127.0.0.1', '{\"_pjax\":\"#pjax-container\"}', '2022-07-28 23:48:36', '2022-07-28 23:48:36'),
(1327, 1, 'admin/users/2', 'PUT', '127.0.0.1', '{\"name\":\"sddsds\",\"username\":\"dsds\",\"email\":\"dssd@gmail.com\",\"type\":\"0\",\"password\":\"$2y$10$tvDqLB0RrqFBn0y\\/Nr750.N7meC8ls9PNxg.zqMG4hEg4TBL63MdO\",\"password_confirmation\":\"$2y$10$tvDqLB0RrqFBn0y\\/Nr750.N7meC8ls9PNxg.zqMG4hEg4TBL63MdO\",\"email_verified_at\":\"2022-07-29T05:42:01.000000Z\",\"_token\":\"FjxQb8qjabtSywHEF9gN82rN8CKqEbqe4sH4JHoR\",\"_method\":\"PUT\",\"_previous_\":\"http:\\/\\/localhost:8000\\/admin\\/users\"}', '2022-07-28 23:48:38', '2022-07-28 23:48:38'),
(1328, 1, 'admin/users', 'GET', '127.0.0.1', '[]', '2022-07-28 23:48:38', '2022-07-28 23:48:38'),
(1329, 1, 'admin/users/1/edit', 'GET', '127.0.0.1', '{\"_pjax\":\"#pjax-container\"}', '2022-07-28 23:49:08', '2022-07-28 23:49:08'),
(1330, 1, 'admin/users/1', 'PUT', '127.0.0.1', '{\"name\":\"sasas\",\"username\":\"admin\",\"email\":\"abdulawalbd121@gmail.com\",\"type\":\"1\",\"venue_id\":[\"1\",\"2\",null],\"password\":\"$2y$10$H4tKE8g65tRli4qRmKvMduXS5cwwE6LUOX5tQxUgN3kTwOzeIbX16\",\"password_confirmation\":\"$2y$10$H4tKE8g65tRli4qRmKvMduXS5cwwE6LUOX5tQxUgN3kTwOzeIbX16\",\"email_verified_at\":\"2022-07-29T05:07:14.000000Z\",\"_token\":\"FjxQb8qjabtSywHEF9gN82rN8CKqEbqe4sH4JHoR\",\"_method\":\"PUT\",\"_previous_\":\"http:\\/\\/localhost:8000\\/admin\\/users\"}', '2022-07-28 23:49:13', '2022-07-28 23:49:13'),
(1331, 1, 'admin/users', 'GET', '127.0.0.1', '[]', '2022-07-28 23:49:13', '2022-07-28 23:49:13'),
(1332, 1, 'admin/users/1/edit', 'GET', '127.0.0.1', '{\"_pjax\":\"#pjax-container\"}', '2022-07-28 23:49:19', '2022-07-28 23:49:19'),
(1333, 1, 'admin/users/1', 'PUT', '127.0.0.1', '{\"name\":\"sasas\",\"username\":\"admin\",\"email\":\"abdulawalbd121@gmail.com\",\"type\":\"1\",\"venue_id\":[\"1\",\"2\",null],\"password\":\"$2y$10$H4tKE8g65tRli4qRmKvMduXS5cwwE6LUOX5tQxUgN3kTwOzeIbX16\",\"password_confirmation\":\"$2y$10$H4tKE8g65tRli4qRmKvMduXS5cwwE6LUOX5tQxUgN3kTwOzeIbX16\",\"email_verified_at\":\"2022-07-29T05:07:14.000000Z\",\"_token\":\"FjxQb8qjabtSywHEF9gN82rN8CKqEbqe4sH4JHoR\",\"_method\":\"PUT\",\"_previous_\":\"http:\\/\\/localhost:8000\\/admin\\/users\"}', '2022-07-28 23:49:21', '2022-07-28 23:49:21'),
(1334, 1, 'admin/users', 'GET', '127.0.0.1', '[]', '2022-07-28 23:49:21', '2022-07-28 23:49:21'),
(1335, 1, 'admin/users/2/edit', 'GET', '127.0.0.1', '{\"_pjax\":\"#pjax-container\"}', '2022-07-28 23:49:23', '2022-07-28 23:49:23'),
(1336, 1, 'admin/users/2', 'PUT', '127.0.0.1', '{\"name\":\"sddsds\",\"username\":\"dsds\",\"email\":\"dssd@gmail.com\",\"type\":\"1\",\"venue_id\":[\"1\",null],\"password\":\"$2y$10$tvDqLB0RrqFBn0y\\/Nr750.N7meC8ls9PNxg.zqMG4hEg4TBL63MdO\",\"password_confirmation\":\"$2y$10$tvDqLB0RrqFBn0y\\/Nr750.N7meC8ls9PNxg.zqMG4hEg4TBL63MdO\",\"email_verified_at\":\"2022-07-29T05:42:01.000000Z\",\"_token\":\"FjxQb8qjabtSywHEF9gN82rN8CKqEbqe4sH4JHoR\",\"_method\":\"PUT\",\"_previous_\":\"http:\\/\\/localhost:8000\\/admin\\/users\"}', '2022-07-28 23:49:27', '2022-07-28 23:49:27'),
(1337, 1, 'admin/users', 'GET', '127.0.0.1', '[]', '2022-07-28 23:49:28', '2022-07-28 23:49:28'),
(1338, 1, 'admin/users/2/edit', 'GET', '127.0.0.1', '{\"_pjax\":\"#pjax-container\"}', '2022-07-28 23:49:33', '2022-07-28 23:49:33'),
(1339, 1, 'admin/users/2', 'PUT', '127.0.0.1', '{\"name\":\"sddsds\",\"username\":\"dsds\",\"email\":\"dssd@gmail.com\",\"type\":\"0\",\"password\":\"$2y$10$tvDqLB0RrqFBn0y\\/Nr750.N7meC8ls9PNxg.zqMG4hEg4TBL63MdO\",\"password_confirmation\":\"$2y$10$tvDqLB0RrqFBn0y\\/Nr750.N7meC8ls9PNxg.zqMG4hEg4TBL63MdO\",\"email_verified_at\":\"2022-07-29T05:42:01.000000Z\",\"_token\":\"FjxQb8qjabtSywHEF9gN82rN8CKqEbqe4sH4JHoR\",\"_method\":\"PUT\",\"_previous_\":\"http:\\/\\/localhost:8000\\/admin\\/users\"}', '2022-07-28 23:49:35', '2022-07-28 23:49:35'),
(1340, 1, 'admin/users', 'GET', '127.0.0.1', '[]', '2022-07-28 23:49:35', '2022-07-28 23:49:35'),
(1341, 1, 'admin', 'GET', '127.0.0.1', '{\"_pjax\":\"#pjax-container\"}', '2022-07-28 23:51:18', '2022-07-28 23:51:18'),
(1342, 1, 'admin/users', 'GET', '127.0.0.1', '{\"_pjax\":\"#pjax-container\"}', '2022-07-28 23:51:50', '2022-07-28 23:51:50'),
(1343, 1, 'admin/users/1/edit', 'GET', '127.0.0.1', '{\"_pjax\":\"#pjax-container\"}', '2022-07-28 23:51:53', '2022-07-28 23:51:53'),
(1344, 1, 'admin/users/1', 'PUT', '127.0.0.1', '{\"name\":\"sasas\",\"username\":\"admin\",\"email\":\"abdulawalbd121@gmail.com\",\"type\":\"1\",\"venue_id\":[\"1\",\"2\",null],\"password\":\"$2y$10$H4tKE8g65tRli4qRmKvMduXS5cwwE6LUOX5tQxUgN3kTwOzeIbX16\",\"password_confirmation\":\"$2y$10$H4tKE8g65tRli4qRmKvMduXS5cwwE6LUOX5tQxUgN3kTwOzeIbX16\",\"email_verified_at\":\"2022-07-29T05:07:14.000000Z\",\"_token\":\"FjxQb8qjabtSywHEF9gN82rN8CKqEbqe4sH4JHoR\",\"_method\":\"PUT\",\"_previous_\":\"http:\\/\\/localhost:8000\\/admin\\/users\"}', '2022-07-28 23:51:55', '2022-07-28 23:51:55'),
(1345, 1, 'admin/users', 'GET', '127.0.0.1', '[]', '2022-07-28 23:51:56', '2022-07-28 23:51:56'),
(1346, 1, 'admin/users/1/edit', 'GET', '127.0.0.1', '{\"_pjax\":\"#pjax-container\"}', '2022-07-28 23:51:58', '2022-07-28 23:51:58'),
(1347, 1, 'admin/users/1', 'PUT', '127.0.0.1', '{\"name\":\"sasas\",\"username\":\"admin\",\"email\":\"abdulawalbd121@gmail.com\",\"type\":\"0\",\"password\":\"$2y$10$H4tKE8g65tRli4qRmKvMduXS5cwwE6LUOX5tQxUgN3kTwOzeIbX16\",\"password_confirmation\":\"$2y$10$H4tKE8g65tRli4qRmKvMduXS5cwwE6LUOX5tQxUgN3kTwOzeIbX16\",\"email_verified_at\":\"2022-07-29T05:07:14.000000Z\",\"_token\":\"FjxQb8qjabtSywHEF9gN82rN8CKqEbqe4sH4JHoR\",\"_method\":\"PUT\",\"_previous_\":\"http:\\/\\/localhost:8000\\/admin\\/users\"}', '2022-07-28 23:52:07', '2022-07-28 23:52:07'),
(1348, 1, 'admin/users', 'GET', '127.0.0.1', '[]', '2022-07-28 23:52:07', '2022-07-28 23:52:07'),
(1349, 1, 'admin/users/1/edit', 'GET', '127.0.0.1', '{\"_pjax\":\"#pjax-container\"}', '2022-07-28 23:55:14', '2022-07-28 23:55:14'),
(1350, 1, 'admin/users/1', 'PUT', '127.0.0.1', '{\"name\":\"sasas\",\"username\":\"admin\",\"email\":\"abdulawalbd121@gmail.com\",\"type\":\"1\",\"venue_id\":[\"1\",\"2\",null],\"password\":\"$2y$10$H4tKE8g65tRli4qRmKvMduXS5cwwE6LUOX5tQxUgN3kTwOzeIbX16\",\"password_confirmation\":\"$2y$10$H4tKE8g65tRli4qRmKvMduXS5cwwE6LUOX5tQxUgN3kTwOzeIbX16\",\"email_verified_at\":\"2022-07-29T05:07:14.000000Z\",\"_token\":\"FjxQb8qjabtSywHEF9gN82rN8CKqEbqe4sH4JHoR\",\"_method\":\"PUT\",\"_previous_\":\"http:\\/\\/localhost:8000\\/admin\\/users\"}', '2022-07-28 23:55:20', '2022-07-28 23:55:20'),
(1351, 1, 'admin/users', 'GET', '127.0.0.1', '[]', '2022-07-28 23:55:20', '2022-07-28 23:55:20'),
(1352, 1, 'admin', 'GET', '127.0.0.1', '{\"_pjax\":\"#pjax-container\"}', '2022-07-28 23:55:27', '2022-07-28 23:55:27'),
(1353, 1, 'admin/auth/login', 'GET', '127.0.0.1', '[]', '2022-07-29 03:11:35', '2022-07-29 03:11:35'),
(1354, 1, 'admin', 'GET', '127.0.0.1', '[]', '2022-07-29 03:11:36', '2022-07-29 03:11:36'),
(1355, 1, 'admin/users', 'GET', '127.0.0.1', '{\"_pjax\":\"#pjax-container\"}', '2022-07-29 03:11:43', '2022-07-29 03:11:43'),
(1356, 1, 'admin/users/1/edit', 'GET', '127.0.0.1', '{\"_pjax\":\"#pjax-container\"}', '2022-07-29 03:11:48', '2022-07-29 03:11:48'),
(1357, 1, 'admin/users/1', 'PUT', '127.0.0.1', '{\"name\":\"sasas\",\"username\":\"admin\",\"email\":\"abdulawalbd121@gmail.com\",\"type\":\"1\",\"venue_id\":[\"1\",null],\"password\":\"$2y$10$H4tKE8g65tRli4qRmKvMduXS5cwwE6LUOX5tQxUgN3kTwOzeIbX16\",\"password_confirmation\":\"$2y$10$H4tKE8g65tRli4qRmKvMduXS5cwwE6LUOX5tQxUgN3kTwOzeIbX16\",\"email_verified_at\":\"2022-07-29T05:07:14.000000Z\",\"_token\":\"fVmyO5JM3glxhS79gIhM0y56jVCpAoXBJJHlo64g\",\"_method\":\"PUT\",\"_previous_\":\"http:\\/\\/localhost:8000\\/admin\\/users\"}', '2022-07-29 03:11:53', '2022-07-29 03:11:53'),
(1358, 1, 'admin/users', 'GET', '127.0.0.1', '[]', '2022-07-29 03:11:53', '2022-07-29 03:11:53'),
(1359, 1, 'admin/users/1/edit', 'GET', '127.0.0.1', '{\"_pjax\":\"#pjax-container\"}', '2022-07-29 03:12:05', '2022-07-29 03:12:05');
INSERT INTO `admin_operation_log` (`id`, `user_id`, `path`, `method`, `ip`, `input`, `created_at`, `updated_at`) VALUES
(1360, 1, 'admin/users/1', 'PUT', '127.0.0.1', '{\"name\":\"sasas\",\"username\":\"admin\",\"email\":\"abdulawalbd121@gmail.com\",\"type\":\"1\",\"venue_id\":[\"1\",\"2\",null],\"password\":\"$2y$10$H4tKE8g65tRli4qRmKvMduXS5cwwE6LUOX5tQxUgN3kTwOzeIbX16\",\"password_confirmation\":\"$2y$10$H4tKE8g65tRli4qRmKvMduXS5cwwE6LUOX5tQxUgN3kTwOzeIbX16\",\"email_verified_at\":\"2022-07-29T05:07:14.000000Z\",\"_token\":\"fVmyO5JM3glxhS79gIhM0y56jVCpAoXBJJHlo64g\",\"_method\":\"PUT\",\"_previous_\":\"http:\\/\\/localhost:8000\\/admin\\/users\"}', '2022-07-29 03:12:09', '2022-07-29 03:12:09'),
(1361, 1, 'admin/users', 'GET', '127.0.0.1', '[]', '2022-07-29 03:12:09', '2022-07-29 03:12:09'),
(1362, 1, 'admin/users/1/edit', 'GET', '127.0.0.1', '{\"_pjax\":\"#pjax-container\"}', '2022-07-29 03:12:13', '2022-07-29 03:12:13'),
(1363, 1, 'admin/auth/login', 'GET', '127.0.0.1', '[]', '2022-07-29 05:17:30', '2022-07-29 05:17:30'),
(1364, 1, 'admin', 'GET', '127.0.0.1', '[]', '2022-07-29 05:17:31', '2022-07-29 05:17:31'),
(1365, 1, 'admin/venues', 'GET', '127.0.0.1', '{\"_pjax\":\"#pjax-container\"}', '2022-07-29 05:20:40', '2022-07-29 05:20:40'),
(1366, 1, 'admin/venues/create', 'GET', '127.0.0.1', '{\"_pjax\":\"#pjax-container\"}', '2022-07-29 05:20:42', '2022-07-29 05:20:42'),
(1367, 1, 'admin/load-api/districts', 'GET', '127.0.0.1', '{\"q\":\"2\"}', '2022-07-29 05:27:37', '2022-07-29 05:27:37'),
(1368, 1, 'admin/load-api/cities', 'GET', '127.0.0.1', '{\"q\":\"12\"}', '2022-07-29 05:27:37', '2022-07-29 05:27:37'),
(1369, 1, 'admin/load-api/cities', 'GET', '127.0.0.1', '{\"q\":\"16\"}', '2022-07-29 05:27:41', '2022-07-29 05:27:41'),
(1370, 1, 'admin/venues', 'POST', '127.0.0.1', '{\"name\":\"Radisson\",\"description\":\"<h3><strong>Things To Know<\\/strong><\\/h3><h4><strong>Approach<\\/strong><\\/h4><p><br><\\/p><p class=\\\"ql-align-justify\\\">Radisson Gurgaon is an extremely beautiful property with all the necessary amenities. It is located near Delhi International Airport in Gurgaon, thus making it easily commutable. Radisson Gurgaon, Udyh all the necessary amenities. It is located near Delhi International Airport in Gurgaon, thus making it easily commutable. Radisson Gurgaon, Udyog Vihar III, stands for generosity and sophistication.<\\/p><p class=\\\"ql-align-justify\\\"><br><\\/p><h4><strong>Ambience<\\/strong><\\/h4><p><br><\\/p><p class=\\\"ql-align-justify\\\">Radisson in Udyog Vihar has everything to organize your ceremonies easily and meet with all your party or banqueting needs &amp; demands to make your occasion an enjoyable experience for you and your famivent spaces like the beautiful banquet halls, smashing poolside venue, airy terrace space, and huge lawn space. The hotel is equipped to organize any kind of function, however, big or small it may be.<\\/p><p class=\\\"ql-align-justify\\\"><br><\\/p><h4><strong>Food and Service<\\/strong><\\/h4><p><br><\\/p><p class=\\\"ql-align-justify\\\">Radisson in Udyog Vihar offers you with its extravagant services to make your event a successful endeavor and make sure that you and your guests\' needs are fulfilled. Their in-house caterers offer an&nbsp;single aspect of your wedding will be taken care of. They put their best efforts to understand and fulfill all your expectations to deliver maximum customer satisfaction with their excellent services.<\\/p><p class=\\\"ql-align-justify\\\"><br><\\/p><h4><strong>Known For<\\/strong><\\/h4><p><br><\\/p><p class=\\\"ql-align-justify\\\">Radisson is well known for its great hospitality and services which is handled by efficient staff and management who would do everything catering to all your needs with the utmost care and courtesy. T&nbsp;do everything catering to all your needs with the utmost care and courtesy. They offer venue spaces to hold many events to celebrate various occasions and ensure that everyone has a great experience.<\\/p><p class=\\\"ql-align-justify\\\"><br><\\/p><h4><strong>Best suited for<\\/strong><\\/h4><ul><li>Anniversary<\\/li><li>Birthday Party<\\/li><li>Cocktail Party<\\/li><li>Conference<\\/li><li>Corporate Party<\\/li><li>Engagement<\\/li><li>First Birthday Party<\\/li><li>Meeting<\\/li><li>Party<\\/li><li>Pool Party<\\/li><li>Reception<\\/li><li>Social Gathering<\\/li><li>Team Building<\\/li><li>Wedding<\\/li><\\/ul><p><br><\\/p><h4><strong>Cuisines<\\/strong><\\/h4><ul><li>Multi Cuisine<\\/li><li>Social Function Menu<\\/li><li>High Tea Menu<\\/li><\\/ul><p><br><\\/p><h4><strong>Terms and Conditions<\\/strong><\\/h4><ul><li>All Government applicable taxes will be applied.<\\/li><li>All Venue Rules Apply.<\\/li><\\/ul><p class=\\\"ql-align-justify\\\"><br><\\/p><p><br><\\/p>\",\"categories\":[\"9\",null],\"occasions\":[\"1\",\"2\",\"8\",null],\"amenities\":[\"1\",\"2\",\"4\",\"7\",\"9\",\"13\",\"17\",\"34\",null],\"price_type\":\"per-day\",\"price\":\"50000\",\"capacity\":\"5000\",\"division_id\":\"2\",\"district_id\":\"16\",\"city_id\":\"145\",\"is_enabled\":\"on\",\"created_by\":\"1\",\"_token\":\"fVmyO5JM3glxhS79gIhM0y56jVCpAoXBJJHlo64g\",\"after-save\":\"2\",\"_previous_\":\"http:\\/\\/localhost:8000\\/admin\\/venues\"}', '2022-07-29 05:27:58', '2022-07-29 05:27:58'),
(1371, 1, 'admin/venues/create', 'GET', '127.0.0.1', '[]', '2022-07-29 05:27:58', '2022-07-29 05:27:58'),
(1372, 1, 'admin/venues', 'GET', '127.0.0.1', '{\"_pjax\":\"#pjax-container\"}', '2022-07-29 05:29:09', '2022-07-29 05:29:09'),
(1373, 1, 'admin/venues/1/edit', 'GET', '127.0.0.1', '{\"_pjax\":\"#pjax-container\"}', '2022-07-29 05:29:11', '2022-07-29 05:29:11'),
(1374, 1, 'admin/load-api/districts', 'GET', '127.0.0.1', '{\"q\":\"6\"}', '2022-07-29 05:29:25', '2022-07-29 05:29:25'),
(1375, 1, 'admin/load-api/cities', 'GET', '127.0.0.1', '{\"q\":null}', '2022-07-29 05:29:25', '2022-07-29 05:29:25'),
(1376, 1, 'admin/load-api/districts', 'GET', '127.0.0.1', '{\"q\":\"2\"}', '2022-07-29 05:29:26', '2022-07-29 05:29:26'),
(1377, 1, 'admin/load-api/cities', 'GET', '127.0.0.1', '{\"q\":\"16\"}', '2022-07-29 05:29:27', '2022-07-29 05:29:27'),
(1378, 1, 'admin/venues/1', 'PUT', '127.0.0.1', '{\"name\":\"Radisson\",\"description\":\"<h4><strong>Approach<\\/strong><\\/h4><p><br><\\/p><p class=\\\"ql-align-justify\\\">Radisson Gurgaon is an extremely beautiful property with all the necessary amenities. It is located near Delhi International Airport in Gurgaon, thus making it easily commutable. Radisson Gurgaon, Udyh all the necessary amenities. It is located near Delhi International Airport in Gurgaon, thus making it easily commutable. Radisson Gurgaon, Udyog Vihar III, stands for generosity and sophistication.<\\/p><p class=\\\"ql-align-justify\\\"><br><\\/p><h4><strong>Ambience<\\/strong><\\/h4><p><br><\\/p><p class=\\\"ql-align-justify\\\">Radisson in Udyog Vihar has everything to organize your ceremonies easily and meet with all your party or banqueting needs &amp; demands to make your occasion an enjoyable experience for you and your famivent spaces like the beautiful banquet halls, smashing poolside venue, airy terrace space, and huge lawn space. The hotel is equipped to organize any kind of function, however, big or small it may be.<\\/p><p class=\\\"ql-align-justify\\\"><br><\\/p><h4><strong>Food and Service<\\/strong><\\/h4><p><br><\\/p><p class=\\\"ql-align-justify\\\">Radisson in Udyog Vihar offers you with its extravagant services to make your event a successful endeavor and make sure that you and your guests\' needs are fulfilled. Their in-house caterers offer an&nbsp;single aspect of your wedding will be taken care of. They put their best efforts to understand and fulfill all your expectations to deliver maximum customer satisfaction with their excellent services.<\\/p><p class=\\\"ql-align-justify\\\"><br><\\/p><h4><strong>Known For<\\/strong><\\/h4><p><br><\\/p><p class=\\\"ql-align-justify\\\">Radisson is well known for its great hospitality and services which is handled by efficient staff and management who would do everything catering to all your needs with the utmost care and courtesy. T&nbsp;do everything catering to all your needs with the utmost care and courtesy. They offer venue spaces to hold many events to celebrate various occasions and ensure that everyone has a great experience.<\\/p><p class=\\\"ql-align-justify\\\"><br><\\/p><h4><strong>Best suited for<\\/strong><\\/h4><ul><li>Anniversary<\\/li><li>Birthday Party<\\/li><li>Cocktail Party<\\/li><li>Conference<\\/li><li>Corporate Party<\\/li><li>Engagement<\\/li><li>First Birthday Party<\\/li><li>Meeting<\\/li><li>Party<\\/li><li>Pool Party<\\/li><li>Reception<\\/li><li>Social Gathering<\\/li><li>Team Building<\\/li><li>Wedding<\\/li><\\/ul><p><br><\\/p><h4><strong>Cuisines<\\/strong><\\/h4><ul><li>Multi Cuisine<\\/li><li>Social Function Menu<\\/li><li>High Tea Menu<\\/li><\\/ul><p><br><\\/p><h4><strong>Terms and Conditions<\\/strong><\\/h4><ul><li>All Government applicable taxes will be applied.<\\/li><li>All Venue Rules Apply.<\\/li><\\/ul><p class=\\\"ql-align-justify\\\"><br><\\/p><p><br><\\/p>\",\"categories\":[\"9\",null],\"occasions\":[\"1\",\"2\",\"8\",null],\"amenities\":[\"1\",\"2\",\"4\",\"7\",\"9\",\"13\",\"17\",\"34\",null],\"price_type\":\"per-day\",\"price\":\"50000.00\",\"capacity\":\"5000\",\"division_id\":\"2\",\"district_id\":\"16\",\"city_id\":\"146\",\"is_enabled\":\"on\",\"updated_by\":\"1\",\"_token\":\"fVmyO5JM3glxhS79gIhM0y56jVCpAoXBJJHlo64g\",\"_method\":\"PUT\",\"_previous_\":\"http:\\/\\/localhost:8000\\/admin\\/venues\"}', '2022-07-29 05:29:32', '2022-07-29 05:29:32'),
(1379, 1, 'admin/venues', 'GET', '127.0.0.1', '[]', '2022-07-29 05:29:33', '2022-07-29 05:29:33'),
(1380, 1, 'admin/venues/create', 'GET', '127.0.0.1', '{\"_pjax\":\"#pjax-container\"}', '2022-07-29 05:29:37', '2022-07-29 05:29:37'),
(1381, 1, 'admin/venues', 'GET', '127.0.0.1', '{\"_pjax\":\"#pjax-container\"}', '2022-07-29 05:29:43', '2022-07-29 05:29:43'),
(1382, 1, 'admin/venues/1/edit', 'GET', '127.0.0.1', '{\"_pjax\":\"#pjax-container\"}', '2022-07-29 05:29:45', '2022-07-29 05:29:45'),
(1383, 1, 'admin/venues/1', 'PUT', '127.0.0.1', '{\"name\":\"Radisson\",\"description\":\"<h4><strong>Approach<\\/strong><\\/h4><p><br><\\/p><p class=\\\"ql-align-justify\\\">Radisson Gurgaon is an extremely beautiful property with all the necessary amenities. It is located near Delhi International Airport in Gurgaon, thus making it easily commutable. Radisson Gurgaon, Udyh all the necessary amenities. It is located near Delhi International Airport in Gurgaon, thus making it easily commutable. Radisson Gurgaon, Udyog Vihar III, stands for generosity and sophistication.<\\/p><p class=\\\"ql-align-justify\\\"><br><\\/p><h4><strong>Ambience<\\/strong><\\/h4><p><br><\\/p><p class=\\\"ql-align-justify\\\">Radisson in Udyog Vihar has everything to organize your ceremonies easily and meet with all your party or banqueting needs &amp; demands to make your occasion an enjoyable experience for you and your famivent spaces like the beautiful banquet halls, smashing poolside venue, airy terrace space, and huge lawn space. The hotel is equipped to organize any kind of function, however, big or small it may be.<\\/p><p class=\\\"ql-align-justify\\\"><br><\\/p><h4><strong>Food and Service<\\/strong><\\/h4><p><br><\\/p><p class=\\\"ql-align-justify\\\">Radisson in Udyog Vihar offers you with its extravagant services to make your event a successful endeavor and make sure that you and your guests\' needs are fulfilled. Their in-house caterers offer an&nbsp;single aspect of your wedding will be taken care of. They put their best efforts to understand and fulfill all your expectations to deliver maximum customer satisfaction with their excellent services.<\\/p><p class=\\\"ql-align-justify\\\"><br><\\/p><h4><strong>Known For<\\/strong><\\/h4><p><br><\\/p><p class=\\\"ql-align-justify\\\">Radisson is well known for its great hospitality and services which is handled by efficient staff and management who would do everything catering to all your needs with the utmost care and courtesy. T&nbsp;do everything catering to all your needs with the utmost care and courtesy. They offer venue spaces to hold many events to celebrate various occasions and ensure that everyone has a great experience.<\\/p><p class=\\\"ql-align-justify\\\"><br><\\/p><h4><strong>Best suited for<\\/strong><\\/h4><p><br><\\/p><ul><li>Anniversary<\\/li><li>Birthday Party<\\/li><li>Cocktail Party<\\/li><li>Conference<\\/li><li>Corporate Party<\\/li><li>Engagement<\\/li><li>First Birthday Party<\\/li><li>Meeting<\\/li><li>Party<\\/li><li>Pool Party<\\/li><li>Reception<\\/li><li>Social Gathering<\\/li><li>Team Building<\\/li><li>Wedding<\\/li><\\/ul><p><br><\\/p><h4><strong>Cuisines<\\/strong><\\/h4><p><br><\\/p><ul><li>Multi Cuisine<\\/li><li>Social Function Menu<\\/li><li>High Tea Menu<\\/li><\\/ul><p><br><\\/p><h4><strong>Terms and Conditions<\\/strong><\\/h4><p><br><\\/p><ul><li>All Government applicable taxes will be applied.<\\/li><li>All Venue Rules Apply.<\\/li><\\/ul><p class=\\\"ql-align-justify\\\"><br><\\/p><p><br><\\/p>\",\"categories\":[\"9\",null],\"occasions\":[\"1\",\"2\",\"8\",null],\"amenities\":[\"1\",\"2\",\"4\",\"7\",\"9\",\"13\",\"17\",\"34\",null],\"price_type\":\"per-day\",\"price\":\"50000.00\",\"capacity\":\"5000\",\"division_id\":\"2\",\"district_id\":null,\"city_id\":null,\"is_enabled\":\"on\",\"updated_by\":\"1\",\"_token\":\"fVmyO5JM3glxhS79gIhM0y56jVCpAoXBJJHlo64g\",\"_method\":\"PUT\",\"_previous_\":\"http:\\/\\/localhost:8000\\/admin\\/venues\"}', '2022-07-29 05:30:14', '2022-07-29 05:30:14'),
(1384, 1, 'admin/venues/1/edit', 'GET', '127.0.0.1', '[]', '2022-07-29 05:30:16', '2022-07-29 05:30:16'),
(1385, 1, 'admin/load-api/districts', 'GET', '127.0.0.1', '{\"q\":\"4\"}', '2022-07-29 05:30:24', '2022-07-29 05:30:24'),
(1386, 1, 'admin/load-api/cities', 'GET', '127.0.0.1', '{\"q\":null}', '2022-07-29 05:30:25', '2022-07-29 05:30:25'),
(1387, 1, 'admin/load-api/districts', 'GET', '127.0.0.1', '{\"q\":\"2\"}', '2022-07-29 05:30:26', '2022-07-29 05:30:26'),
(1388, 1, 'admin/load-api/cities', 'GET', '127.0.0.1', '{\"q\":\"16\"}', '2022-07-29 05:30:27', '2022-07-29 05:30:27'),
(1389, 1, 'admin/venues/1', 'PUT', '127.0.0.1', '{\"name\":\"Radisson\",\"description\":\"<h4><strong>Approach<\\/strong><\\/h4><p><br><\\/p><p class=\\\"ql-align-justify\\\">Radisson Gurgaon is an extremely beautiful property with all the necessary amenities. It is located near Delhi International Airport in Gurgaon, thus making it easily commutable. Radisson Gurgaon, Udyh all the necessary amenities. It is located near Delhi International Airport in Gurgaon, thus making it easily commutable. Radisson Gurgaon, Udyog Vihar III, stands for generosity and sophistication.<\\/p><p class=\\\"ql-align-justify\\\"><br><\\/p><h4><strong>Ambience<\\/strong><\\/h4><p><br><\\/p><p class=\\\"ql-align-justify\\\">Radisson in Udyog Vihar has everything to organize your ceremonies easily and meet with all your party or banqueting needs &amp; demands to make your occasion an enjoyable experience for you and your famivent spaces like the beautiful banquet halls, smashing poolside venue, airy terrace space, and huge lawn space. The hotel is equipped to organize any kind of function, however, big or small it may be.<\\/p><p class=\\\"ql-align-justify\\\"><br><\\/p><h4><strong>Food and Service<\\/strong><\\/h4><p><br><\\/p><p class=\\\"ql-align-justify\\\">Radisson in Udyog Vihar offers you with its extravagant services to make your event a successful endeavor and make sure that you and your guests\' needs are fulfilled. Their in-house caterers offer an&nbsp;single aspect of your wedding will be taken care of. They put their best efforts to understand and fulfill all your expectations to deliver maximum customer satisfaction with their excellent services.<\\/p><p class=\\\"ql-align-justify\\\"><br><\\/p><h4><strong>Known For<\\/strong><\\/h4><p><br><\\/p><p class=\\\"ql-align-justify\\\">Radisson is well known for its great hospitality and services which is handled by efficient staff and management who would do everything catering to all your needs with the utmost care and courtesy. T&nbsp;do everything catering to all your needs with the utmost care and courtesy. They offer venue spaces to hold many events to celebrate various occasions and ensure that everyone has a great experience.<\\/p><p class=\\\"ql-align-justify\\\"><br><\\/p><h4><strong>Best suited for<\\/strong><\\/h4><p><br><\\/p><ul><li>Anniversary<\\/li><li>Birthday Party<\\/li><li>Cocktail Party<\\/li><li>Conference<\\/li><li>Corporate Party<\\/li><li>Engagement<\\/li><li>First Birthday Party<\\/li><li>Meeting<\\/li><li>Party<\\/li><li>Pool Party<\\/li><li>Reception<\\/li><li>Social Gathering<\\/li><li>Team Building<\\/li><li>Wedding<\\/li><\\/ul><p><br><\\/p><h4><strong>Cuisines<\\/strong><\\/h4><p><br><\\/p><ul><li>Multi Cuisine<\\/li><li>Social Function Menu<\\/li><li>High Tea Menu<\\/li><\\/ul><p><br><\\/p><h4><strong>Terms and Conditions<\\/strong><\\/h4><p><br><\\/p><ul><li>All Government applicable taxes will be applied.<\\/li><li>All Venue Rules Apply.<\\/li><\\/ul><p class=\\\"ql-align-justify\\\"><br><\\/p><p><br><\\/p>\",\"categories\":[\"9\",null],\"occasions\":[\"1\",\"2\",\"8\",null],\"amenities\":[\"1\",\"2\",\"4\",\"7\",\"9\",\"13\",\"17\",\"34\",null],\"price_type\":\"per-day\",\"price\":\"50000.00\",\"capacity\":\"5000\",\"division_id\":\"2\",\"district_id\":\"16\",\"city_id\":\"146\",\"is_enabled\":\"on\",\"updated_by\":\"1\",\"_token\":\"fVmyO5JM3glxhS79gIhM0y56jVCpAoXBJJHlo64g\",\"_method\":\"PUT\"}', '2022-07-29 05:30:30', '2022-07-29 05:30:30'),
(1390, 1, 'admin/venues', 'GET', '127.0.0.1', '[]', '2022-07-29 05:30:30', '2022-07-29 05:30:30'),
(1391, 1, 'admin/venues/create', 'GET', '127.0.0.1', '{\"_pjax\":\"#pjax-container\"}', '2022-07-29 05:30:32', '2022-07-29 05:30:32'),
(1392, 1, 'admin/load-api/districts', 'GET', '127.0.0.1', '{\"q\":\"6\"}', '2022-07-29 05:35:06', '2022-07-29 05:35:06'),
(1393, 1, 'admin/load-api/cities', 'GET', '127.0.0.1', '{\"q\":\"40\"}', '2022-07-29 05:35:06', '2022-07-29 05:35:06'),
(1394, 1, 'admin/load-api/cities', 'GET', '127.0.0.1', '{\"q\":\"41\"}', '2022-07-29 05:35:08', '2022-07-29 05:35:08'),
(1395, 1, 'admin/venues', 'POST', '127.0.0.1', '{\"name\":\"Essel Tower Club\",\"description\":\"<h4><strong>Approach<\\/strong><\\/h4><p><br><\\/p><p class=\\\"ql-align-justify\\\">Radisson Gurgaon is an extremely beautiful property with all the necessary amenities. It is located near Delhi International Airport in Gurgaon, thus making it easily commutable. Radisson Gurgaon, Udyh all the necessary amenities. It is located near Delhi International Airport in Gurgaon, thus making it easily commutable. Radisson Gurgaon, Udyog Vihar III, stands for generosity and sophistication.<\\/p><p class=\\\"ql-align-justify\\\"><br><\\/p><h4><strong>Ambience<\\/strong><\\/h4><p><br><\\/p><p class=\\\"ql-align-justify\\\">Radisson in Udyog Vihar has everything to organize your ceremonies easily and meet with all your party or banqueting needs &amp; demands to make your occasion an enjoyable experience for you and your famivent spaces like the beautiful banquet halls, smashing poolside venue, airy terrace space, and huge lawn space. The hotel is equipped to organize any kind of function, however, big or small it may be.<\\/p><p class=\\\"ql-align-justify\\\"><br><\\/p><h4><strong>Food and Service<\\/strong><\\/h4><p><br><\\/p><p class=\\\"ql-align-justify\\\">Radisson in Udyog Vihar offers you with its extravagant services to make your event a successful endeavor and make sure that you and your guests\' needs are fulfilled. Their in-house caterers offer an&nbsp;single aspect of your wedding will be taken care of. They put their best efforts to understand and fulfill all your expectations to deliver maximum customer satisfaction with their excellent services.<\\/p><p class=\\\"ql-align-justify\\\"><br><\\/p><h4><strong>Known For<\\/strong><\\/h4><p><br><\\/p><p class=\\\"ql-align-justify\\\">Radisson is well known for its great hospitality and services which is handled by efficient staff and management who would do everything catering to all your needs with the utmost care and courtesy. T&nbsp;do everything catering to all your needs with the utmost care and courtesy. They offer venue spaces to hold many events to celebrate various occasions and ensure that everyone has a great experience.<\\/p><p class=\\\"ql-align-justify\\\"><br><\\/p><h4><strong>Best suited for<\\/strong><\\/h4><p><br><\\/p><ul><li>Anniversary<\\/li><li>Birthday Party<\\/li><li>Cocktail Party<\\/li><li>Conference<\\/li><li>Corporate Party<\\/li><li>Engagement<\\/li><li>First Birthday Party<\\/li><li>Meeting<\\/li><li>Party<\\/li><li>Pool Party<\\/li><li>Reception<\\/li><li>Social Gathering<\\/li><li>Team Building<\\/li><li>Wedding<\\/li><\\/ul><p><br><\\/p><h4><strong>Cuisines<\\/strong><\\/h4><p><br><\\/p><ul><li>Multi Cuisine<\\/li><li>Social Function Menu<\\/li><li>High Tea Menu<\\/li><\\/ul><p><br><\\/p><h4><strong>Terms and Conditions<\\/strong><\\/h4><p><br><\\/p><ul><li>All Government applicable taxes will be applied.<\\/li><li>All Venue Rules Apply.<\\/li><\\/ul><p class=\\\"ql-align-justify\\\"><br><\\/p><p><br><\\/p>\",\"categories\":[\"8\",null],\"occasions\":[\"3\",\"6\",\"9\",\"10\",\"14\",\"15\",\"16\",null],\"amenities\":[\"1\",\"6\",\"8\",\"10\",\"18\",\"29\",\"30\",\"31\",null],\"price_type\":\"per-night\",\"price\":\"30000\",\"capacity\":\"2000\",\"division_id\":\"6\",\"district_id\":\"41\",\"city_id\":\"317\",\"is_enabled\":\"on\",\"created_by\":\"1\",\"_token\":\"fVmyO5JM3glxhS79gIhM0y56jVCpAoXBJJHlo64g\",\"_previous_\":\"http:\\/\\/localhost:8000\\/admin\\/venues\"}', '2022-07-29 05:35:39', '2022-07-29 05:35:39'),
(1396, 1, 'admin/venues', 'GET', '127.0.0.1', '[]', '2022-07-29 05:35:39', '2022-07-29 05:35:39'),
(1397, 1, 'admin/venues/2/edit', 'GET', '127.0.0.1', '{\"_pjax\":\"#pjax-container\"}', '2022-07-29 05:41:56', '2022-07-29 05:41:56'),
(1398, 1, 'admin/venues', 'GET', '127.0.0.1', '{\"_pjax\":\"#pjax-container\"}', '2022-07-29 05:42:05', '2022-07-29 05:42:05'),
(1399, 1, 'admin/venues/create', 'GET', '127.0.0.1', '{\"_pjax\":\"#pjax-container\"}', '2022-07-29 05:42:11', '2022-07-29 05:42:11'),
(1400, 1, 'admin/venues', 'GET', '127.0.0.1', '[]', '2022-07-29 05:43:56', '2022-07-29 05:43:56'),
(1401, 1, 'admin/venues/1/edit', 'GET', '127.0.0.1', '{\"_pjax\":\"#pjax-container\"}', '2022-07-29 05:44:02', '2022-07-29 05:44:02'),
(1402, 1, 'admin/load-api/districts', 'GET', '127.0.0.1', '{\"q\":\"5\"}', '2022-07-29 05:45:47', '2022-07-29 05:45:47'),
(1403, 1, 'admin/load-api/cities', 'GET', '127.0.0.1', '{\"q\":\"36\"}', '2022-07-29 05:45:47', '2022-07-29 05:45:47'),
(1404, 1, 'admin/load-api/cities', 'GET', '127.0.0.1', '{\"q\":\"39\"}', '2022-07-29 05:45:52', '2022-07-29 05:45:52'),
(1405, 1, 'admin/load-api/cities', 'GET', '127.0.0.1', '{\"q\":\"38\"}', '2022-07-29 05:45:59', '2022-07-29 05:45:59'),
(1406, 1, 'admin/venues', 'POST', '127.0.0.1', '{\"name\":\"Farm Aravalia Mangar\",\"description\":\"<h4><strong>Approach<\\/strong><\\/h4><p><br><\\/p><p class=\\\"ql-align-justify\\\">Radisson Gurgaon is an extremely beautiful property with all the necessary amenities. It is located near Delhi International Airport in Gurgaon, thus making it easily commutable. Radisson Gurgaon, Udyh all the necessary amenities. It is located near Delhi International Airport in Gurgaon, thus making it easily commutable. Radisson Gurgaon, Udyog Vihar III, stands for generosity and sophistication.<\\/p><p class=\\\"ql-align-justify\\\"><br><\\/p><h4><strong>Ambience<\\/strong><\\/h4><p><br><\\/p><p class=\\\"ql-align-justify\\\">Radisson in Udyog Vihar has everything to organize your ceremonies easily and meet with all your party or banqueting needs &amp; demands to make your occasion an enjoyable experience for you and your famivent spaces like the beautiful banquet halls, smashing poolside venue, airy terrace space, and huge lawn space. The hotel is equipped to organize any kind of function, however, big or small it may be.<\\/p><p class=\\\"ql-align-justify\\\"><br><\\/p><h4><strong>Food and Service<\\/strong><\\/h4><p><br><\\/p><p class=\\\"ql-align-justify\\\">Radisson in Udyog Vihar offers you with its extravagant services to make your event a successful endeavor and make sure that you and your guests\' needs are fulfilled. Their in-house caterers offer an&nbsp;single aspect of your wedding will be taken care of. They put their best efforts to understand and fulfill all your expectations to deliver maximum customer satisfaction with their excellent services.<\\/p><p class=\\\"ql-align-justify\\\"><br><\\/p><h4><strong>Known For<\\/strong><\\/h4><p><br><\\/p><p class=\\\"ql-align-justify\\\">Radisson is well known for its great hospitality and services which is handled by efficient staff and management who would do everything catering to all your needs with the utmost care and courtesy. T&nbsp;do everything catering to all your needs with the utmost care and courtesy. They offer venue spaces to hold many events to celebrate various occasions and ensure that everyone has a great experience.<\\/p><p class=\\\"ql-align-justify\\\"><br><\\/p><h4><strong>Best suited for<\\/strong><\\/h4><p><br><\\/p><ul><li>Anniversary<\\/li><li>Birthday Party<\\/li><li>Cocktail Party<\\/li><li>Conference<\\/li><li>Corporate Party<\\/li><li>Engagement<\\/li><li>First Birthday Party<\\/li><li>Meeting<\\/li><li>Party<\\/li><li>Pool Party<\\/li><li>Reception<\\/li><li>Social Gathering<\\/li><li>Team Building<\\/li><li>Wedding<\\/li><\\/ul><p><br><\\/p><h4><strong>Cuisines<\\/strong><\\/h4><p><br><\\/p><ul><li>Multi Cuisine<\\/li><li>Social Function Menu<\\/li><li>High Tea Menu<\\/li><\\/ul><p><br><\\/p><h4><strong>Terms and Conditions<\\/strong><\\/h4><p><br><\\/p><ul><li>All Government applicable taxes will be applied.<\\/li><li>All Venue Rules Apply.<\\/li><\\/ul>\",\"categories\":[\"6\",null],\"occasions\":[\"6\",\"7\",\"12\",\"15\",\"16\",null],\"amenities\":[\"1\",\"3\",\"4\",\"21\",\"30\",\"36\",null],\"price_type\":\"per-day\",\"price\":\"70000\",\"capacity\":\"10000\",\"division_id\":\"5\",\"district_id\":\"38\",\"city_id\":\"299\",\"is_enabled\":\"on\",\"created_by\":\"1\",\"_token\":\"fVmyO5JM3glxhS79gIhM0y56jVCpAoXBJJHlo64g\",\"after-save\":\"2\",\"_previous_\":\"http:\\/\\/localhost:8000\\/admin\\/venues\"}', '2022-07-29 05:46:20', '2022-07-29 05:46:20'),
(1407, 1, 'admin/venues/create', 'GET', '127.0.0.1', '[]', '2022-07-29 05:46:21', '2022-07-29 05:46:21'),
(1408, 1, 'admin/venues', 'GET', '127.0.0.1', '[]', '2022-07-29 05:46:53', '2022-07-29 05:46:53'),
(1409, 1, 'admin/venues/1/edit', 'GET', '127.0.0.1', '{\"_pjax\":\"#pjax-container\"}', '2022-07-29 05:46:59', '2022-07-29 05:46:59'),
(1410, 1, 'admin/venues/2/edit', 'GET', '127.0.0.1', '[]', '2022-07-29 05:47:20', '2022-07-29 05:47:20'),
(1411, 1, 'admin/venues/3/edit', 'GET', '127.0.0.1', '[]', '2022-07-29 05:47:41', '2022-07-29 05:47:41'),
(1412, 1, 'admin/load-api/districts', 'GET', '127.0.0.1', '{\"q\":\"8\"}', '2022-07-29 05:52:18', '2022-07-29 05:52:18'),
(1413, 1, 'admin/load-api/cities', 'GET', '127.0.0.1', '{\"q\":\"61\"}', '2022-07-29 05:52:18', '2022-07-29 05:52:18'),
(1414, 1, 'admin/load-api/cities', 'GET', '127.0.0.1', '{\"q\":\"63\"}', '2022-07-29 05:52:21', '2022-07-29 05:52:21'),
(1415, 1, 'admin/venues', 'POST', '127.0.0.1', '{\"name\":\"Dreams Gardens\",\"description\":\"<h4><strong>Approach<\\/strong><\\/h4><p><br><\\/p><p class=\\\"ql-align-justify\\\">Radisson Gurgaon is an extremely beautiful property with all the necessary amenities. It is located near Delhi International Airport in Gurgaon, thus making it easily commutable. Radisson Gurgaon, Udyh all the necessary amenities. It is located near Delhi International Airport in Gurgaon, thus making it easily commutable. Radisson Gurgaon, Udyog Vihar III, stands for generosity and sophistication.<\\/p><p class=\\\"ql-align-justify\\\"><br><\\/p><h4><strong>Ambience<\\/strong><\\/h4><p><br><\\/p><p class=\\\"ql-align-justify\\\">Radisson in Udyog Vihar has everything to organize your ceremonies easily and meet with all your party or banqueting needs &amp; demands to make your occasion an enjoyable experience for you and your famivent spaces like the beautiful banquet halls, smashing poolside venue, airy terrace space, and huge lawn space. The hotel is equipped to organize any kind of function, however, big or small it may be.<\\/p><p class=\\\"ql-align-justify\\\"><br><\\/p><h4><strong>Food and Service<\\/strong><\\/h4><p><br><\\/p><p class=\\\"ql-align-justify\\\">Radisson in Udyog Vihar offers you with its extravagant services to make your event a successful endeavor and make sure that you and your guests\' needs are fulfilled. Their in-house caterers offer an&nbsp;single aspect of your wedding will be taken care of. They put their best efforts to understand and fulfill all your expectations to deliver maximum customer satisfaction with their excellent services.<\\/p><p class=\\\"ql-align-justify\\\"><br><\\/p><h4><strong>Known For<\\/strong><\\/h4><p><br><\\/p><p class=\\\"ql-align-justify\\\">Radisson is well known for its great hospitality and services which is handled by efficient staff and management who would do everything catering to all your needs with the utmost care and courtesy. T&nbsp;do everything catering to all your needs with the utmost care and courtesy. They offer venue spaces to hold many events to celebrate various occasions and ensure that everyone has a great experience.<\\/p><p class=\\\"ql-align-justify\\\"><br><\\/p><h4><strong>Best suited for<\\/strong><\\/h4><p><br><\\/p><ul><li>Anniversary<\\/li><li>Birthday Party<\\/li><li>Cocktail Party<\\/li><li>Conference<\\/li><li>Corporate Party<\\/li><li>Engagement<\\/li><li>First Birthday Party<\\/li><li>Meeting<\\/li><li>Party<\\/li><li>Pool Party<\\/li><li>Reception<\\/li><li>Social Gathering<\\/li><li>Team Building<\\/li><li>Wedding<\\/li><\\/ul><p><br><\\/p><h4><strong>Cuisines<\\/strong><\\/h4><p><br><\\/p><ul><li>Multi Cuisine<\\/li><li>Social Function Menu<\\/li><li>High Tea Menu<\\/li><\\/ul><p><br><\\/p><h4><strong>Terms and Conditions<\\/strong><\\/h4><p><br><\\/p><ul><li>All Government applicable taxes will be applied.<\\/li><li>All Venue Rules Apply.<\\/li><\\/ul><p><br><\\/p>\",\"categories\":[\"4\",\"6\",\"8\",\"9\",null],\"occasions\":[\"1\",\"2\",\"4\",\"6\",\"8\",\"14\",null],\"amenities\":[\"1\",\"2\",\"3\",\"4\",\"5\",\"6\",\"7\",\"12\",\"17\",\"19\",\"20\",\"21\",\"22\",\"23\",\"24\",\"25\",\"26\",\"27\",\"28\",\"32\",\"35\",\"36\",null],\"price_type\":\"per-day\",\"price\":\"80000\",\"capacity\":\"20000\",\"division_id\":\"8\",\"district_id\":\"63\",\"city_id\":\"479\",\"is_enabled\":\"on\",\"created_by\":\"1\",\"_token\":\"fVmyO5JM3glxhS79gIhM0y56jVCpAoXBJJHlo64g\",\"after-save\":\"2\"}', '2022-07-29 05:52:38', '2022-07-29 05:52:38'),
(1416, 1, 'admin/venues/create', 'GET', '127.0.0.1', '[]', '2022-07-29 05:52:38', '2022-07-29 05:52:38'),
(1417, 1, 'admin/venues', 'GET', '127.0.0.1', '{\"_pjax\":\"#pjax-container\"}', '2022-07-29 05:52:53', '2022-07-29 05:52:53'),
(1418, 1, 'admin/venues/create', 'GET', '127.0.0.1', '{\"_pjax\":\"#pjax-container\"}', '2022-07-29 05:58:52', '2022-07-29 05:58:52'),
(1419, 1, 'admin/venues', 'GET', '127.0.0.1', '[]', '2022-07-29 05:58:59', '2022-07-29 05:58:59'),
(1420, 1, 'admin/venues/create', 'GET', '127.0.0.1', '[]', '2022-07-29 05:59:05', '2022-07-29 05:59:05'),
(1421, 1, 'admin/venues/create', 'GET', '127.0.0.1', '[]', '2022-07-29 05:59:06', '2022-07-29 05:59:06'),
(1422, 1, 'admin/venues/create', 'GET', '127.0.0.1', '[]', '2022-07-29 05:59:07', '2022-07-29 05:59:07'),
(1423, 1, 'admin/venues/1/edit', 'GET', '127.0.0.1', '{\"_pjax\":\"#pjax-container\"}', '2022-07-29 05:59:11', '2022-07-29 05:59:11'),
(1424, 1, 'admin/load-api/districts', 'GET', '127.0.0.1', '{\"q\":\"1\"}', '2022-07-29 06:02:04', '2022-07-29 06:02:04'),
(1425, 1, 'admin/load-api/cities', 'GET', '127.0.0.1', '{\"q\":\"1\"}', '2022-07-29 06:02:04', '2022-07-29 06:02:04'),
(1426, 1, 'admin/venues', 'POST', '127.0.0.1', '{\"name\":\"Casabella Banquet\",\"description\":\"<h4><strong>Approach<\\/strong><\\/h4><p><br><\\/p><p class=\\\"ql-align-justify\\\">Radisson Gurgaon is an extremely beautiful property with all the necessary amenities. It is located near Delhi International Airport in Gurgaon, thus making it easily commutable. Radisson Gurgaon, Udyh all the necessary amenities. It is located near Delhi International Airport in Gurgaon, thus making it easily commutable. Radisson Gurgaon, Udyog Vihar III, stands for generosity and sophistication.<\\/p><p class=\\\"ql-align-justify\\\"><br><\\/p><h4><strong>Ambience<\\/strong><\\/h4><p><br><\\/p><p class=\\\"ql-align-justify\\\">Radisson in Udyog Vihar has everything to organize your ceremonies easily and meet with all your party or banqueting needs &amp; demands to make your occasion an enjoyable experience for you and your famivent spaces like the beautiful banquet halls, smashing poolside venue, airy terrace space, and huge lawn space. The hotel is equipped to organize any kind of function, however, big or small it may be.<\\/p><p class=\\\"ql-align-justify\\\"><br><\\/p><h4><strong>Food and Service<\\/strong><\\/h4><p><br><\\/p><p class=\\\"ql-align-justify\\\">Radisson in Udyog Vihar offers you with its extravagant services to make your event a successful endeavor and make sure that you and your guests\' needs are fulfilled. Their in-house caterers offer an&nbsp;single aspect of your wedding will be taken care of. They put their best efforts to understand and fulfill all your expectations to deliver maximum customer satisfaction with their excellent services.<\\/p><p class=\\\"ql-align-justify\\\"><br><\\/p><h4><strong>Known For<\\/strong><\\/h4><p><br><\\/p><p class=\\\"ql-align-justify\\\">Radisson is well known for its great hospitality and services which is handled by efficient staff and management who would do everything catering to all your needs with the utmost care and courtesy. T&nbsp;do everything catering to all your needs with the utmost care and courtesy. They offer venue spaces to hold many events to celebrate various occasions and ensure that everyone has a great experience.<\\/p><p class=\\\"ql-align-justify\\\"><br><\\/p><h4><strong>Best suited for<\\/strong><\\/h4><p><br><\\/p><ul><li>Anniversary<\\/li><li>Birthday Party<\\/li><li>Cocktail Party<\\/li><li>Conference<\\/li><li>Corporate Party<\\/li><li>Engagement<\\/li><li>First Birthday Party<\\/li><li>Meeting<\\/li><li>Party<\\/li><li>Pool Party<\\/li><li>Reception<\\/li><li>Social Gathering<\\/li><li>Team Building<\\/li><li>Wedding<\\/li><\\/ul><p><br><\\/p><h4><strong>Cuisines<\\/strong><\\/h4><p><br><\\/p><ul><li>Multi Cuisine<\\/li><li>Social Function Menu<\\/li><li>High Tea Menu<\\/li><\\/ul><p><br><\\/p><h4><strong>Terms and Conditions<\\/strong><\\/h4><p><br><\\/p><ul><li>All Government applicable taxes will be applied.<\\/li><li>All Venue Rules Apply.<\\/li><\\/ul><p class=\\\"ql-align-justify\\\"><br><\\/p><p><br><\\/p>\",\"categories\":[\"8\",\"9\",null],\"occasions\":[\"1\",\"2\",\"4\",\"5\",\"8\",\"10\",\"12\",\"16\",null],\"amenities\":[\"1\",\"3\",\"5\",\"12\",\"13\",\"15\",\"16\",\"17\",\"18\",\"19\",\"21\",\"22\",null],\"price_type\":\"per-night\",\"price\":\"150000\",\"capacity\":\"25000\",\"division_id\":\"1\",\"district_id\":\"1\",\"city_id\":\"1\",\"is_enabled\":\"on\",\"created_by\":\"1\",\"_token\":\"fVmyO5JM3glxhS79gIhM0y56jVCpAoXBJJHlo64g\",\"_previous_\":\"http:\\/\\/localhost:8000\\/admin\\/venues\"}', '2022-07-29 06:02:15', '2022-07-29 06:02:15'),
(1427, 1, 'admin/venues', 'GET', '127.0.0.1', '[]', '2022-07-29 06:02:15', '2022-07-29 06:02:15'),
(1428, 1, 'admin/load-api/districts', 'GET', '127.0.0.1', '{\"q\":\"3\"}', '2022-07-29 06:04:20', '2022-07-29 06:04:20'),
(1429, 1, 'admin/load-api/cities', 'GET', '127.0.0.1', '{\"q\":\"20\"}', '2022-07-29 06:04:20', '2022-07-29 06:04:20'),
(1430, 1, 'admin/load-api/cities', 'GET', '127.0.0.1', '{\"q\":\"21\"}', '2022-07-29 06:04:22', '2022-07-29 06:04:22'),
(1431, 1, 'admin/venues', 'POST', '127.0.0.1', '{\"name\":\"Nirvana Patio Club\",\"description\":\"<h4><strong>Approach<\\/strong><\\/h4><p><br><\\/p><p class=\\\"ql-align-justify\\\">Radisson Gurgaon is an extremely beautiful property with all the necessary amenities. It is located near Delhi International Airport in Gurgaon, thus making it easily commutable. Radisson Gurgaon, Udyh all the necessary amenities. It is located near Delhi International Airport in Gurgaon, thus making it easily commutable. Radisson Gurgaon, Udyog Vihar III, stands for generosity and sophistication.<\\/p><p class=\\\"ql-align-justify\\\"><br><\\/p><h4><strong>Ambience<\\/strong><\\/h4><p><br><\\/p><p class=\\\"ql-align-justify\\\">Radisson in Udyog Vihar has everything to organize your ceremonies easily and meet with all your party or banqueting needs &amp; demands to make your occasion an enjoyable experience for you and your famivent spaces like the beautiful banquet halls, smashing poolside venue, airy terrace space, and huge lawn space. The hotel is equipped to organize any kind of function, however, big or small it may be.<\\/p><p class=\\\"ql-align-justify\\\"><br><\\/p><h4><strong>Food and Service<\\/strong><\\/h4><p><br><\\/p><p class=\\\"ql-align-justify\\\">Radisson in Udyog Vihar offers you with its extravagant services to make your event a successful endeavor and make sure that you and your guests\' needs are fulfilled. Their in-house caterers offer an&nbsp;single aspect of your wedding will be taken care of. They put their best efforts to understand and fulfill all your expectations to deliver maximum customer satisfaction with their excellent services.<\\/p><p class=\\\"ql-align-justify\\\"><br><\\/p><h4><strong>Known For<\\/strong><\\/h4><p><br><\\/p><p class=\\\"ql-align-justify\\\">Radisson is well known for its great hospitality and services which is handled by efficient staff and management who would do everything catering to all your needs with the utmost care and courtesy. T&nbsp;do everything catering to all your needs with the utmost care and courtesy. They offer venue spaces to hold many events to celebrate various occasions and ensure that everyone has a great experience.<\\/p><p class=\\\"ql-align-justify\\\"><br><\\/p><h4><strong>Best suited for<\\/strong><\\/h4><p><br><\\/p><ul><li>Anniversary<\\/li><li>Birthday Party<\\/li><li>Cocktail Party<\\/li><li>Conference<\\/li><li>Corporate Party<\\/li><li>Engagement<\\/li><li>First Birthday Party<\\/li><li>Meeting<\\/li><li>Party<\\/li><li>Pool Party<\\/li><li>Reception<\\/li><li>Social Gathering<\\/li><li>Team Building<\\/li><li>Wedding<\\/li><\\/ul><p><br><\\/p><h4><strong>Cuisines<\\/strong><\\/h4><p><br><\\/p><ul><li>Multi Cuisine<\\/li><li>Social Function Menu<\\/li><li>High Tea Menu<\\/li><\\/ul><p><br><\\/p><h4><strong>Terms and Conditions<\\/strong><\\/h4><p><br><\\/p><ul><li>All Government applicable taxes will be applied.<\\/li><li>All Venue Rules Apply.<\\/li><\\/ul><p class=\\\"ql-align-justify\\\"><br><\\/p><p><br><\\/p>\",\"categories\":[\"5\",\"8\",null],\"occasions\":[\"4\",\"5\",\"6\",\"10\",\"13\",null],\"amenities\":[\"2\",\"3\",\"4\",\"5\",\"6\",\"13\",\"20\",null],\"price_type\":\"per-day\",\"price\":\"25000\",\"capacity\":\"1200\",\"division_id\":\"3\",\"district_id\":\"21\",\"city_id\":\"185\",\"is_enabled\":\"on\",\"created_by\":\"1\",\"_token\":\"fVmyO5JM3glxhS79gIhM0y56jVCpAoXBJJHlo64g\",\"_previous_\":\"http:\\/\\/localhost:8000\\/admin\\/venues\"}', '2022-07-29 06:04:33', '2022-07-29 06:04:33'),
(1432, 1, 'admin/venues', 'GET', '127.0.0.1', '[]', '2022-07-29 06:04:33', '2022-07-29 06:04:33'),
(1433, 1, 'admin/load-api/districts', 'GET', '127.0.0.1', '{\"q\":\"5\"}', '2022-07-29 06:06:34', '2022-07-29 06:06:34'),
(1434, 1, 'admin/load-api/cities', 'GET', '127.0.0.1', '{\"q\":\"36\"}', '2022-07-29 06:06:35', '2022-07-29 06:06:35'),
(1435, 1, 'admin/load-api/cities', 'GET', '127.0.0.1', '{\"q\":\"38\"}', '2022-07-29 06:06:37', '2022-07-29 06:06:37'),
(1436, 1, 'admin/venues', 'POST', '127.0.0.1', '{\"name\":\"Acura BMK\",\"description\":\"<h4><strong>Approach<\\/strong><\\/h4><p><br><\\/p><p class=\\\"ql-align-justify\\\">Radisson Gurgaon is an extremely beautiful property with all the necessary amenities. It is located near Delhi International Airport in Gurgaon, thus making it easily commutable. Radisson Gurgaon, Udyh all the necessary amenities. It is located near Delhi International Airport in Gurgaon, thus making it easily commutable. Radisson Gurgaon, Udyog Vihar III, stands for generosity and sophistication.<\\/p><p class=\\\"ql-align-justify\\\"><br><\\/p><h4><strong>Ambience<\\/strong><\\/h4><p><br><\\/p><p class=\\\"ql-align-justify\\\">Radisson in Udyog Vihar has everything to organize your ceremonies easily and meet with all your party or banqueting needs &amp; demands to make your occasion an enjoyable experience for you and your famivent spaces like the beautiful banquet halls, smashing poolside venue, airy terrace space, and huge lawn space. The hotel is equipped to organize any kind of function, however, big or small it may be.<\\/p><p class=\\\"ql-align-justify\\\"><br><\\/p><h4><strong>Food and Service<\\/strong><\\/h4><p><br><\\/p><p class=\\\"ql-align-justify\\\">Radisson in Udyog Vihar offers you with its extravagant services to make your event a successful endeavor and make sure that you and your guests\' needs are fulfilled. Their in-house caterers offer an&nbsp;single aspect of your wedding will be taken care of. They put their best efforts to understand and fulfill all your expectations to deliver maximum customer satisfaction with their excellent services.<\\/p><p class=\\\"ql-align-justify\\\"><br><\\/p><h4><strong>Known For<\\/strong><\\/h4><p><br><\\/p><p class=\\\"ql-align-justify\\\">Radisson is well known for its great hospitality and services which is handled by efficient staff and management who would do everything catering to all your needs with the utmost care and courtesy. T&nbsp;do everything catering to all your needs with the utmost care and courtesy. They offer venue spaces to hold many events to celebrate various occasions and ensure that everyone has a great experience.<\\/p><p class=\\\"ql-align-justify\\\"><br><\\/p><h4><strong>Best suited for<\\/strong><\\/h4><p><br><\\/p><ul><li>Anniversary<\\/li><li>Birthday Party<\\/li><li>Cocktail Party<\\/li><li>Conference<\\/li><li>Corporate Party<\\/li><li>Engagement<\\/li><li>First Birthday Party<\\/li><li>Meeting<\\/li><li>Party<\\/li><li>Pool Party<\\/li><li>Reception<\\/li><li>Social Gathering<\\/li><li>Team Building<\\/li><li>Wedding<\\/li><\\/ul><p><br><\\/p><h4><strong>Cuisines<\\/strong><\\/h4><p><br><\\/p><ul><li>Multi Cuisine<\\/li><li>Social Function Menu<\\/li><li>High Tea Menu<\\/li><\\/ul><p><br><\\/p><h4><strong>Terms and Conditions<\\/strong><\\/h4><p><br><\\/p><ul><li>All Government applicable taxes will be applied.<\\/li><li>All Venue Rules Apply.<\\/li><\\/ul><p class=\\\"ql-align-justify\\\"><br><\\/p><p><br><\\/p>\",\"categories\":[\"1\",\"8\",null],\"occasions\":[\"3\",\"7\",\"16\",null],\"amenities\":[\"2\",\"3\",\"4\",\"5\",\"6\",\"9\",\"11\",null],\"price_type\":\"per-night\",\"price\":\"85000\",\"capacity\":\"15000\",\"division_id\":\"5\",\"district_id\":\"38\",\"city_id\":\"296\",\"is_enabled\":\"on\",\"created_by\":\"1\",\"_token\":\"fVmyO5JM3glxhS79gIhM0y56jVCpAoXBJJHlo64g\",\"_previous_\":\"http:\\/\\/localhost:8000\\/admin\\/venues\"}', '2022-07-29 06:10:00', '2022-07-29 06:10:00'),
(1437, 1, 'admin/venues', 'GET', '127.0.0.1', '[]', '2022-07-29 06:10:01', '2022-07-29 06:10:01'),
(1438, 1, 'admin/load-api/districts', 'GET', '127.0.0.1', '{\"q\":\"7\"}', '2022-07-29 06:12:54', '2022-07-29 06:12:54'),
(1439, 1, 'admin/load-api/cities', 'GET', '127.0.0.1', '{\"q\":\"53\"}', '2022-07-29 06:12:54', '2022-07-29 06:12:54'),
(1440, 1, 'admin/load-api/cities', 'GET', '127.0.0.1', '{\"q\":\"56\"}', '2022-07-29 06:12:58', '2022-07-29 06:12:58'),
(1441, 1, 'admin/venues', 'POST', '127.0.0.1', '{\"name\":\"Hotel Mizu\",\"description\":\"<h4><strong>Approach<\\/strong><\\/h4><p><br><\\/p><p class=\\\"ql-align-justify\\\">Radisson Gurgaon is an extremely beautiful property with all the necessary amenities. It is located near Delhi International Airport in Gurgaon, thus making it easily commutable. Radisson Gurgaon, Udyh all the necessary amenities. It is located near Delhi International Airport in Gurgaon, thus making it easily commutable. Radisson Gurgaon, Udyog Vihar III, stands for generosity and sophistication.<\\/p><p class=\\\"ql-align-justify\\\"><br><\\/p><h4><strong>Ambience<\\/strong><\\/h4><p><br><\\/p><p class=\\\"ql-align-justify\\\">Radisson in Udyog Vihar has everything to organize your ceremonies easily and meet with all your party or banqueting needs &amp; demands to make your occasion an enjoyable experience for you and your famivent spaces like the beautiful banquet halls, smashing poolside venue, airy terrace space, and huge lawn space. The hotel is equipped to organize any kind of function, however, big or small it may be.<\\/p><p class=\\\"ql-align-justify\\\"><br><\\/p><h4><strong>Food and Service<\\/strong><\\/h4><p><br><\\/p><p class=\\\"ql-align-justify\\\">Radisson in Udyog Vihar offers you with its extravagant services to make your event a successful endeavor and make sure that you and your guests\' needs are fulfilled. Their in-house caterers offer an&nbsp;single aspect of your wedding will be taken care of. They put their best efforts to understand and fulfill all your expectations to deliver maximum customer satisfaction with their excellent services.<\\/p><p class=\\\"ql-align-justify\\\"><br><\\/p><h4><strong>Known For<\\/strong><\\/h4><p><br><\\/p><p class=\\\"ql-align-justify\\\">Radisson is well known for its great hospitality and services which is handled by efficient staff and management who would do everything catering to all your needs with the utmost care and courtesy. T&nbsp;do everything catering to all your needs with the utmost care and courtesy. They offer venue spaces to hold many events to celebrate various occasions and ensure that everyone has a great experience.<\\/p><p class=\\\"ql-align-justify\\\"><br><\\/p><h4><strong>Best suited for<\\/strong><\\/h4><p><br><\\/p><ul><li>Anniversary<\\/li><li>Birthday Party<\\/li><li>Cocktail Party<\\/li><li>Conference<\\/li><li>Corporate Party<\\/li><li>Engagement<\\/li><li>First Birthday Party<\\/li><li>Meeting<\\/li><li>Party<\\/li><li>Pool Party<\\/li><li>Reception<\\/li><li>Social Gathering<\\/li><li>Team Building<\\/li><li>Wedding<\\/li><\\/ul><p><br><\\/p><h4><strong>Cuisines<\\/strong><\\/h4><p><br><\\/p><ul><li>Multi Cuisine<\\/li><li>Social Function Menu<\\/li><li>High Tea Menu<\\/li><\\/ul><p><br><\\/p><h4><strong>Terms and Conditions<\\/strong><\\/h4><p><br><\\/p><ul><li>All Government applicable taxes will be applied.<\\/li><li>All Venue Rules Apply.<\\/li><\\/ul><p class=\\\"ql-align-justify\\\"><br><\\/p><p><br><\\/p>\",\"categories\":[\"8\",null],\"occasions\":[\"6\",\"7\",\"14\",\"15\",null],\"amenities\":[\"2\",\"3\",\"7\",\"17\",\"20\",\"21\",null],\"price_type\":\"per-day\",\"price\":\"25000\",\"capacity\":\"1450\",\"division_id\":\"7\",\"district_id\":\"56\",\"city_id\":\"426\",\"is_enabled\":\"on\",\"created_by\":\"1\",\"_token\":\"fVmyO5JM3glxhS79gIhM0y56jVCpAoXBJJHlo64g\",\"_previous_\":\"http:\\/\\/localhost:8000\\/admin\\/venues\"}', '2022-07-29 06:13:09', '2022-07-29 06:13:09'),
(1442, 1, 'admin/venues', 'GET', '127.0.0.1', '[]', '2022-07-29 06:13:10', '2022-07-29 06:13:10'),
(1443, 1, 'admin/auth/login', 'GET', '127.0.0.1', '[]', '2022-07-30 07:17:12', '2022-07-30 07:17:12'),
(1444, 1, 'admin', 'GET', '127.0.0.1', '[]', '2022-07-30 07:17:13', '2022-07-30 07:17:13'),
(1445, 1, 'admin/venues', 'GET', '127.0.0.1', '{\"_pjax\":\"#pjax-container\"}', '2022-07-30 07:17:19', '2022-07-30 07:17:19'),
(1446, 1, 'admin', 'GET', '127.0.0.1', '[]', '2022-07-30 23:09:33', '2022-07-30 23:09:33'),
(1447, 1, 'admin/venues', 'GET', '127.0.0.1', '{\"_pjax\":\"#pjax-container\"}', '2022-07-30 23:09:43', '2022-07-30 23:09:43'),
(1448, 1, 'admin/venues/1/edit', 'GET', '127.0.0.1', '{\"_pjax\":\"#pjax-container\"}', '2022-07-30 23:09:47', '2022-07-30 23:09:47'),
(1449, 1, 'admin/load-api/districts', 'GET', '127.0.0.1', '{\"q\":\"3\"}', '2022-07-30 23:09:56', '2022-07-30 23:09:56'),
(1450, 1, 'admin/load-api/cities', 'GET', '127.0.0.1', '{\"q\":null}', '2022-07-30 23:09:57', '2022-07-30 23:09:57'),
(1451, 1, 'admin/load-api/districts', 'GET', '127.0.0.1', '{\"q\":\"2\"}', '2022-07-30 23:09:58', '2022-07-30 23:09:58'),
(1452, 1, 'admin/load-api/cities', 'GET', '127.0.0.1', '{\"q\":\"16\"}', '2022-07-30 23:09:58', '2022-07-30 23:09:58');
INSERT INTO `admin_operation_log` (`id`, `user_id`, `path`, `method`, `ip`, `input`, `created_at`, `updated_at`) VALUES
(1453, 1, 'admin/venues/1', 'PUT', '127.0.0.1', '{\"name\":\"Radisson\",\"description\":\"<h4><strong>Approach<\\/strong><\\/h4><p><br><\\/p><p class=\\\"ql-align-justify\\\">Radisson Gurgaon is an extremely beautiful property with all the necessary amenities. It is located near Delhi International Airport in Gurgaon, thus making it easily commutable. Radisson Gurgaon, Udyh all the necessary amenities. It is located near Delhi International Airport in Gurgaon, thus making it easily commutable. Radisson Gurgaon, Udyog Vihar III, stands for generosity and sophistication.<\\/p><p class=\\\"ql-align-justify\\\"><br><\\/p><h4><strong>Ambience<\\/strong><\\/h4><p><br><\\/p><p class=\\\"ql-align-justify\\\">Radisson in Udyog Vihar has everything to organize your ceremonies easily and meet with all your party or banqueting needs &amp; demands to make your occasion an enjoyable experience for you and your famivent spaces like the beautiful banquet halls, smashing poolside venue, airy terrace space, and huge lawn space. The hotel is equipped to organize any kind of function, however, big or small it may be.<\\/p><p class=\\\"ql-align-justify\\\"><br><\\/p><h4><strong>Food and Service<\\/strong><\\/h4><p><br><\\/p><p class=\\\"ql-align-justify\\\">Radisson in Udyog Vihar offers you with its extravagant services to make your event a successful endeavor and make sure that you and your guests\' needs are fulfilled. Their in-house caterers offer an&nbsp;single aspect of your wedding will be taken care of. They put their best efforts to understand and fulfill all your expectations to deliver maximum customer satisfaction with their excellent services.<\\/p><p class=\\\"ql-align-justify\\\"><br><\\/p><h4><strong>Known For<\\/strong><\\/h4><p><br><\\/p><p class=\\\"ql-align-justify\\\">Radisson is well known for its great hospitality and services which is handled by efficient staff and management who would do everything catering to all your needs with the utmost care and courtesy. T&nbsp;do everything catering to all your needs with the utmost care and courtesy. They offer venue spaces to hold many events to celebrate various occasions and ensure that everyone has a great experience.<\\/p><p class=\\\"ql-align-justify\\\"><br><\\/p><h4><strong>Best suited for<\\/strong><\\/h4><p><br><\\/p><ul><li>Anniversary<\\/li><li>Birthday Party<\\/li><li>Cocktail Party<\\/li><li>Conference<\\/li><li>Corporate Party<\\/li><li>Engagement<\\/li><li>First Birthday Party<\\/li><li>Meeting<\\/li><li>Party<\\/li><li>Pool Party<\\/li><li>Reception<\\/li><li>Social Gathering<\\/li><li>Team Building<\\/li><li>Wedding<\\/li><\\/ul><p><br><\\/p><h4><strong>Cuisines<\\/strong><\\/h4><p><br><\\/p><ul><li>Multi Cuisine<\\/li><li>Social Function Menu<\\/li><li>High Tea Menu<\\/li><\\/ul><p><br><\\/p><h4><strong>Terms and Conditions<\\/strong><\\/h4><p><br><\\/p><ul><li>All Government applicable taxes will be applied.<\\/li><li>All Venue Rules Apply.<\\/li><\\/ul><p class=\\\"ql-align-justify\\\"><br><\\/p><p><br><\\/p>\",\"categories\":[\"9\",null],\"occasions\":[\"1\",\"2\",\"8\",null],\"amenities\":[\"1\",\"2\",\"4\",\"7\",\"9\",\"13\",\"17\",\"34\",null],\"price_type\":\"per-day\",\"price\":\"50000.00\",\"capacity\":\"5000\",\"division_id\":\"2\",\"district_id\":\"16\",\"city_id\":\"146\",\"is_enabled\":\"on\",\"updated_by\":\"1\",\"_token\":\"MZR5rDQ8vnJjFiEZkvcytqJp3K8zbvzTYatTv782\",\"_method\":\"PUT\",\"_previous_\":\"http:\\/\\/localhost:8000\\/admin\\/venues\"}', '2022-07-30 23:10:01', '2022-07-30 23:10:01'),
(1454, 1, 'admin/venues', 'GET', '127.0.0.1', '[]', '2022-07-30 23:10:02', '2022-07-30 23:10:02'),
(1455, 1, 'admin/auth/login', 'GET', '127.0.0.1', '[]', '2022-07-31 03:37:53', '2022-07-31 03:37:53'),
(1456, 1, 'admin', 'GET', '127.0.0.1', '[]', '2022-07-31 03:37:55', '2022-07-31 03:37:55'),
(1457, 1, 'admin', 'GET', '127.0.0.1', '[]', '2022-08-02 03:19:10', '2022-08-02 03:19:10'),
(1458, 1, 'admin/users', 'GET', '127.0.0.1', '{\"_pjax\":\"#pjax-container\"}', '2022-08-02 03:19:17', '2022-08-02 03:19:17'),
(1459, 1, 'admin/users/1/edit', 'GET', '127.0.0.1', '{\"_pjax\":\"#pjax-container\"}', '2022-08-02 03:19:25', '2022-08-02 03:19:25'),
(1460, 1, 'admin/users/1', 'PUT', '127.0.0.1', '{\"name\":\"User\",\"username\":\"user\",\"email\":\"user@gmail.com\",\"type\":\"0\",\"password\":\"$2y$10$42fQJep86380hDrRU\\/Chs.d4TGNWj5RhRRIeUC3WuyoSjdJKkJOE6\",\"password_confirmation\":\"$2y$10$42fQJep86380hDrRU\\/Chs.d4TGNWj5RhRRIeUC3WuyoSjdJKkJOE6\",\"email_verified_at\":\"2022-08-02 09:19:26\",\"_token\":\"zgj7Dej3QtBntlbHPjd954EhMxSoj9kjFJlxUPas\",\"_method\":\"PUT\",\"_previous_\":\"http:\\/\\/localhost:8000\\/admin\\/users\"}', '2022-08-02 03:19:36', '2022-08-02 03:19:36'),
(1461, 1, 'admin/users', 'GET', '127.0.0.1', '[]', '2022-08-02 03:19:36', '2022-08-02 03:19:36'),
(1462, 1, 'admin/users/create', 'GET', '127.0.0.1', '{\"_pjax\":\"#pjax-container\"}', '2022-08-02 03:19:39', '2022-08-02 03:19:39'),
(1463, 1, 'admin/users', 'POST', '127.0.0.1', '{\"name\":\"admin\",\"username\":\"admin\",\"email\":\"admin@gmail.com\",\"type\":\"1\",\"venue_id\":[\"1\",\"8\",null],\"password\":\"123456\",\"password_confirmation\":\"123456\",\"email_verified_at\":\"2022-08-02 09:19:39\",\"_token\":\"zgj7Dej3QtBntlbHPjd954EhMxSoj9kjFJlxUPas\",\"_previous_\":\"http:\\/\\/localhost:8000\\/admin\\/users\"}', '2022-08-02 03:20:16', '2022-08-02 03:20:16'),
(1464, 1, 'admin/users', 'GET', '127.0.0.1', '[]', '2022-08-02 03:20:17', '2022-08-02 03:20:17'),
(1465, 1, 'admin/venues', 'GET', '127.0.0.1', '{\"_pjax\":\"#pjax-container\"}', '2022-08-02 03:22:34', '2022-08-02 03:22:34'),
(1466, 1, 'admin/venues/1/edit', 'GET', '127.0.0.1', '{\"_pjax\":\"#pjax-container\"}', '2022-08-02 03:22:40', '2022-08-02 03:22:40'),
(1467, 1, 'admin/calendar', 'GET', '127.0.0.1', '{\"_pjax\":\"#pjax-container\"}', '2022-08-02 03:43:52', '2022-08-02 03:43:52'),
(1468, 1, 'admin/calendar', 'GET', '127.0.0.1', '[]', '2022-08-02 03:43:54', '2022-08-02 03:43:54'),
(1469, 1, 'admin/calendar/events/1', 'GET', '127.0.0.1', '{\"_token\":\"zgj7Dej3QtBntlbHPjd954EhMxSoj9kjFJlxUPas\"}', '2022-08-02 03:44:01', '2022-08-02 03:44:01'),
(1470, 1, 'admin/calendar/event/update/1', 'POST', '127.0.0.1', '{\"_token\":\"zgj7Dej3QtBntlbHPjd954EhMxSoj9kjFJlxUPas\",\"status\":\"approved\"}', '2022-08-02 03:44:14', '2022-08-02 03:44:14'),
(1471, 1, 'admin/calendar/events/1', 'GET', '127.0.0.1', '{\"_token\":\"zgj7Dej3QtBntlbHPjd954EhMxSoj9kjFJlxUPas\"}', '2022-08-02 03:44:15', '2022-08-02 03:44:15'),
(1472, 1, 'admin/calendar/events/5', 'GET', '127.0.0.1', '{\"_token\":\"zgj7Dej3QtBntlbHPjd954EhMxSoj9kjFJlxUPas\"}', '2022-08-02 03:58:27', '2022-08-02 03:58:27'),
(1473, 1, 'admin/calendar/events/1', 'GET', '127.0.0.1', '{\"_token\":\"zgj7Dej3QtBntlbHPjd954EhMxSoj9kjFJlxUPas\"}', '2022-08-02 03:58:29', '2022-08-02 03:58:29'),
(1474, 1, 'admin/calendar', 'GET', '127.0.0.1', '[]', '2022-08-02 04:21:49', '2022-08-02 04:21:49'),
(1475, 1, 'admin/calendar/events/1', 'GET', '127.0.0.1', '{\"_token\":\"zgj7Dej3QtBntlbHPjd954EhMxSoj9kjFJlxUPas\"}', '2022-08-02 04:21:56', '2022-08-02 04:21:56'),
(1476, 1, 'admin/venues', 'GET', '127.0.0.1', '{\"_pjax\":\"#pjax-container\"}', '2022-08-02 04:25:42', '2022-08-02 04:25:42'),
(1477, 1, 'admin/venues/8/edit', 'GET', '127.0.0.1', '{\"_pjax\":\"#pjax-container\"}', '2022-08-02 04:25:47', '2022-08-02 04:25:47'),
(1478, 1, 'admin/calendar', 'GET', '127.0.0.1', '{\"_pjax\":\"#pjax-container\"}', '2022-08-02 04:26:19', '2022-08-02 04:26:19'),
(1479, 1, 'admin/calendar/events/8', 'GET', '127.0.0.1', '{\"_token\":\"zgj7Dej3QtBntlbHPjd954EhMxSoj9kjFJlxUPas\"}', '2022-08-02 04:26:22', '2022-08-02 04:26:22'),
(1480, 1, 'admin/calendar/events/8', 'GET', '127.0.0.1', '{\"_token\":\"zgj7Dej3QtBntlbHPjd954EhMxSoj9kjFJlxUPas\"}', '2022-08-02 04:26:22', '2022-08-02 04:26:22'),
(1481, 1, 'admin/calendar/events/7', 'GET', '127.0.0.1', '{\"_token\":\"zgj7Dej3QtBntlbHPjd954EhMxSoj9kjFJlxUPas\"}', '2022-08-02 04:36:44', '2022-08-02 04:36:44'),
(1482, 1, 'admin/calendar/events/7', 'GET', '127.0.0.1', '{\"_token\":\"zgj7Dej3QtBntlbHPjd954EhMxSoj9kjFJlxUPas\"}', '2022-08-02 04:36:44', '2022-08-02 04:36:44'),
(1483, 1, 'admin/calendar/events/1', 'GET', '127.0.0.1', '{\"_token\":\"zgj7Dej3QtBntlbHPjd954EhMxSoj9kjFJlxUPas\"}', '2022-08-02 04:36:46', '2022-08-02 04:36:46'),
(1484, 1, 'admin/calendar/events/1', 'GET', '127.0.0.1', '{\"_token\":\"zgj7Dej3QtBntlbHPjd954EhMxSoj9kjFJlxUPas\"}', '2022-08-02 04:36:47', '2022-08-02 04:36:47'),
(1485, 1, 'admin/calendar/events/6', 'GET', '127.0.0.1', '{\"_token\":\"zgj7Dej3QtBntlbHPjd954EhMxSoj9kjFJlxUPas\"}', '2022-08-02 04:36:49', '2022-08-02 04:36:49'),
(1486, 1, 'admin/calendar/events/6', 'GET', '127.0.0.1', '{\"_token\":\"zgj7Dej3QtBntlbHPjd954EhMxSoj9kjFJlxUPas\"}', '2022-08-02 04:36:49', '2022-08-02 04:36:49'),
(1487, 1, 'admin/auth/login', 'GET', '127.0.0.1', '[]', '2022-08-13 00:05:03', '2022-08-13 00:05:03'),
(1488, 1, 'admin', 'GET', '127.0.0.1', '[]', '2022-08-13 00:05:04', '2022-08-13 00:05:04'),
(1489, 1, 'admin/categories', 'GET', '127.0.0.1', '{\"_pjax\":\"#pjax-container\"}', '2022-08-13 00:07:43', '2022-08-13 00:07:43'),
(1490, 1, 'admin/auth/menu', 'GET', '127.0.0.1', '{\"_pjax\":\"#pjax-container\"}', '2022-08-13 00:07:46', '2022-08-13 00:07:46'),
(1491, 1, 'admin/auth/menu', 'POST', '127.0.0.1', '{\"parent_id\":\"0\",\"title\":\"Orders\",\"icon\":\"fa-cart-arrow-down\",\"uri\":\"\\/orders\",\"roles\":[\"1\",null],\"permission\":\"*\",\"_token\":\"Se3BsbjxM5q7t2ea1mHUJ6Y9KRa1Kc8BfzqUPmUk\"}', '2022-08-13 00:08:32', '2022-08-13 00:08:32'),
(1492, 1, 'admin/auth/menu', 'GET', '127.0.0.1', '[]', '2022-08-13 00:08:32', '2022-08-13 00:08:32'),
(1493, 1, 'admin/auth/menu', 'POST', '127.0.0.1', '{\"_token\":\"Se3BsbjxM5q7t2ea1mHUJ6Y9KRa1Kc8BfzqUPmUk\",\"_order\":\"[{\\\"id\\\":1},{\\\"id\\\":2,\\\"children\\\":[{\\\"id\\\":3},{\\\"id\\\":4},{\\\"id\\\":5},{\\\"id\\\":6},{\\\"id\\\":7}]},{\\\"id\\\":9},{\\\"id\\\":10},{\\\"id\\\":11},{\\\"id\\\":12,\\\"children\\\":[{\\\"id\\\":13},{\\\"id\\\":14},{\\\"id\\\":15}]},{\\\"id\\\":16},{\\\"id\\\":18},{\\\"id\\\":8},{\\\"id\\\":17}]\"}', '2022-08-13 00:08:41', '2022-08-13 00:08:41'),
(1494, 1, 'admin/auth/menu', 'GET', '127.0.0.1', '{\"_pjax\":\"#pjax-container\"}', '2022-08-13 00:08:41', '2022-08-13 00:08:41'),
(1495, 1, 'admin/auth/menu', 'GET', '127.0.0.1', '[]', '2022-08-13 00:08:44', '2022-08-13 00:08:44'),
(1496, 1, 'admin/orders', 'GET', '127.0.0.1', '{\"_pjax\":\"#pjax-container\"}', '2022-08-13 00:08:48', '2022-08-13 00:08:48'),
(1497, 1, 'admin/orders', 'GET', '127.0.0.1', '[]', '2022-08-13 00:09:42', '2022-08-13 00:09:42'),
(1498, 1, 'admin/orders', 'GET', '127.0.0.1', '[]', '2022-08-13 00:10:03', '2022-08-13 00:10:03'),
(1499, 1, 'admin/orders', 'GET', '127.0.0.1', '[]', '2022-08-13 00:10:54', '2022-08-13 00:10:54'),
(1500, 1, 'admin/orders', 'GET', '127.0.0.1', '[]', '2022-08-13 00:11:31', '2022-08-13 00:11:31'),
(1501, 1, 'admin/orders', 'GET', '127.0.0.1', '{\"_pjax\":\"#pjax-container\"}', '2022-08-13 00:11:44', '2022-08-13 00:11:44'),
(1502, 1, 'admin/orders', 'GET', '127.0.0.1', '[]', '2022-08-13 00:12:20', '2022-08-13 00:12:20'),
(1503, 1, 'admin/orders', 'GET', '127.0.0.1', '[]', '2022-08-13 00:15:26', '2022-08-13 00:15:26'),
(1504, 1, 'admin', 'GET', '127.0.0.1', '{\"_pjax\":\"#pjax-container\"}', '2022-08-13 00:55:22', '2022-08-13 00:55:22'),
(1505, 1, 'admin/auth/login', 'GET', '127.0.0.1', '[]', '2022-08-14 06:42:46', '2022-08-14 06:42:46'),
(1506, 1, 'admin', 'GET', '127.0.0.1', '[]', '2022-08-14 06:42:48', '2022-08-14 06:42:48'),
(1507, 1, 'admin/venues', 'GET', '127.0.0.1', '{\"_pjax\":\"#pjax-container\"}', '2022-08-14 06:42:53', '2022-08-14 06:42:53'),
(1508, 1, 'admin/venues/1/edit', 'GET', '127.0.0.1', '{\"_pjax\":\"#pjax-container\"}', '2022-08-14 06:43:01', '2022-08-14 06:43:01'),
(1509, 1, 'admin/venues/1/edit', 'GET', '127.0.0.1', '[]', '2022-08-14 06:48:15', '2022-08-14 06:48:15'),
(1510, 1, 'admin/venues', 'GET', '127.0.0.1', '{\"_pjax\":\"#pjax-container\"}', '2022-08-14 06:48:56', '2022-08-14 06:48:56'),
(1511, 1, 'admin/venues', 'GET', '127.0.0.1', '[]', '2022-08-14 06:54:31', '2022-08-14 06:54:31'),
(1512, 1, 'admin/venues', 'GET', '127.0.0.1', '[]', '2022-08-14 06:55:02', '2022-08-14 06:55:02'),
(1513, 1, 'admin/venues', 'GET', '127.0.0.1', '[]', '2022-08-14 06:56:00', '2022-08-14 06:56:00'),
(1514, 1, 'admin/venues', 'GET', '127.0.0.1', '[]', '2022-08-14 06:56:39', '2022-08-14 06:56:39'),
(1515, 1, 'admin/venues', 'GET', '127.0.0.1', '[]', '2022-08-14 06:57:47', '2022-08-14 06:57:47'),
(1516, 1, 'admin/venues', 'GET', '127.0.0.1', '[]', '2022-08-14 06:58:05', '2022-08-14 06:58:05'),
(1517, 1, 'admin/venues', 'GET', '127.0.0.1', '[]', '2022-08-14 06:58:35', '2022-08-14 06:58:35'),
(1518, 1, 'admin/venues', 'GET', '127.0.0.1', '[]', '2022-08-14 06:58:47', '2022-08-14 06:58:47'),
(1519, 1, 'admin/venues', 'GET', '127.0.0.1', '[]', '2022-08-14 06:58:58', '2022-08-14 06:58:58'),
(1520, 1, 'admin/venues', 'GET', '127.0.0.1', '[]', '2022-08-14 06:59:22', '2022-08-14 06:59:22'),
(1521, 1, 'admin/venues', 'GET', '127.0.0.1', '[]', '2022-08-14 07:00:06', '2022-08-14 07:00:06'),
(1522, 1, 'admin/venues', 'GET', '127.0.0.1', '[]', '2022-08-14 07:08:59', '2022-08-14 07:08:59'),
(1523, 1, 'admin/venues', 'GET', '127.0.0.1', '[]', '2022-08-14 07:09:04', '2022-08-14 07:09:04'),
(1524, 1, 'admin/venues', 'GET', '127.0.0.1', '[]', '2022-08-14 07:09:15', '2022-08-14 07:09:15'),
(1525, 1, 'admin/venues', 'GET', '127.0.0.1', '[]', '2022-08-14 07:09:33', '2022-08-14 07:09:33'),
(1526, 1, 'admin/venues', 'GET', '127.0.0.1', '[]', '2022-08-14 07:10:42', '2022-08-14 07:10:42'),
(1527, 1, 'admin/venues', 'GET', '127.0.0.1', '[]', '2022-08-14 07:11:55', '2022-08-14 07:11:55'),
(1528, 1, 'admin/venues', 'GET', '127.0.0.1', '[]', '2022-08-14 07:12:02', '2022-08-14 07:12:02'),
(1529, 1, 'admin/venues', 'GET', '127.0.0.1', '{\"_sort\":{\"column\":\"name\",\"type\":\"desc\"},\"_pjax\":\"#pjax-container\"}', '2022-08-14 07:12:10', '2022-08-14 07:12:10'),
(1530, 1, 'admin/venues', 'GET', '127.0.0.1', '{\"_sort\":{\"column\":\"name\",\"type\":\"asc\"},\"_pjax\":\"#pjax-container\"}', '2022-08-14 07:12:13', '2022-08-14 07:12:13'),
(1531, 1, 'admin/venues', 'GET', '127.0.0.1', '{\"_sort\":{\"column\":\"name\",\"type\":\"asc\"}}', '2022-08-14 07:20:52', '2022-08-14 07:20:52'),
(1532, 1, 'admin/venues', 'GET', '127.0.0.1', '{\"_sort\":{\"column\":\"name\",\"type\":\"asc\"}}', '2022-08-14 07:21:15', '2022-08-14 07:21:15'),
(1533, 1, 'admin/venues', 'GET', '127.0.0.1', '{\"_sort\":{\"column\":\"name\",\"type\":\"asc\"}}', '2022-08-14 07:34:08', '2022-08-14 07:34:08'),
(1534, 1, 'admin/venues', 'GET', '127.0.0.1', '{\"_sort\":{\"column\":\"name\",\"type\":\"asc\"}}', '2022-08-14 07:34:35', '2022-08-14 07:34:35'),
(1535, 1, 'admin/venues', 'GET', '127.0.0.1', '{\"_sort\":{\"column\":\"name\",\"type\":\"asc\"}}', '2022-08-14 07:35:14', '2022-08-14 07:35:14'),
(1536, 1, 'admin/venues', 'GET', '127.0.0.1', '{\"_sort\":{\"column\":\"name\",\"type\":\"asc\"}}', '2022-08-14 07:35:42', '2022-08-14 07:35:42'),
(1537, 1, 'admin/venues', 'GET', '127.0.0.1', '{\"_pjax\":\"#pjax-container\"}', '2022-08-14 07:40:09', '2022-08-14 07:40:09'),
(1538, 1, 'admin/venues', 'GET', '127.0.0.1', '[]', '2022-08-14 07:40:19', '2022-08-14 07:40:19'),
(1539, 1, 'admin/venues', 'GET', '127.0.0.1', '{\"_pjax\":\"#pjax-container\"}', '2022-08-14 07:51:12', '2022-08-14 07:51:12'),
(1540, 1, 'admin/venues', 'GET', '127.0.0.1', '{\"_pjax\":\"#pjax-container\"}', '2022-08-14 07:51:14', '2022-08-14 07:51:14'),
(1541, 1, 'admin/orders', 'GET', '127.0.0.1', '{\"_pjax\":\"#pjax-container\"}', '2022-08-14 07:51:15', '2022-08-14 07:51:15'),
(1542, 1, 'admin/venues', 'GET', '127.0.0.1', '{\"_pjax\":\"#pjax-container\"}', '2022-08-14 07:51:16', '2022-08-14 07:51:16'),
(1543, 1, 'admin/orders', 'GET', '127.0.0.1', '{\"_pjax\":\"#pjax-container\"}', '2022-08-14 07:51:17', '2022-08-14 07:51:17'),
(1544, 1, 'admin/orders', 'GET', '127.0.0.1', '{\"_pjax\":\"#pjax-container\"}', '2022-08-14 07:51:20', '2022-08-14 07:51:20'),
(1545, 1, 'admin/calendar', 'GET', '127.0.0.1', '{\"_pjax\":\"#pjax-container\"}', '2022-08-14 07:51:22', '2022-08-14 07:51:22'),
(1546, 1, 'admin/users', 'GET', '127.0.0.1', '{\"_pjax\":\"#pjax-container\"}', '2022-08-14 07:51:23', '2022-08-14 07:51:23'),
(1547, 1, 'admin/users/1/edit', 'GET', '127.0.0.1', '{\"_pjax\":\"#pjax-container\"}', '2022-08-14 07:51:25', '2022-08-14 07:51:25'),
(1548, 1, 'admin', 'GET', '127.0.0.1', '{\"_pjax\":\"#pjax-container\"}', '2022-08-14 07:51:36', '2022-08-14 07:51:36'),
(1549, 1, 'admin', 'GET', '127.0.0.1', '{\"_pjax\":\"#pjax-container\"}', '2022-08-14 07:51:38', '2022-08-14 07:51:38'),
(1550, 1, 'admin/auth/login', 'GET', '127.0.0.1', '[]', '2022-08-15 08:27:23', '2022-08-15 08:27:23'),
(1551, 1, 'admin', 'GET', '127.0.0.1', '[]', '2022-08-15 08:27:24', '2022-08-15 08:27:24'),
(1552, 1, 'admin/calendar', 'GET', '127.0.0.1', '{\"_pjax\":\"#pjax-container\"}', '2022-08-15 08:27:30', '2022-08-15 08:27:30'),
(1553, 1, 'admin/calendar/events/1', 'GET', '127.0.0.1', '{\"_token\":\"ihh5NnApbeN6r2wsLBOT07m1cKX3NmGHHIPQgBnj\"}', '2022-08-15 08:27:34', '2022-08-15 08:27:34'),
(1554, 1, 'admin/auth/login', 'GET', '127.0.0.1', '[]', '2022-08-19 23:56:03', '2022-08-19 23:56:03'),
(1555, 1, 'admin', 'GET', '127.0.0.1', '[]', '2022-08-19 23:56:04', '2022-08-19 23:56:04'),
(1556, 1, 'admin/auth/menu', 'GET', '127.0.0.1', '{\"_pjax\":\"#pjax-container\"}', '2022-08-20 00:17:50', '2022-08-20 00:17:50'),
(1557, 1, 'admin/auth/menu', 'POST', '127.0.0.1', '{\"parent_id\":\"0\",\"title\":\"Venue\",\"icon\":\"fa-venus\",\"uri\":\"#\",\"roles\":[\"1\",null],\"permission\":\"*\",\"_token\":\"VaKNXho08nCNxPECuWb71ia7hEqB0bvdaDX7qHHY\"}', '2022-08-20 00:18:47', '2022-08-20 00:18:47'),
(1558, 1, 'admin/auth/menu', 'GET', '127.0.0.1', '[]', '2022-08-20 00:18:47', '2022-08-20 00:18:47'),
(1559, 1, 'admin/auth/menu', 'POST', '127.0.0.1', '{\"_token\":\"VaKNXho08nCNxPECuWb71ia7hEqB0bvdaDX7qHHY\",\"_order\":\"[{\\\"id\\\":1},{\\\"id\\\":2,\\\"children\\\":[{\\\"id\\\":3},{\\\"id\\\":4},{\\\"id\\\":5},{\\\"id\\\":6},{\\\"id\\\":7}]},{\\\"id\\\":9},{\\\"id\\\":10},{\\\"id\\\":11},{\\\"id\\\":12,\\\"children\\\":[{\\\"id\\\":13},{\\\"id\\\":14},{\\\"id\\\":15}]},{\\\"id\\\":19,\\\"children\\\":[{\\\"id\\\":16}]},{\\\"id\\\":18},{\\\"id\\\":8},{\\\"id\\\":17}]\"}', '2022-08-20 00:19:02', '2022-08-20 00:19:02'),
(1560, 1, 'admin/auth/menu', 'GET', '127.0.0.1', '{\"_pjax\":\"#pjax-container\"}', '2022-08-20 00:19:03', '2022-08-20 00:19:03'),
(1561, 1, 'admin/auth/menu/2/edit', 'GET', '127.0.0.1', '{\"_pjax\":\"#pjax-container\"}', '2022-08-20 00:19:06', '2022-08-20 00:19:06'),
(1562, 1, 'admin/auth/menu', 'GET', '127.0.0.1', '{\"_pjax\":\"#pjax-container\"}', '2022-08-20 00:19:09', '2022-08-20 00:19:09'),
(1563, 1, 'admin/auth/menu', 'POST', '127.0.0.1', '{\"_token\":\"VaKNXho08nCNxPECuWb71ia7hEqB0bvdaDX7qHHY\",\"_order\":\"[{\\\"id\\\":1},{\\\"id\\\":2,\\\"children\\\":[{\\\"id\\\":3},{\\\"id\\\":4},{\\\"id\\\":5},{\\\"id\\\":6},{\\\"id\\\":7}]},{\\\"id\\\":9},{\\\"id\\\":10},{\\\"id\\\":11},{\\\"id\\\":12,\\\"children\\\":[{\\\"id\\\":13},{\\\"id\\\":14},{\\\"id\\\":15}]},{\\\"id\\\":19,\\\"children\\\":[{\\\"id\\\":16}]},{\\\"id\\\":18},{\\\"id\\\":8},{\\\"id\\\":17}]\"}', '2022-08-20 00:19:18', '2022-08-20 00:19:18'),
(1564, 1, 'admin/auth/menu', 'POST', '127.0.0.1', '{\"_token\":\"VaKNXho08nCNxPECuWb71ia7hEqB0bvdaDX7qHHY\",\"_order\":\"[{\\\"id\\\":1},{\\\"id\\\":2,\\\"children\\\":[{\\\"id\\\":3},{\\\"id\\\":4},{\\\"id\\\":5},{\\\"id\\\":6},{\\\"id\\\":7}]},{\\\"id\\\":9},{\\\"id\\\":10},{\\\"id\\\":11},{\\\"id\\\":12,\\\"children\\\":[{\\\"id\\\":13},{\\\"id\\\":14},{\\\"id\\\":15}]},{\\\"id\\\":19,\\\"children\\\":[{\\\"id\\\":16}]},{\\\"id\\\":18},{\\\"id\\\":8},{\\\"id\\\":17}]\"}', '2022-08-20 00:19:18', '2022-08-20 00:19:18'),
(1565, 1, 'admin/auth/menu', 'GET', '127.0.0.1', '{\"_pjax\":\"#pjax-container\"}', '2022-08-20 00:19:18', '2022-08-20 00:19:18'),
(1566, 1, 'admin/auth/menu', 'GET', '127.0.0.1', '{\"_pjax\":\"#pjax-container\"}', '2022-08-20 00:19:19', '2022-08-20 00:19:19'),
(1567, 1, 'admin/auth/menu', 'POST', '127.0.0.1', '{\"parent_id\":\"0\",\"title\":\"Organization\",\"icon\":\"fa-home\",\"uri\":\"\\/organizations\",\"roles\":[\"1\",null],\"permission\":\"*\",\"_token\":\"VaKNXho08nCNxPECuWb71ia7hEqB0bvdaDX7qHHY\"}', '2022-08-20 00:20:32', '2022-08-20 00:20:32'),
(1568, 1, 'admin/auth/menu', 'GET', '127.0.0.1', '[]', '2022-08-20 00:20:32', '2022-08-20 00:20:32'),
(1569, 1, 'admin/auth/menu', 'POST', '127.0.0.1', '{\"_token\":\"VaKNXho08nCNxPECuWb71ia7hEqB0bvdaDX7qHHY\",\"_order\":\"[{\\\"id\\\":1},{\\\"id\\\":2,\\\"children\\\":[{\\\"id\\\":3},{\\\"id\\\":4},{\\\"id\\\":5},{\\\"id\\\":6},{\\\"id\\\":7}]},{\\\"id\\\":9},{\\\"id\\\":10},{\\\"id\\\":11},{\\\"id\\\":12,\\\"children\\\":[{\\\"id\\\":13},{\\\"id\\\":14},{\\\"id\\\":15}]},{\\\"id\\\":19,\\\"children\\\":[{\\\"id\\\":20},{\\\"id\\\":16}]},{\\\"id\\\":18},{\\\"id\\\":8},{\\\"id\\\":17}]\"}', '2022-08-20 00:20:46', '2022-08-20 00:20:46'),
(1570, 1, 'admin/auth/menu', 'GET', '127.0.0.1', '{\"_pjax\":\"#pjax-container\"}', '2022-08-20 00:20:46', '2022-08-20 00:20:46'),
(1571, 1, 'admin/auth/menu', 'GET', '127.0.0.1', '[]', '2022-08-20 00:20:48', '2022-08-20 00:20:48'),
(1572, 1, 'admin/organizations', 'GET', '127.0.0.1', '{\"_pjax\":\"#pjax-container\"}', '2022-08-20 00:20:55', '2022-08-20 00:20:55'),
(1573, 1, 'admin/venues', 'GET', '127.0.0.1', '{\"_pjax\":\"#pjax-container\"}', '2022-08-20 00:21:03', '2022-08-20 00:21:03'),
(1574, 1, 'admin/organizations', 'GET', '127.0.0.1', '{\"_pjax\":\"#pjax-container\"}', '2022-08-20 00:21:06', '2022-08-20 00:21:06'),
(1575, 1, 'admin/venues', 'GET', '127.0.0.1', '{\"_pjax\":\"#pjax-container\"}', '2022-08-20 00:21:07', '2022-08-20 00:21:07'),
(1576, 1, 'admin/organizations', 'GET', '127.0.0.1', '{\"_pjax\":\"#pjax-container\"}', '2022-08-20 00:21:08', '2022-08-20 00:21:08'),
(1577, 1, 'admin/venues', 'GET', '127.0.0.1', '{\"_pjax\":\"#pjax-container\"}', '2022-08-20 00:21:10', '2022-08-20 00:21:10'),
(1578, 1, 'admin/organizations', 'GET', '127.0.0.1', '{\"_pjax\":\"#pjax-container\"}', '2022-08-20 00:21:11', '2022-08-20 00:21:11'),
(1579, 1, 'admin/venues', 'GET', '127.0.0.1', '{\"_pjax\":\"#pjax-container\"}', '2022-08-20 00:21:13', '2022-08-20 00:21:13'),
(1580, 1, 'admin/organizations', 'GET', '127.0.0.1', '{\"_pjax\":\"#pjax-container\"}', '2022-08-20 00:21:14', '2022-08-20 00:21:14'),
(1581, 1, 'admin/venues', 'GET', '127.0.0.1', '{\"_pjax\":\"#pjax-container\"}', '2022-08-20 00:21:15', '2022-08-20 00:21:15'),
(1582, 1, 'admin/organizations', 'GET', '127.0.0.1', '{\"_pjax\":\"#pjax-container\"}', '2022-08-20 00:21:17', '2022-08-20 00:21:17'),
(1583, 1, 'admin/venues', 'GET', '127.0.0.1', '{\"_pjax\":\"#pjax-container\"}', '2022-08-20 00:21:22', '2022-08-20 00:21:22'),
(1584, 1, 'admin/auth/users', 'GET', '127.0.0.1', '{\"_pjax\":\"#pjax-container\"}', '2022-08-20 00:21:26', '2022-08-20 00:21:26'),
(1585, 1, 'admin/auth/menu', 'GET', '127.0.0.1', '{\"_pjax\":\"#pjax-container\"}', '2022-08-20 00:25:26', '2022-08-20 00:25:26'),
(1586, 1, 'admin/auth/menu/20/edit', 'GET', '127.0.0.1', '{\"_pjax\":\"#pjax-container\"}', '2022-08-20 00:25:31', '2022-08-20 00:25:31'),
(1587, 1, 'admin/auth/menu/20', 'PUT', '127.0.0.1', '{\"parent_id\":\"19\",\"title\":\"Organization\",\"icon\":\"fa-sitemap\",\"uri\":\"\\/organizations\",\"roles\":[\"1\",null],\"permission\":\"*\",\"_token\":\"VaKNXho08nCNxPECuWb71ia7hEqB0bvdaDX7qHHY\",\"_method\":\"PUT\",\"_previous_\":\"http:\\/\\/localhost:8000\\/admin\\/auth\\/menu\"}', '2022-08-20 00:25:39', '2022-08-20 00:25:39'),
(1588, 1, 'admin/auth/menu', 'GET', '127.0.0.1', '[]', '2022-08-20 00:25:39', '2022-08-20 00:25:39'),
(1589, 1, 'admin/auth/menu/16/edit', 'GET', '127.0.0.1', '{\"_pjax\":\"#pjax-container\"}', '2022-08-20 00:25:44', '2022-08-20 00:25:44'),
(1590, 1, 'admin/auth/menu/16', 'PUT', '127.0.0.1', '{\"parent_id\":\"19\",\"title\":\"Venues\",\"icon\":\"fa-venus-double\",\"uri\":\"venues\",\"roles\":[\"1\",null],\"permission\":\"*\",\"_token\":\"VaKNXho08nCNxPECuWb71ia7hEqB0bvdaDX7qHHY\",\"_method\":\"PUT\",\"_previous_\":\"http:\\/\\/localhost:8000\\/admin\\/auth\\/menu\"}', '2022-08-20 00:25:58', '2022-08-20 00:25:58'),
(1591, 1, 'admin/auth/menu', 'GET', '127.0.0.1', '[]', '2022-08-20 00:25:59', '2022-08-20 00:25:59'),
(1592, 1, 'admin', 'GET', '127.0.0.1', '{\"_pjax\":\"#pjax-container\"}', '2022-08-20 00:26:01', '2022-08-20 00:26:01'),
(1593, 1, 'admin/organizations', 'GET', '127.0.0.1', '{\"_pjax\":\"#pjax-container\"}', '2022-08-20 00:26:05', '2022-08-20 00:26:05'),
(1594, 1, 'admin/organizations', 'GET', '127.0.0.1', '[]', '2022-08-20 00:28:03', '2022-08-20 00:28:03'),
(1595, 1, 'admin/organizations', 'GET', '127.0.0.1', '[]', '2022-08-20 00:28:33', '2022-08-20 00:28:33'),
(1596, 1, 'admin/organizations', 'GET', '127.0.0.1', '[]', '2022-08-20 00:28:42', '2022-08-20 00:28:42'),
(1597, 1, 'admin/organizations/create', 'GET', '127.0.0.1', '{\"_pjax\":\"#pjax-container\"}', '2022-08-20 00:28:57', '2022-08-20 00:28:57'),
(1598, 1, 'admin/venues', 'GET', '127.0.0.1', '{\"_pjax\":\"#pjax-container\"}', '2022-08-20 00:30:05', '2022-08-20 00:30:05'),
(1599, 1, 'admin/venues/1', 'GET', '127.0.0.1', '{\"_pjax\":\"#pjax-container\"}', '2022-08-20 00:30:07', '2022-08-20 00:30:07'),
(1600, 1, 'admin/venues', 'GET', '127.0.0.1', '[]', '2022-08-20 00:30:09', '2022-08-20 00:30:09'),
(1601, 1, 'admin/venues', 'GET', '127.0.0.1', '{\"_pjax\":\"#pjax-container\"}', '2022-08-20 00:30:12', '2022-08-20 00:30:12'),
(1602, 1, 'admin/venues/1', 'GET', '127.0.0.1', '{\"_pjax\":\"#pjax-container\"}', '2022-08-20 00:30:59', '2022-08-20 00:30:59'),
(1603, 1, 'admin/organizations', 'GET', '127.0.0.1', '{\"_pjax\":\"#pjax-container\"}', '2022-08-20 00:31:57', '2022-08-20 00:31:57'),
(1604, 1, 'admin/organizations/create', 'GET', '127.0.0.1', '{\"_pjax\":\"#pjax-container\"}', '2022-08-20 00:31:59', '2022-08-20 00:31:59'),
(1605, 1, 'admin/organizations', 'GET', '127.0.0.1', '[]', '2022-08-20 00:31:59', '2022-08-20 00:31:59'),
(1606, 1, 'admin/organizations', 'GET', '127.0.0.1', '[]', '2022-08-20 00:32:17', '2022-08-20 00:32:17'),
(1607, 1, 'admin/organizations/create', 'GET', '127.0.0.1', '{\"_pjax\":\"#pjax-container\"}', '2022-08-20 00:32:23', '2022-08-20 00:32:23'),
(1608, 1, 'admin/organizations/create', 'GET', '127.0.0.1', '[]', '2022-08-20 00:34:41', '2022-08-20 00:34:41'),
(1609, 1, 'admin/venues', 'GET', '127.0.0.1', '{\"_pjax\":\"#pjax-container\"}', '2022-08-20 00:36:07', '2022-08-20 00:36:07'),
(1610, 1, 'admin/venues', 'GET', '127.0.0.1', '{\"_pjax\":\"#pjax-container\"}', '2022-08-20 00:36:10', '2022-08-20 00:36:10'),
(1611, 1, 'admin/organizations', 'GET', '127.0.0.1', '{\"_pjax\":\"#pjax-container\"}', '2022-08-20 00:38:40', '2022-08-20 00:38:40'),
(1612, 1, 'admin/organizations/create', 'GET', '127.0.0.1', '{\"_pjax\":\"#pjax-container\"}', '2022-08-20 00:38:42', '2022-08-20 00:38:42'),
(1613, 1, 'admin/organizations', 'POST', '127.0.0.1', '{\"name\":\"dsdsds\",\"email\":\"user@gmail.com\",\"description\":\"sdds\",\"contact_name\":\"sdds\",\"contact_number\":\"sdds\",\"address\":\"dsdsds\",\"multiple_properties\":\"on\",\"creator_type\":\"AdminUser\",\"created_by\":\"1\",\"_token\":\"VaKNXho08nCNxPECuWb71ia7hEqB0bvdaDX7qHHY\",\"_previous_\":\"http:\\/\\/localhost:8000\\/admin\\/organizations\"}', '2022-08-20 00:38:53', '2022-08-20 00:38:53'),
(1614, 1, 'admin/organizations', 'GET', '127.0.0.1', '[]', '2022-08-20 00:38:53', '2022-08-20 00:38:53'),
(1615, 1, 'admin/venues', 'GET', '127.0.0.1', '{\"_pjax\":\"#pjax-container\"}', '2022-08-20 00:41:16', '2022-08-20 00:41:16'),
(1616, 1, 'admin/organizations', 'GET', '127.0.0.1', '{\"_pjax\":\"#pjax-container\"}', '2022-08-20 00:41:23', '2022-08-20 00:41:23'),
(1617, 1, 'admin/venues', 'GET', '127.0.0.1', '{\"_pjax\":\"#pjax-container\"}', '2022-08-20 00:48:38', '2022-08-20 00:48:38'),
(1618, 1, 'admin/venues/create', 'GET', '127.0.0.1', '{\"_pjax\":\"#pjax-container\"}', '2022-08-20 00:48:40', '2022-08-20 00:48:40'),
(1619, 1, 'admin/venues/create', 'GET', '127.0.0.1', '[]', '2022-08-20 00:51:19', '2022-08-20 00:51:19'),
(1620, 1, 'admin/venues/create', 'GET', '127.0.0.1', '[]', '2022-08-20 00:53:43', '2022-08-20 00:53:43'),
(1621, 1, 'admin/venues/create', 'GET', '127.0.0.1', '[]', '2022-08-20 00:54:01', '2022-08-20 00:54:01'),
(1622, 1, 'admin/venues/create', 'GET', '127.0.0.1', '[]', '2022-08-20 00:55:33', '2022-08-20 00:55:33'),
(1623, 1, 'admin/venues/create', 'GET', '127.0.0.1', '[]', '2022-08-20 00:55:55', '2022-08-20 00:55:55'),
(1624, 1, 'admin/venues/create', 'GET', '127.0.0.1', '[]', '2022-08-20 00:56:38', '2022-08-20 00:56:38'),
(1625, 1, 'admin/venues', 'GET', '127.0.0.1', '{\"_pjax\":\"#pjax-container\"}', '2022-08-20 00:58:14', '2022-08-20 00:58:14'),
(1626, 1, 'admin/venues', 'GET', '127.0.0.1', '[]', '2022-08-20 00:58:39', '2022-08-20 00:58:39'),
(1627, 1, 'admin/venues/create', 'GET', '127.0.0.1', '{\"_pjax\":\"#pjax-container\"}', '2022-08-20 01:02:17', '2022-08-20 01:02:17'),
(1628, 1, 'admin/venues/create', 'GET', '127.0.0.1', '[]', '2022-08-20 01:02:28', '2022-08-20 01:02:28'),
(1629, 1, 'admin/venues/create', 'GET', '127.0.0.1', '[]', '2022-08-20 01:02:51', '2022-08-20 01:02:51'),
(1630, 1, 'admin/venues/create', 'GET', '127.0.0.1', '[]', '2022-08-20 01:03:15', '2022-08-20 01:03:15'),
(1631, 1, 'admin/venues/create', 'GET', '127.0.0.1', '[]', '2022-08-20 01:03:55', '2022-08-20 01:03:55'),
(1632, 1, 'admin/venues/create', 'GET', '127.0.0.1', '[]', '2022-08-20 01:05:20', '2022-08-20 01:05:20'),
(1633, 1, 'admin/venues', 'GET', '127.0.0.1', '{\"_pjax\":\"#pjax-container\"}', '2022-08-20 01:12:10', '2022-08-20 01:12:10'),
(1634, 1, 'admin/venues/1/edit', 'GET', '127.0.0.1', '{\"_pjax\":\"#pjax-container\"}', '2022-08-20 01:12:33', '2022-08-20 01:12:33'),
(1635, 1, 'admin', 'GET', '127.0.0.1', '{\"_pjax\":\"#pjax-container\"}', '2022-08-20 01:12:38', '2022-08-20 01:12:38'),
(1636, 1, 'admin/auth/login', 'GET', '127.0.0.1', '[]', '2022-08-20 03:59:20', '2022-08-20 03:59:20'),
(1637, 1, 'admin', 'GET', '127.0.0.1', '[]', '2022-08-20 03:59:21', '2022-08-20 03:59:21'),
(1638, 1, 'admin/venues', 'GET', '127.0.0.1', '{\"_pjax\":\"#pjax-container\"}', '2022-08-20 03:59:30', '2022-08-20 03:59:30'),
(1639, 1, 'admin/venues/1/edit', 'GET', '127.0.0.1', '{\"_pjax\":\"#pjax-container\"}', '2022-08-20 03:59:36', '2022-08-20 03:59:36'),
(1640, 1, 'admin/load-api/districts', 'GET', '127.0.0.1', '{\"q\":\"1\"}', '2022-08-20 03:59:48', '2022-08-20 03:59:48'),
(1641, 1, 'admin/load-api/cities', 'GET', '127.0.0.1', '{\"q\":null}', '2022-08-20 03:59:48', '2022-08-20 03:59:48'),
(1642, 1, 'admin/load-api/districts', 'GET', '127.0.0.1', '{\"q\":\"2\"}', '2022-08-20 03:59:49', '2022-08-20 03:59:49'),
(1643, 1, 'admin/load-api/cities', 'GET', '127.0.0.1', '{\"q\":\"16\"}', '2022-08-20 03:59:49', '2022-08-20 03:59:49'),
(1644, 1, 'admin/venues/1', 'PUT', '127.0.0.1', '{\"organization_id\":\"1\",\"name\":\"Radisson\",\"star_rating\":\"5\",\"description\":\"<h4><strong>Approach<\\/strong><\\/h4><p><br><\\/p><p class=\\\"ql-align-justify\\\">Radisson Gurgaon is an extremely beautiful property with all the necessary amenities. It is located near Delhi International Airport in Gurgaon, thus making it easily commutable. Radisson Gurgaon, Udyh all the necessary amenities. It is located near Delhi International Airport in Gurgaon, thus making it easily commutable. Radisson Gurgaon, Udyog Vihar III, stands for generosity and sophistication.<\\/p><p class=\\\"ql-align-justify\\\"><br><\\/p><h4><strong>Ambience<\\/strong><\\/h4><p><br><\\/p><p class=\\\"ql-align-justify\\\">Radisson in Udyog Vihar has everything to organize your ceremonies easily and meet with all your party or banqueting needs &amp; demands to make your occasion an enjoyable experience for you and your famivent spaces like the beautiful banquet halls, smashing poolside venue, airy terrace space, and huge lawn space. The hotel is equipped to organize any kind of function, however, big or small it may be.<\\/p><p class=\\\"ql-align-justify\\\"><br><\\/p><h4><strong>Food and Service<\\/strong><\\/h4><p><br><\\/p><p class=\\\"ql-align-justify\\\">Radisson in Udyog Vihar offers you with its extravagant services to make your event a successful endeavor and make sure that you and your guests\' needs are fulfilled. Their in-house caterers offer an&nbsp;single aspect of your wedding will be taken care of. They put their best efforts to understand and fulfill all your expectations to deliver maximum customer satisfaction with their excellent services.<\\/p><p class=\\\"ql-align-justify\\\"><br><\\/p><h4><strong>Known For<\\/strong><\\/h4><p><br><\\/p><p class=\\\"ql-align-justify\\\">Radisson is well known for its great hospitality and services which is handled by efficient staff and management who would do everything catering to all your needs with the utmost care and courtesy. T&nbsp;do everything catering to all your needs with the utmost care and courtesy. They offer venue spaces to hold many events to celebrate various occasions and ensure that everyone has a great experience.<\\/p><p class=\\\"ql-align-justify\\\"><br><\\/p><h4><strong>Best suited for<\\/strong><\\/h4><p><br><\\/p><ul><li>Anniversary<\\/li><li>Birthday Party<\\/li><li>Cocktail Party<\\/li><li>Conference<\\/li><li>Corporate Party<\\/li><li>Engagement<\\/li><li>First Birthday Party<\\/li><li>Meeting<\\/li><li>Party<\\/li><li>Pool Party<\\/li><li>Reception<\\/li><li>Social Gathering<\\/li><li>Team Building<\\/li><li>Wedding<\\/li><\\/ul><p><br><\\/p><h4><strong>Cuisines<\\/strong><\\/h4><p><br><\\/p><ul><li>Multi Cuisine<\\/li><li>Social Function Menu<\\/li><li>High Tea Menu<\\/li><\\/ul><p><br><\\/p><h4><strong>Terms and Conditions<\\/strong><\\/h4><p><br><\\/p><ul><li>All Government applicable taxes will be applied.<\\/li><li>All Venue Rules Apply.<\\/li><\\/ul><p class=\\\"ql-align-justify\\\"><br><\\/p><p><br><\\/p>\",\"categories\":[\"9\",null],\"occasions\":[\"1\",\"2\",\"8\",null],\"amenities\":[\"1\",\"2\",\"4\",\"7\",\"9\",\"13\",\"17\",\"34\",null],\"price_type\":\"per-day\",\"price\":\"50000.00\",\"capacity\":\"5000\",\"division_id\":\"2\",\"district_id\":\"16\",\"city_id\":\"146\",\"address\":\"adsssadadsad\",\"is_enabled\":\"on\",\"updater_type\":\"AdminUser\",\"updated_by\":\"1\",\"_token\":\"7NAB0ToMfmJ5VXbs01pNwGqg41AuCGzoOrXEtk3g\",\"_method\":\"PUT\",\"_previous_\":\"http:\\/\\/localhost:8000\\/admin\\/venues\"}', '2022-08-20 03:59:58', '2022-08-20 03:59:58'),
(1645, 1, 'admin/venues', 'GET', '127.0.0.1', '[]', '2022-08-20 03:59:59', '2022-08-20 03:59:59'),
(1646, 1, 'admin/venues/1/edit', 'GET', '127.0.0.1', '{\"_pjax\":\"#pjax-container\"}', '2022-08-20 04:00:35', '2022-08-20 04:00:35'),
(1647, 1, 'admin/load-api/districts', 'GET', '127.0.0.1', '{\"q\":\"1\"}', '2022-08-20 04:00:42', '2022-08-20 04:00:42'),
(1648, 1, 'admin/load-api/cities', 'GET', '127.0.0.1', '{\"q\":null}', '2022-08-20 04:00:43', '2022-08-20 04:00:43'),
(1649, 1, 'admin/load-api/districts', 'GET', '127.0.0.1', '{\"q\":\"2\"}', '2022-08-20 04:00:44', '2022-08-20 04:00:44'),
(1650, 1, 'admin/load-api/cities', 'GET', '127.0.0.1', '{\"q\":\"16\"}', '2022-08-20 04:00:44', '2022-08-20 04:00:44'),
(1651, 1, 'admin/venues/1', 'PUT', '127.0.0.1', '{\"organization_id\":\"1\",\"name\":\"Radisson\",\"star_rating\":\"3\",\"description\":\"<h4><strong>Approach<\\/strong><\\/h4><p><br><\\/p><p class=\\\"ql-align-justify\\\">Radisson Gurgaon is an extremely beautiful property with all the necessary amenities. It is located near Delhi International Airport in Gurgaon, thus making it easily commutable. Radisson Gurgaon, Udyh all the necessary amenities. It is located near Delhi International Airport in Gurgaon, thus making it easily commutable. Radisson Gurgaon, Udyog Vihar III, stands for generosity and sophistication.<\\/p><p class=\\\"ql-align-justify\\\"><br><\\/p><h4><strong>Ambience<\\/strong><\\/h4><p><br><\\/p><p class=\\\"ql-align-justify\\\">Radisson in Udyog Vihar has everything to organize your ceremonies easily and meet with all your party or banqueting needs &amp; demands to make your occasion an enjoyable experience for you and your famivent spaces like the beautiful banquet halls, smashing poolside venue, airy terrace space, and huge lawn space. The hotel is equipped to organize any kind of function, however, big or small it may be.<\\/p><p class=\\\"ql-align-justify\\\"><br><\\/p><h4><strong>Food and Service<\\/strong><\\/h4><p><br><\\/p><p class=\\\"ql-align-justify\\\">Radisson in Udyog Vihar offers you with its extravagant services to make your event a successful endeavor and make sure that you and your guests\' needs are fulfilled. Their in-house caterers offer an&nbsp;single aspect of your wedding will be taken care of. They put their best efforts to understand and fulfill all your expectations to deliver maximum customer satisfaction with their excellent services.<\\/p><p class=\\\"ql-align-justify\\\"><br><\\/p><h4><strong>Known For<\\/strong><\\/h4><p><br><\\/p><p class=\\\"ql-align-justify\\\">Radisson is well known for its great hospitality and services which is handled by efficient staff and management who would do everything catering to all your needs with the utmost care and courtesy. T&nbsp;do everything catering to all your needs with the utmost care and courtesy. They offer venue spaces to hold many events to celebrate various occasions and ensure that everyone has a great experience.<\\/p><p class=\\\"ql-align-justify\\\"><br><\\/p><h4><strong>Best suited for<\\/strong><\\/h4><p><br><\\/p><ul><li>Anniversary<\\/li><li>Birthday Party<\\/li><li>Cocktail Party<\\/li><li>Conference<\\/li><li>Corporate Party<\\/li><li>Engagement<\\/li><li>First Birthday Party<\\/li><li>Meeting<\\/li><li>Party<\\/li><li>Pool Party<\\/li><li>Reception<\\/li><li>Social Gathering<\\/li><li>Team Building<\\/li><li>Wedding<\\/li><\\/ul><p><br><\\/p><h4><strong>Cuisines<\\/strong><\\/h4><p><br><\\/p><ul><li>Multi Cuisine<\\/li><li>Social Function Menu<\\/li><li>High Tea Menu<\\/li><\\/ul><p><br><\\/p><h4><strong>Terms and Conditions<\\/strong><\\/h4><p><br><\\/p><ul><li>All Government applicable taxes will be applied.<\\/li><li>All Venue Rules Apply.<\\/li><\\/ul><p class=\\\"ql-align-justify\\\"><br><\\/p><p><br><\\/p>\",\"categories\":[\"9\",null],\"occasions\":[\"1\",\"2\",\"8\",null],\"amenities\":[\"1\",\"2\",\"4\",\"7\",\"9\",\"13\",\"17\",\"34\",null],\"price_type\":\"per-day\",\"price\":\"50000.00\",\"capacity\":\"5000\",\"division_id\":\"2\",\"district_id\":\"16\",\"city_id\":\"146\",\"address\":\"adsssadadsad\",\"is_enabled\":\"on\",\"updater_type\":\"AdminUser\",\"updated_by\":\"1\",\"_token\":\"7NAB0ToMfmJ5VXbs01pNwGqg41AuCGzoOrXEtk3g\",\"_method\":\"PUT\",\"_previous_\":\"http:\\/\\/localhost:8000\\/admin\\/venues\"}', '2022-08-20 04:00:46', '2022-08-20 04:00:46'),
(1652, 1, 'admin/venues', 'GET', '127.0.0.1', '[]', '2022-08-20 04:00:46', '2022-08-20 04:00:46'),
(1653, 1, 'admin/organizations', 'GET', '127.0.0.1', '{\"_pjax\":\"#pjax-container\"}', '2022-08-20 04:01:48', '2022-08-20 04:01:48'),
(1654, 1, 'admin/venues', 'GET', '127.0.0.1', '{\"_pjax\":\"#pjax-container\"}', '2022-08-20 04:01:51', '2022-08-20 04:01:51'),
(1655, 1, 'admin/venues/1/edit', 'GET', '127.0.0.1', '{\"_pjax\":\"#pjax-container\"}', '2022-08-20 04:01:53', '2022-08-20 04:01:53'),
(1656, 1, 'admin/venues/1', 'PUT', '127.0.0.1', '{\"organization_id\":\"1\",\"name\":\"Radisson\",\"star_rating\":\"5\",\"description\":\"<h4><strong>Approach<\\/strong><\\/h4><p><br><\\/p><p class=\\\"ql-align-justify\\\">Radisson Gurgaon is an extremely beautiful property with all the necessary amenities. It is located near Delhi International Airport in Gurgaon, thus making it easily commutable. Radisson Gurgaon, Udyh all the necessary amenities. It is located near Delhi International Airport in Gurgaon, thus making it easily commutable. Radisson Gurgaon, Udyog Vihar III, stands for generosity and sophistication.<\\/p><p class=\\\"ql-align-justify\\\"><br><\\/p><h4><strong>Ambience<\\/strong><\\/h4><p><br><\\/p><p class=\\\"ql-align-justify\\\">Radisson in Udyog Vihar has everything to organize your ceremonies easily and meet with all your party or banqueting needs &amp; demands to make your occasion an enjoyable experience for you and your famivent spaces like the beautiful banquet halls, smashing poolside venue, airy terrace space, and huge lawn space. The hotel is equipped to organize any kind of function, however, big or small it may be.<\\/p><p class=\\\"ql-align-justify\\\"><br><\\/p><h4><strong>Food and Service<\\/strong><\\/h4><p><br><\\/p><p class=\\\"ql-align-justify\\\">Radisson in Udyog Vihar offers you with its extravagant services to make your event a successful endeavor and make sure that you and your guests\' needs are fulfilled. Their in-house caterers offer an&nbsp;single aspect of your wedding will be taken care of. They put their best efforts to understand and fulfill all your expectations to deliver maximum customer satisfaction with their excellent services.<\\/p><p class=\\\"ql-align-justify\\\"><br><\\/p><h4><strong>Known For<\\/strong><\\/h4><p><br><\\/p><p class=\\\"ql-align-justify\\\">Radisson is well known for its great hospitality and services which is handled by efficient staff and management who would do everything catering to all your needs with the utmost care and courtesy. T&nbsp;do everything catering to all your needs with the utmost care and courtesy. They offer venue spaces to hold many events to celebrate various occasions and ensure that everyone has a great experience.<\\/p><p class=\\\"ql-align-justify\\\"><br><\\/p><h4><strong>Best suited for<\\/strong><\\/h4><p><br><\\/p><ul><li>Anniversary<\\/li><li>Birthday Party<\\/li><li>Cocktail Party<\\/li><li>Conference<\\/li><li>Corporate Party<\\/li><li>Engagement<\\/li><li>First Birthday Party<\\/li><li>Meeting<\\/li><li>Party<\\/li><li>Pool Party<\\/li><li>Reception<\\/li><li>Social Gathering<\\/li><li>Team Building<\\/li><li>Wedding<\\/li><\\/ul><p><br><\\/p><h4><strong>Cuisines<\\/strong><\\/h4><p><br><\\/p><ul><li>Multi Cuisine<\\/li><li>Social Function Menu<\\/li><li>High Tea Menu<\\/li><\\/ul><p><br><\\/p><h4><strong>Terms and Conditions<\\/strong><\\/h4><p><br><\\/p><ul><li>All Government applicable taxes will be applied.<\\/li><li>All Venue Rules Apply.<\\/li><\\/ul><p class=\\\"ql-align-justify\\\"><br><\\/p><p><br><\\/p>\",\"categories\":[\"9\",null],\"occasions\":[\"1\",\"2\",\"8\",null],\"amenities\":[\"1\",\"2\",\"4\",\"7\",\"9\",\"13\",\"17\",\"34\",null],\"price_type\":\"per-day\",\"price\":\"50000.00\",\"capacity\":\"5000\",\"division_id\":\"2\",\"district_id\":null,\"city_id\":null,\"address\":\"adsssadadsad\",\"is_enabled\":\"on\",\"updater_type\":\"AdminUser\",\"updated_by\":\"1\",\"_token\":\"7NAB0ToMfmJ5VXbs01pNwGqg41AuCGzoOrXEtk3g\",\"_method\":\"PUT\",\"_previous_\":\"http:\\/\\/localhost:8000\\/admin\\/venues\"}', '2022-08-20 04:01:59', '2022-08-20 04:01:59'),
(1657, 1, 'admin/venues/1/edit', 'GET', '127.0.0.1', '[]', '2022-08-20 04:02:00', '2022-08-20 04:02:00'),
(1658, 1, 'admin/load-api/districts', 'GET', '127.0.0.1', '{\"q\":\"1\"}', '2022-08-20 04:02:07', '2022-08-20 04:02:07'),
(1659, 1, 'admin/load-api/cities', 'GET', '127.0.0.1', '{\"q\":null}', '2022-08-20 04:02:08', '2022-08-20 04:02:08'),
(1660, 1, 'admin/load-api/districts', 'GET', '127.0.0.1', '{\"q\":\"2\"}', '2022-08-20 04:02:14', '2022-08-20 04:02:14'),
(1661, 1, 'admin/load-api/cities', 'GET', '127.0.0.1', '{\"q\":\"16\"}', '2022-08-20 04:02:15', '2022-08-20 04:02:15'),
(1662, 1, 'admin/venues/1', 'PUT', '127.0.0.1', '{\"organization_id\":\"1\",\"name\":\"Radisson\",\"star_rating\":\"5\",\"description\":\"<h4><strong>Approach<\\/strong><\\/h4><p><br><\\/p><p class=\\\"ql-align-justify\\\">Radisson Gurgaon is an extremely beautiful property with all the necessary amenities. It is located near Delhi International Airport in Gurgaon, thus making it easily commutable. Radisson Gurgaon, Udyh all the necessary amenities. It is located near Delhi International Airport in Gurgaon, thus making it easily commutable. Radisson Gurgaon, Udyog Vihar III, stands for generosity and sophistication.<\\/p><p class=\\\"ql-align-justify\\\"><br><\\/p><h4><strong>Ambience<\\/strong><\\/h4><p><br><\\/p><p class=\\\"ql-align-justify\\\">Radisson in Udyog Vihar has everything to organize your ceremonies easily and meet with all your party or banqueting needs &amp; demands to make your occasion an enjoyable experience for you and your famivent spaces like the beautiful banquet halls, smashing poolside venue, airy terrace space, and huge lawn space. The hotel is equipped to organize any kind of function, however, big or small it may be.<\\/p><p class=\\\"ql-align-justify\\\"><br><\\/p><h4><strong>Food and Service<\\/strong><\\/h4><p><br><\\/p><p class=\\\"ql-align-justify\\\">Radisson in Udyog Vihar offers you with its extravagant services to make your event a successful endeavor and make sure that you and your guests\' needs are fulfilled. Their in-house caterers offer an&nbsp;single aspect of your wedding will be taken care of. They put their best efforts to understand and fulfill all your expectations to deliver maximum customer satisfaction with their excellent services.<\\/p><p class=\\\"ql-align-justify\\\"><br><\\/p><h4><strong>Known For<\\/strong><\\/h4><p><br><\\/p><p class=\\\"ql-align-justify\\\">Radisson is well known for its great hospitality and services which is handled by efficient staff and management who would do everything catering to all your needs with the utmost care and courtesy. T&nbsp;do everything catering to all your needs with the utmost care and courtesy. They offer venue spaces to hold many events to celebrate various occasions and ensure that everyone has a great experience.<\\/p><p class=\\\"ql-align-justify\\\"><br><\\/p><h4><strong>Best suited for<\\/strong><\\/h4><p><br><\\/p><ul><li>Anniversary<\\/li><li>Birthday Party<\\/li><li>Cocktail Party<\\/li><li>Conference<\\/li><li>Corporate Party<\\/li><li>Engagement<\\/li><li>First Birthday Party<\\/li><li>Meeting<\\/li><li>Party<\\/li><li>Pool Party<\\/li><li>Reception<\\/li><li>Social Gathering<\\/li><li>Team Building<\\/li><li>Wedding<\\/li><\\/ul><p><br><\\/p><h4><strong>Cuisines<\\/strong><\\/h4><p><br><\\/p><ul><li>Multi Cuisine<\\/li><li>Social Function Menu<\\/li><li>High Tea Menu<\\/li><\\/ul><p><br><\\/p><h4><strong>Terms and Conditions<\\/strong><\\/h4><p><br><\\/p><ul><li>All Government applicable taxes will be applied.<\\/li><li>All Venue Rules Apply.<\\/li><\\/ul><p class=\\\"ql-align-justify\\\"><br><\\/p><p><br><\\/p>\",\"categories\":[\"9\",null],\"occasions\":[\"1\",\"2\",\"8\",null],\"amenities\":[\"1\",\"2\",\"4\",\"7\",\"9\",\"13\",\"17\",\"34\",null],\"price_type\":\"per-day\",\"price\":\"50000.00\",\"capacity\":\"5000\",\"division_id\":\"2\",\"district_id\":\"16\",\"city_id\":\"146\",\"address\":\"adsssadadsad\",\"is_enabled\":\"on\",\"updater_type\":\"AdminUser\",\"updated_by\":\"1\",\"_token\":\"7NAB0ToMfmJ5VXbs01pNwGqg41AuCGzoOrXEtk3g\",\"_method\":\"PUT\"}', '2022-08-20 04:02:16', '2022-08-20 04:02:16'),
(1663, 1, 'admin/venues', 'GET', '127.0.0.1', '[]', '2022-08-20 04:02:17', '2022-08-20 04:02:17'),
(1664, 1, 'admin/venues/1/edit', 'GET', '127.0.0.1', '{\"_pjax\":\"#pjax-container\"}', '2022-08-20 04:04:21', '2022-08-20 04:04:21');
INSERT INTO `admin_operation_log` (`id`, `user_id`, `path`, `method`, `ip`, `input`, `created_at`, `updated_at`) VALUES
(1665, 1, 'admin/venues/1', 'PUT', '127.0.0.1', '{\"organization_id\":\"1\",\"name\":\"Radisson\",\"star_rating\":\"5\",\"description\":\"<h4><strong>Approach<\\/strong><\\/h4><p><br><\\/p><p class=\\\"ql-align-justify\\\">Radisson Gurgaon is an extremely beautiful property with all the necessary amenities. It is located near Delhi International Airport in Gurgaon, thus making it easily commutable. Radisson Gurgaon, Udyh all the necessary amenities. It is located near Delhi International Airport in Gurgaon, thus making it easily commutable. Radisson Gurgaon, Udyog Vihar III, stands for generosity and sophistication.<\\/p><p class=\\\"ql-align-justify\\\"><br><\\/p><h4><strong>Ambience<\\/strong><\\/h4><p><br><\\/p><p class=\\\"ql-align-justify\\\">Radisson in Udyog Vihar has everything to organize your ceremonies easily and meet with all your party or banqueting needs &amp; demands to make your occasion an enjoyable experience for you and your famivent spaces like the beautiful banquet halls, smashing poolside venue, airy terrace space, and huge lawn space. The hotel is equipped to organize any kind of function, however, big or small it may be.<\\/p><p class=\\\"ql-align-justify\\\"><br><\\/p><h4><strong>Food and Service<\\/strong><\\/h4><p><br><\\/p><p class=\\\"ql-align-justify\\\">Radisson in Udyog Vihar offers you with its extravagant services to make your event a successful endeavor and make sure that you and your guests\' needs are fulfilled. Their in-house caterers offer an&nbsp;single aspect of your wedding will be taken care of. They put their best efforts to understand and fulfill all your expectations to deliver maximum customer satisfaction with their excellent services.<\\/p><p class=\\\"ql-align-justify\\\"><br><\\/p><h4><strong>Known For<\\/strong><\\/h4><p><br><\\/p><p class=\\\"ql-align-justify\\\">Radisson is well known for its great hospitality and services which is handled by efficient staff and management who would do everything catering to all your needs with the utmost care and courtesy. T&nbsp;do everything catering to all your needs with the utmost care and courtesy. They offer venue spaces to hold many events to celebrate various occasions and ensure that everyone has a great experience.<\\/p><p class=\\\"ql-align-justify\\\"><br><\\/p><h4><strong>Best suited for<\\/strong><\\/h4><p><br><\\/p><ul><li>Anniversary<\\/li><li>Birthday Party<\\/li><li>Cocktail Party<\\/li><li>Conference<\\/li><li>Corporate Party<\\/li><li>Engagement<\\/li><li>First Birthday Party<\\/li><li>Meeting<\\/li><li>Party<\\/li><li>Pool Party<\\/li><li>Reception<\\/li><li>Social Gathering<\\/li><li>Team Building<\\/li><li>Wedding<\\/li><\\/ul><p><br><\\/p><h4><strong>Cuisines<\\/strong><\\/h4><p><br><\\/p><ul><li>Multi Cuisine<\\/li><li>Social Function Menu<\\/li><li>High Tea Menu<\\/li><\\/ul><p><br><\\/p><h4><strong>Terms and Conditions<\\/strong><\\/h4><p><br><\\/p><ul><li>All Government applicable taxes will be applied.<\\/li><li>All Venue Rules Apply.<\\/li><\\/ul><p class=\\\"ql-align-justify\\\"><br><\\/p><p><br><\\/p>\",\"categories\":[\"9\",null],\"occasions\":[\"1\",\"2\",\"8\",null],\"amenities\":[\"1\",\"2\",\"4\",\"7\",\"9\",\"13\",\"17\",\"34\",null],\"price_type\":\"per-day\",\"price\":\"50000.00\",\"capacity\":\"5000\",\"division_id\":\"2\",\"district_id\":null,\"city_id\":null,\"address\":\"adsssadadsad\",\"is_enabled\":\"on\",\"updater_type\":\"AdminUser\",\"updated_by\":\"1\",\"_token\":\"7NAB0ToMfmJ5VXbs01pNwGqg41AuCGzoOrXEtk3g\",\"_method\":\"PUT\",\"_previous_\":\"http:\\/\\/localhost:8000\\/admin\\/venues\"}', '2022-08-20 04:04:24', '2022-08-20 04:04:24'),
(1666, 1, 'admin/venues/1/edit', 'GET', '127.0.0.1', '[]', '2022-08-20 04:04:24', '2022-08-20 04:04:24'),
(1667, 1, 'admin/venues', 'GET', '127.0.0.1', '{\"_pjax\":\"#pjax-container\"}', '2022-08-20 04:05:14', '2022-08-20 04:05:14'),
(1668, 1, 'admin/venues/1/edit', 'GET', '127.0.0.1', '{\"_pjax\":\"#pjax-container\"}', '2022-08-20 04:15:37', '2022-08-20 04:15:37'),
(1669, 1, 'admin/venues/1/edit', 'GET', '127.0.0.1', '[]', '2022-08-20 04:16:04', '2022-08-20 04:16:04'),
(1670, 1, 'admin/venues/1/edit', 'GET', '127.0.0.1', '[]', '2022-08-20 04:16:33', '2022-08-20 04:16:33'),
(1671, 1, 'admin/venues/1/edit', 'GET', '127.0.0.1', '[]', '2022-08-20 04:17:32', '2022-08-20 04:17:32'),
(1672, 1, 'admin/load-api/districts', 'GET', '127.0.0.1', '{\"q\":\"4\"}', '2022-08-20 04:17:41', '2022-08-20 04:17:41'),
(1673, 1, 'admin/load-api/cities', 'GET', '127.0.0.1', '{\"q\":null}', '2022-08-20 04:17:42', '2022-08-20 04:17:42'),
(1674, 1, 'admin/load-api/districts', 'GET', '127.0.0.1', '{\"q\":\"2\"}', '2022-08-20 04:17:51', '2022-08-20 04:17:51'),
(1675, 1, 'admin/load-api/cities', 'GET', '127.0.0.1', '{\"q\":\"16\"}', '2022-08-20 04:17:51', '2022-08-20 04:17:51'),
(1676, 1, 'admin/venues/1/edit', 'GET', '127.0.0.1', '[]', '2022-08-20 04:18:14', '2022-08-20 04:18:14'),
(1677, 1, 'admin/load-api/districts', 'GET', '127.0.0.1', '{\"q\":\"1\"}', '2022-08-20 04:18:22', '2022-08-20 04:18:22'),
(1678, 1, 'admin/load-api/cities', 'GET', '127.0.0.1', '{\"q\":null}', '2022-08-20 04:18:22', '2022-08-20 04:18:22'),
(1679, 1, 'admin/load-api/cities', 'GET', '127.0.0.1', '{\"q\":\"1\"}', '2022-08-20 04:18:23', '2022-08-20 04:18:23'),
(1680, 1, 'admin/load-api/districts', 'GET', '127.0.0.1', '{\"q\":\"2\"}', '2022-08-20 04:18:27', '2022-08-20 04:18:27'),
(1681, 1, 'admin/load-api/cities', 'GET', '127.0.0.1', '{\"q\":\"16\"}', '2022-08-20 04:18:27', '2022-08-20 04:18:27'),
(1682, 1, 'admin/load-api/cities', 'GET', '127.0.0.1', '{\"q\":\"15\"}', '2022-08-20 04:18:29', '2022-08-20 04:18:29'),
(1683, 1, 'admin/venues/1/edit', 'GET', '127.0.0.1', '[]', '2022-08-20 04:20:16', '2022-08-20 04:20:16'),
(1684, 1, 'admin/load-api/districts', 'GET', '127.0.0.1', '{\"q\":\"4\"}', '2022-08-20 04:20:24', '2022-08-20 04:20:24'),
(1685, 1, 'admin/load-api/cities', 'GET', '127.0.0.1', '{\"q\":null}', '2022-08-20 04:20:25', '2022-08-20 04:20:25'),
(1686, 1, 'admin/load-api/cities', 'GET', '127.0.0.1', '{\"q\":\"30\"}', '2022-08-20 04:20:28', '2022-08-20 04:20:28'),
(1687, 1, 'admin/venues', 'GET', '127.0.0.1', '{\"_pjax\":\"#pjax-container\"}', '2022-08-20 04:22:34', '2022-08-20 04:22:34'),
(1688, 1, 'admin/venues/create', 'GET', '127.0.0.1', '{\"_pjax\":\"#pjax-container\"}', '2022-08-20 04:22:36', '2022-08-20 04:22:36'),
(1689, 1, 'admin/load-api/districts', 'GET', '127.0.0.1', '{\"q\":\"4\"}', '2022-08-20 04:22:40', '2022-08-20 04:22:40'),
(1690, 1, 'admin/load-api/cities', 'GET', '127.0.0.1', '{\"q\":\"30\"}', '2022-08-20 04:22:41', '2022-08-20 04:22:41'),
(1691, 1, 'admin/load-api/cities', 'GET', '127.0.0.1', '{\"q\":\"35\"}', '2022-08-20 04:22:44', '2022-08-20 04:22:44'),
(1692, 1, 'admin/load-api/cities', 'GET', '127.0.0.1', '{\"q\":\"30\"}', '2022-08-20 04:22:45', '2022-08-20 04:22:45'),
(1693, 1, 'admin/load-api/cities', 'GET', '127.0.0.1', '{\"q\":null}', '2022-08-20 04:22:52', '2022-08-20 04:22:52'),
(1694, 1, 'admin/venues', 'GET', '127.0.0.1', '{\"_pjax\":\"#pjax-container\"}', '2022-08-20 04:22:57', '2022-08-20 04:22:57'),
(1695, 1, 'admin/venues/1/edit', 'GET', '127.0.0.1', '{\"_pjax\":\"#pjax-container\"}', '2022-08-20 04:22:59', '2022-08-20 04:22:59'),
(1696, 1, 'admin/venues/1/edit', 'GET', '127.0.0.1', '[]', '2022-08-20 04:24:12', '2022-08-20 04:24:12'),
(1697, 1, 'admin/load-api/districts', 'GET', '127.0.0.1', '{\"q\":\"1\"}', '2022-08-20 04:24:20', '2022-08-20 04:24:20'),
(1698, 1, 'admin/load-api/cities', 'GET', '127.0.0.1', '{\"q\":null}', '2022-08-20 04:24:20', '2022-08-20 04:24:20'),
(1699, 1, 'admin/venues/1/edit', 'GET', '127.0.0.1', '[]', '2022-08-20 04:24:22', '2022-08-20 04:24:22'),
(1700, 1, 'admin/venues/1/edit', 'GET', '127.0.0.1', '[]', '2022-08-20 04:25:24', '2022-08-20 04:25:24'),
(1701, 1, 'admin/venues/1/edit', 'GET', '127.0.0.1', '[]', '2022-08-20 04:25:36', '2022-08-20 04:25:36'),
(1702, 1, 'admin/load-api/districts', 'GET', '127.0.0.1', '{\"q\":\"1\"}', '2022-08-20 04:25:46', '2022-08-20 04:25:46'),
(1703, 1, 'admin/load-api/cities', 'GET', '127.0.0.1', '{\"q\":null}', '2022-08-20 04:25:46', '2022-08-20 04:25:46'),
(1704, 1, 'admin/venues/1/edit', 'GET', '127.0.0.1', '[]', '2022-08-20 04:25:49', '2022-08-20 04:25:49'),
(1705, 1, 'admin/venues/1/edit', 'GET', '127.0.0.1', '[]', '2022-08-20 04:26:32', '2022-08-20 04:26:32'),
(1706, 1, 'admin/venues/1/edit', 'GET', '127.0.0.1', '[]', '2022-08-20 04:26:39', '2022-08-20 04:26:39'),
(1707, 1, 'admin/load-api/districts', 'GET', '127.0.0.1', '{\"q\":\"4\"}', '2022-08-20 04:26:47', '2022-08-20 04:26:47'),
(1708, 1, 'admin/load-api/cities', 'GET', '127.0.0.1', '{\"q\":null}', '2022-08-20 04:26:48', '2022-08-20 04:26:48'),
(1709, 1, 'admin/venues/1/edit', 'GET', '127.0.0.1', '[]', '2022-08-20 04:27:16', '2022-08-20 04:27:16'),
(1710, 1, 'admin/load-api/districts', 'GET', '127.0.0.1', '{\"q\":\"1\"}', '2022-08-20 04:28:16', '2022-08-20 04:28:16'),
(1711, 1, 'admin/load-api/cities', 'GET', '127.0.0.1', '{\"q\":null}', '2022-08-20 04:28:16', '2022-08-20 04:28:16'),
(1712, 1, 'admin/load-api/cities', 'GET', '127.0.0.1', '{\"q\":\"1\"}', '2022-08-20 04:28:17', '2022-08-20 04:28:17'),
(1713, 1, 'admin/load-api/districts', 'GET', '127.0.0.1', '{\"q\":\"2\"}', '2022-08-20 04:28:20', '2022-08-20 04:28:20'),
(1714, 1, 'admin/load-api/cities', 'GET', '127.0.0.1', '{\"q\":\"16\"}', '2022-08-20 04:28:20', '2022-08-20 04:28:20'),
(1715, 1, 'admin/venues/1/edit', 'GET', '127.0.0.1', '[]', '2022-08-20 04:32:01', '2022-08-20 04:32:01'),
(1716, 1, 'admin/load-api/cities', 'GET', '127.0.0.1', '{\"q\":\"s\"}', '2022-08-20 04:32:10', '2022-08-20 04:32:10'),
(1717, 1, 'admin/load-api/cities', 'GET', '127.0.0.1', '{\"q\":\"f\"}', '2022-08-20 04:32:14', '2022-08-20 04:32:14'),
(1718, 1, 'admin/venues/1/edit', 'GET', '127.0.0.1', '[]', '2022-08-20 04:32:24', '2022-08-20 04:32:24'),
(1719, 1, 'admin/venues/1/edit', 'GET', '127.0.0.1', '[]', '2022-08-20 04:32:53', '2022-08-20 04:32:53'),
(1720, 1, 'admin/venues/1/edit', 'GET', '127.0.0.1', '[]', '2022-08-20 04:35:27', '2022-08-20 04:35:27'),
(1721, 1, 'admin/venues/1/edit', 'GET', '127.0.0.1', '[]', '2022-08-20 04:35:58', '2022-08-20 04:35:58'),
(1722, 1, 'admin/venues/1/edit', 'GET', '127.0.0.1', '[]', '2022-08-20 04:36:19', '2022-08-20 04:36:19'),
(1723, 1, 'admin/load-api/districts', 'GET', '127.0.0.1', '{\"q\":\"4\"}', '2022-08-20 04:36:29', '2022-08-20 04:36:29'),
(1724, 1, 'admin/load-api/cities', 'GET', '127.0.0.1', '{\"q\":null}', '2022-08-20 04:36:29', '2022-08-20 04:36:29'),
(1725, 1, 'admin/load-api/districts', 'GET', '127.0.0.1', '{\"q\":\"1\"}', '2022-08-20 04:36:31', '2022-08-20 04:36:31'),
(1726, 1, 'admin/load-api/cities', 'GET', '127.0.0.1', '{\"q\":null}', '2022-08-20 04:36:32', '2022-08-20 04:36:32'),
(1727, 1, 'admin/venues/1/edit', 'GET', '127.0.0.1', '[]', '2022-08-20 04:37:39', '2022-08-20 04:37:39'),
(1728, 1, 'admin/venues/1/edit', 'GET', '127.0.0.1', '[]', '2022-08-20 04:40:00', '2022-08-20 04:40:00'),
(1729, 1, 'admin/venues/1/edit', 'GET', '127.0.0.1', '[]', '2022-08-20 04:41:43', '2022-08-20 04:41:43'),
(1730, 1, 'admin/venues/1/edit', 'GET', '127.0.0.1', '[]', '2022-08-20 04:42:03', '2022-08-20 04:42:03'),
(1731, 1, 'admin/venues/1/edit', 'GET', '127.0.0.1', '[]', '2022-08-20 04:42:32', '2022-08-20 04:42:32'),
(1732, 1, 'admin/venues/1/edit', 'GET', '127.0.0.1', '[]', '2022-08-20 04:42:47', '2022-08-20 04:42:47'),
(1733, 1, 'admin/venues/1/edit', 'GET', '127.0.0.1', '[]', '2022-08-20 04:43:18', '2022-08-20 04:43:18'),
(1734, 1, 'admin/load-api/districts', 'GET', '127.0.0.1', '{\"q\":\"1\"}', '2022-08-20 04:43:26', '2022-08-20 04:43:26'),
(1735, 1, 'admin/load-api/cities', 'GET', '127.0.0.1', '{\"q\":null}', '2022-08-20 04:43:26', '2022-08-20 04:43:26'),
(1736, 1, 'admin/venues/1/edit', 'GET', '127.0.0.1', '[]', '2022-08-20 04:43:46', '2022-08-20 04:43:46'),
(1737, 1, 'admin/venues/1/edit', 'GET', '127.0.0.1', '[]', '2022-08-20 04:45:17', '2022-08-20 04:45:17'),
(1738, 1, 'admin/venues/1/edit', 'GET', '127.0.0.1', '[]', '2022-08-20 04:45:34', '2022-08-20 04:45:34'),
(1739, 1, 'admin/venues/1/edit', 'GET', '127.0.0.1', '[]', '2022-08-20 04:45:49', '2022-08-20 04:45:49'),
(1740, 1, 'admin/venues/1/edit', 'GET', '127.0.0.1', '[]', '2022-08-20 04:46:09', '2022-08-20 04:46:09'),
(1741, 1, 'admin/venues/1/edit', 'GET', '127.0.0.1', '[]', '2022-08-20 04:46:45', '2022-08-20 04:46:45'),
(1742, 1, 'admin/load-api/districts', 'GET', '127.0.0.1', '{\"q\":\"1\"}', '2022-08-20 04:46:53', '2022-08-20 04:46:53'),
(1743, 1, 'admin/load-api/cities', 'GET', '127.0.0.1', '{\"q\":null}', '2022-08-20 04:46:53', '2022-08-20 04:46:53'),
(1744, 1, 'admin/load-api/districts', 'GET', '127.0.0.1', '{\"q\":\"2\"}', '2022-08-20 04:46:58', '2022-08-20 04:46:58'),
(1745, 1, 'admin/load-api/cities', 'GET', '127.0.0.1', '{\"q\":\"16\"}', '2022-08-20 04:46:59', '2022-08-20 04:46:59'),
(1746, 1, 'admin/venues/1/edit', 'GET', '127.0.0.1', '[]', '2022-08-20 04:47:06', '2022-08-20 04:47:06'),
(1747, 1, 'admin/divisions', 'GET', '127.0.0.1', '{\"_pjax\":\"#pjax-container\"}', '2022-08-20 04:50:34', '2022-08-20 04:50:34'),
(1748, 1, 'admin/districts', 'GET', '127.0.0.1', '{\"_pjax\":\"#pjax-container\"}', '2022-08-20 04:50:40', '2022-08-20 04:50:40'),
(1749, 1, 'admin/districts/1/edit', 'GET', '127.0.0.1', '{\"_pjax\":\"#pjax-container\"}', '2022-08-20 04:50:43', '2022-08-20 04:50:43'),
(1750, 1, 'admin/cities', 'GET', '127.0.0.1', '{\"_pjax\":\"#pjax-container\"}', '2022-08-20 04:50:49', '2022-08-20 04:50:49'),
(1751, 1, 'admin/cities/1/edit', 'GET', '127.0.0.1', '{\"_pjax\":\"#pjax-container\"}', '2022-08-20 04:50:52', '2022-08-20 04:50:52'),
(1752, 1, 'admin/orders', 'GET', '127.0.0.1', '{\"_pjax\":\"#pjax-container\"}', '2022-08-20 04:51:00', '2022-08-20 04:51:00'),
(1753, 1, 'admin/orders/1/edit', 'GET', '127.0.0.1', '{\"_pjax\":\"#pjax-container\"}', '2022-08-20 04:51:03', '2022-08-20 04:51:03'),
(1754, 1, 'admin/venues', 'GET', '127.0.0.1', '{\"_pjax\":\"#pjax-container\"}', '2022-08-20 04:51:09', '2022-08-20 04:51:09'),
(1755, 1, 'admin/venues/3/edit', 'GET', '127.0.0.1', '{\"_pjax\":\"#pjax-container\"}', '2022-08-20 04:51:14', '2022-08-20 04:51:14'),
(1756, 1, 'admin', 'GET', '127.0.0.1', '{\"_pjax\":\"#pjax-container\"}', '2022-08-20 04:51:45', '2022-08-20 04:51:45'),
(1757, 1, 'admin', 'GET', '127.0.0.1', '{\"_pjax\":\"#pjax-container\"}', '2022-08-20 04:51:51', '2022-08-20 04:51:51'),
(1758, 1, 'admin', 'GET', '127.0.0.1', '{\"_pjax\":\"#pjax-container\"}', '2022-08-20 04:52:19', '2022-08-20 04:52:19'),
(1759, 1, 'admin/occasions', 'GET', '127.0.0.1', '{\"_pjax\":\"#pjax-container\"}', '2022-08-20 04:59:43', '2022-08-20 04:59:43'),
(1760, 1, 'admin', 'GET', '127.0.0.1', '{\"_pjax\":\"#pjax-container\"}', '2022-08-20 04:59:45', '2022-08-20 04:59:45'),
(1761, 1, 'admin/organizations', 'GET', '127.0.0.1', '{\"_pjax\":\"#pjax-container\"}', '2022-08-20 05:02:10', '2022-08-20 05:02:10'),
(1762, 1, 'admin/venues', 'GET', '127.0.0.1', '{\"_pjax\":\"#pjax-container\"}', '2022-08-20 05:02:11', '2022-08-20 05:02:11'),
(1763, 1, 'admin', 'GET', '127.0.0.1', '{\"_pjax\":\"#pjax-container\"}', '2022-08-20 05:02:13', '2022-08-20 05:02:13'),
(1764, 1, 'admin/venues', 'GET', '127.0.0.1', '{\"_pjax\":\"#pjax-container\"}', '2022-08-20 05:04:57', '2022-08-20 05:04:57'),
(1765, 1, 'admin', 'GET', '127.0.0.1', '{\"_pjax\":\"#pjax-container\"}', '2022-08-20 05:05:06', '2022-08-20 05:05:06'),
(1766, 1, 'admin/venues', 'GET', '127.0.0.1', '{\"_pjax\":\"#pjax-container\"}', '2022-08-20 05:05:09', '2022-08-20 05:05:09'),
(1767, 1, 'admin/venues/2/edit', 'GET', '127.0.0.1', '{\"_pjax\":\"#pjax-container\"}', '2022-08-20 05:05:11', '2022-08-20 05:05:11'),
(1768, 1, 'admin/load-api/districts', 'GET', '127.0.0.1', '{\"q\":\"1\"}', '2022-08-20 05:05:20', '2022-08-20 05:05:20'),
(1769, 1, 'admin/load-api/cities', 'GET', '127.0.0.1', '{\"q\":null}', '2022-08-20 05:05:20', '2022-08-20 05:05:20'),
(1770, 1, 'admin/load-api/districts', 'GET', '127.0.0.1', '{\"q\":\"6\"}', '2022-08-20 05:05:22', '2022-08-20 05:05:22'),
(1771, 1, 'admin/load-api/cities', 'GET', '127.0.0.1', '{\"q\":\"41\"}', '2022-08-20 05:05:22', '2022-08-20 05:05:22'),
(1772, 1, 'admin/venues/2', 'PUT', '127.0.0.1', '{\"organization_id\":\"1\",\"name\":\"Essel Tower Club\",\"star_rating\":null,\"description\":\"<h4><strong>Approach<\\/strong><\\/h4><p><br><\\/p><p class=\\\"ql-align-justify\\\">Radisson Gurgaon is an extremely beautiful property with all the necessary amenities. It is located near Delhi International Airport in Gurgaon, thus making it easily commutable. Radisson Gurgaon, Udyh all the necessary amenities. It is located near Delhi International Airport in Gurgaon, thus making it easily commutable. Radisson Gurgaon, Udyog Vihar III, stands for generosity and sophistication.<\\/p><p class=\\\"ql-align-justify\\\"><br><\\/p><h4><strong>Ambience<\\/strong><\\/h4><p><br><\\/p><p class=\\\"ql-align-justify\\\">Radisson in Udyog Vihar has everything to organize your ceremonies easily and meet with all your party or banqueting needs &amp; demands to make your occasion an enjoyable experience for you and your famivent spaces like the beautiful banquet halls, smashing poolside venue, airy terrace space, and huge lawn space. The hotel is equipped to organize any kind of function, however, big or small it may be.<\\/p><p class=\\\"ql-align-justify\\\"><br><\\/p><h4><strong>Food and Service<\\/strong><\\/h4><p><br><\\/p><p class=\\\"ql-align-justify\\\">Radisson in Udyog Vihar offers you with its extravagant services to make your event a successful endeavor and make sure that you and your guests\' needs are fulfilled. Their in-house caterers offer an&nbsp;single aspect of your wedding will be taken care of. They put their best efforts to understand and fulfill all your expectations to deliver maximum customer satisfaction with their excellent services.<\\/p><p class=\\\"ql-align-justify\\\"><br><\\/p><h4><strong>Known For<\\/strong><\\/h4><p><br><\\/p><p class=\\\"ql-align-justify\\\">Radisson is well known for its great hospitality and services which is handled by efficient staff and management who would do everything catering to all your needs with the utmost care and courtesy. T&nbsp;do everything catering to all your needs with the utmost care and courtesy. They offer venue spaces to hold many events to celebrate various occasions and ensure that everyone has a great experience.<\\/p><p class=\\\"ql-align-justify\\\"><br><\\/p><h4><strong>Best suited for<\\/strong><\\/h4><p><br><\\/p><ul><li>Anniversary<\\/li><li>Birthday Party<\\/li><li>Cocktail Party<\\/li><li>Conference<\\/li><li>Corporate Party<\\/li><li>Engagement<\\/li><li>First Birthday Party<\\/li><li>Meeting<\\/li><li>Party<\\/li><li>Pool Party<\\/li><li>Reception<\\/li><li>Social Gathering<\\/li><li>Team Building<\\/li><li>Wedding<\\/li><\\/ul><p><br><\\/p><h4><strong>Cuisines<\\/strong><\\/h4><p><br><\\/p><ul><li>Multi Cuisine<\\/li><li>Social Function Menu<\\/li><li>High Tea Menu<\\/li><\\/ul><p><br><\\/p><h4><strong>Terms and Conditions<\\/strong><\\/h4><p><br><\\/p><ul><li>All Government applicable taxes will be applied.<\\/li><li>All Venue Rules Apply.<\\/li><\\/ul><p class=\\\"ql-align-justify\\\"><br><\\/p><p><br><\\/p>\",\"categories\":[\"8\",null],\"occasions\":[\"3\",\"6\",\"9\",\"10\",\"14\",\"15\",\"16\",null],\"amenities\":[\"1\",\"6\",\"8\",\"10\",\"18\",\"29\",\"30\",\"31\",null],\"price_type\":\"per-night\",\"price\":\"30000.00\",\"capacity\":\"2000\",\"division_id\":\"6\",\"district_id\":\"41\",\"city_id\":\"318\",\"address\":null,\"is_enabled\":\"on\",\"updater_type\":\"AdminUser\",\"updated_by\":\"1\",\"_token\":\"7NAB0ToMfmJ5VXbs01pNwGqg41AuCGzoOrXEtk3g\",\"_method\":\"PUT\",\"_previous_\":\"http:\\/\\/localhost:8000\\/admin\\/venues\"}', '2022-08-20 05:05:28', '2022-08-20 05:05:28'),
(1773, 1, 'admin/venues', 'GET', '127.0.0.1', '[]', '2022-08-20 05:05:29', '2022-08-20 05:05:29'),
(1774, 1, 'admin/venues/2/edit', 'GET', '127.0.0.1', '{\"_pjax\":\"#pjax-container\"}', '2022-08-20 05:05:31', '2022-08-20 05:05:31'),
(1775, 1, 'admin', 'GET', '127.0.0.1', '{\"_pjax\":\"#pjax-container\"}', '2022-08-20 05:05:36', '2022-08-20 05:05:36'),
(1776, 1, 'admin', 'GET', '127.0.0.1', '{\"_pjax\":\"#pjax-container\"}', '2022-08-20 05:08:18', '2022-08-20 05:08:18'),
(1777, 1, 'admin/auth/menu', 'GET', '127.0.0.1', '{\"_pjax\":\"#pjax-container\"}', '2022-08-20 05:18:51', '2022-08-20 05:18:51'),
(1778, 1, 'admin', 'GET', '127.0.0.1', '{\"_pjax\":\"#pjax-container\"}', '2022-08-20 05:18:53', '2022-08-20 05:18:53'),
(1779, 1, 'admin', 'GET', '127.0.0.1', '{\"_pjax\":\"#pjax-container\"}', '2022-08-20 05:23:26', '2022-08-20 05:23:26'),
(1780, 1, 'admin/venues', 'GET', '127.0.0.1', '{\"_pjax\":\"#pjax-container\"}', '2022-08-20 05:23:32', '2022-08-20 05:23:32'),
(1781, 1, 'admin/organizations', 'GET', '127.0.0.1', '{\"_pjax\":\"#pjax-container\"}', '2022-08-20 05:23:34', '2022-08-20 05:23:34'),
(1782, 1, 'admin/_handle_action_', 'POST', '127.0.0.1', '{\"_key\":\"1\",\"_model\":\"App_Models_Organization\",\"_token\":\"7NAB0ToMfmJ5VXbs01pNwGqg41AuCGzoOrXEtk3g\",\"_action\":\"Encore_Admin_Grid_Actions_Delete\",\"_input\":\"true\"}', '2022-08-20 05:23:42', '2022-08-20 05:23:42'),
(1783, 1, 'admin/organizations', 'GET', '127.0.0.1', '{\"_pjax\":\"#pjax-container\",\"_sort\":{\"column\":\"contact_name\",\"type\":\"desc\"}}', '2022-08-20 05:23:51', '2022-08-20 05:23:51'),
(1784, 1, 'admin/organizations', 'GET', '127.0.0.1', '{\"_pjax\":\"#pjax-container\",\"_sort\":{\"column\":\"contact_name\",\"type\":\"asc\"}}', '2022-08-20 05:23:53', '2022-08-20 05:23:53'),
(1785, 1, 'admin/organizations', 'GET', '127.0.0.1', '{\"_sort\":{\"column\":\"contact_name\",\"type\":\"asc\"}}', '2022-08-20 05:23:55', '2022-08-20 05:23:55'),
(1786, 1, 'admin/users', 'GET', '127.0.0.1', '{\"_pjax\":\"#pjax-container\"}', '2022-08-20 05:24:01', '2022-08-20 05:24:01'),
(1787, 1, 'admin/users/1/edit', 'GET', '127.0.0.1', '{\"_pjax\":\"#pjax-container\"}', '2022-08-20 05:24:03', '2022-08-20 05:24:03'),
(1788, 1, 'admin/users/1/edit', 'GET', '127.0.0.1', '[]', '2022-08-20 05:26:05', '2022-08-20 05:26:05'),
(1789, 1, 'admin/users/1/edit', 'GET', '127.0.0.1', '[]', '2022-08-20 05:26:14', '2022-08-20 05:26:14'),
(1790, 1, 'admin/users/1/edit', 'GET', '127.0.0.1', '[]', '2022-08-20 05:34:53', '2022-08-20 05:34:53'),
(1791, 1, 'admin/users', 'GET', '127.0.0.1', '{\"_pjax\":\"#pjax-container\"}', '2022-08-20 05:35:01', '2022-08-20 05:35:01'),
(1792, 1, 'admin', 'GET', '127.0.0.1', '{\"_pjax\":\"#pjax-container\"}', '2022-08-20 05:35:05', '2022-08-20 05:35:05'),
(1793, 1, 'admin/users', 'GET', '127.0.0.1', '{\"_pjax\":\"#pjax-container\"}', '2022-08-20 05:56:52', '2022-08-20 05:56:52'),
(1794, 1, 'admin/users/create', 'GET', '127.0.0.1', '{\"_pjax\":\"#pjax-container\"}', '2022-08-20 05:56:54', '2022-08-20 05:56:54'),
(1795, 1, 'admin/_handle_selectable_', 'GET', '127.0.0.1', '{\"selectable\":\"App_Admin_Selectable_VenuesSelectable\",\"args\":[\"1\"]}', '2022-08-20 05:56:58', '2022-08-20 05:56:58'),
(1796, 1, 'admin/users/create', 'GET', '127.0.0.1', '[]', '2022-08-20 05:57:10', '2022-08-20 05:57:10'),
(1797, 1, 'admin/_handle_selectable_', 'GET', '127.0.0.1', '{\"selectable\":\"App_Admin_Selectable_VenuesSelectable\",\"args\":[\"1\"]}', '2022-08-20 05:57:16', '2022-08-20 05:57:16'),
(1798, 1, 'admin/users/create', 'GET', '127.0.0.1', '[]', '2022-08-20 05:58:21', '2022-08-20 05:58:21'),
(1799, 1, 'admin/_handle_selectable_', 'GET', '127.0.0.1', '{\"selectable\":\"App_Admin_Selectable_VenuesSelectable\",\"args\":[\"1\"]}', '2022-08-20 05:58:33', '2022-08-20 05:58:33'),
(1800, 1, 'admin/_handle_selectable_', 'GET', '127.0.0.1', '{\"selectable\":\"App_Admin_Selectable_VenuesSelectable\",\"args\":[\"1\"]}', '2022-08-20 06:00:24', '2022-08-20 06:00:24'),
(1801, 1, 'admin/_handle_selectable_', 'GET', '127.0.0.1', '{\"selectable\":\"App_Admin_Selectable_VenuesSelectable\",\"args\":[\"1\"]}', '2022-08-20 06:01:00', '2022-08-20 06:01:00'),
(1802, 1, 'admin/_handle_selectable_', 'GET', '127.0.0.1', '{\"selectable\":\"App_Admin_Selectable_VenuesSelectable\",\"args\":[\"1\"]}', '2022-08-20 06:01:17', '2022-08-20 06:01:17'),
(1803, 1, 'admin/users', 'GET', '127.0.0.1', '{\"_pjax\":\"#pjax-container\"}', '2022-08-20 06:01:31', '2022-08-20 06:01:31'),
(1804, 1, 'admin/users/1/edit', 'GET', '127.0.0.1', '{\"_pjax\":\"#pjax-container\"}', '2022-08-20 06:01:35', '2022-08-20 06:01:35'),
(1805, 1, 'admin/_handle_selectable_', 'GET', '127.0.0.1', '{\"selectable\":\"App_Admin_Selectable_VenuesSelectable\",\"args\":[\"1\"]}', '2022-08-20 06:01:36', '2022-08-20 06:01:36'),
(1806, 1, 'admin/users/1', 'PUT', '127.0.0.1', '{\"name\":\"User\",\"username\":\"user\",\"email\":\"user@gmail.com\",\"password\":\"$2y$10$42fQJep86380hDrRU\\/Chs.d4TGNWj5RhRRIeUC3WuyoSjdJKkJOE6\",\"password_confirmation\":\"$2y$10$42fQJep86380hDrRU\\/Chs.d4TGNWj5RhRRIeUC3WuyoSjdJKkJOE6\",\"email_verified_at\":\"2022-08-02T09:19:26.000000Z\",\"venues\":[\"1\",\"2\",\"3\",null],\"_token\":\"7NAB0ToMfmJ5VXbs01pNwGqg41AuCGzoOrXEtk3g\",\"_method\":\"PUT\",\"_previous_\":\"http:\\/\\/localhost:8000\\/admin\\/users\"}', '2022-08-20 06:01:42', '2022-08-20 06:01:42'),
(1807, 1, 'admin/users', 'GET', '127.0.0.1', '[]', '2022-08-20 06:01:42', '2022-08-20 06:01:42'),
(1808, 1, 'admin/users/1/edit', 'GET', '127.0.0.1', '{\"_pjax\":\"#pjax-container\"}', '2022-08-20 06:01:45', '2022-08-20 06:01:45'),
(1809, 1, 'admin/_handle_selectable_', 'GET', '127.0.0.1', '{\"selectable\":\"App_Admin_Selectable_VenuesSelectable\",\"args\":[\"1\"]}', '2022-08-20 06:01:48', '2022-08-20 06:01:48'),
(1810, 1, 'admin/users/1', 'PUT', '127.0.0.1', '{\"name\":\"User\",\"username\":\"user\",\"email\":\"user@gmail.com\",\"password\":\"$2y$10$42fQJep86380hDrRU\\/Chs.d4TGNWj5RhRRIeUC3WuyoSjdJKkJOE6\",\"password_confirmation\":\"$2y$10$42fQJep86380hDrRU\\/Chs.d4TGNWj5RhRRIeUC3WuyoSjdJKkJOE6\",\"email_verified_at\":\"2022-08-02T09:19:26.000000Z\",\"venues\":[\"1\",\"2\",\"3\",\"4\",\"5\",null],\"_token\":\"7NAB0ToMfmJ5VXbs01pNwGqg41AuCGzoOrXEtk3g\",\"_method\":\"PUT\",\"_previous_\":\"http:\\/\\/localhost:8000\\/admin\\/users\"}', '2022-08-20 06:01:54', '2022-08-20 06:01:54'),
(1811, 1, 'admin/users', 'GET', '127.0.0.1', '[]', '2022-08-20 06:01:54', '2022-08-20 06:01:54'),
(1812, 1, 'admin/users/2/edit', 'GET', '127.0.0.1', '{\"_pjax\":\"#pjax-container\"}', '2022-08-20 06:09:00', '2022-08-20 06:09:00'),
(1813, 1, 'admin/_handle_selectable_', 'GET', '127.0.0.1', '{\"selectable\":\"App_Admin_Selectable_VenuesSelectable\",\"args\":[\"1\"]}', '2022-08-20 06:09:07', '2022-08-20 06:09:07'),
(1814, 1, 'admin/venues', 'GET', '127.0.0.1', '{\"_pjax\":\"#pjax-container\"}', '2022-08-20 06:14:23', '2022-08-20 06:14:23'),
(1815, 1, 'admin', 'GET', '127.0.0.1', '{\"_pjax\":\"#pjax-container\"}', '2022-08-20 06:17:37', '2022-08-20 06:17:37');

-- --------------------------------------------------------

--
-- Table structure for table `admin_permissions`
--

CREATE TABLE `admin_permissions` (
  `id` int(10) UNSIGNED NOT NULL,
  `name` varchar(50) COLLATE utf8mb4_unicode_ci NOT NULL,
  `slug` varchar(50) COLLATE utf8mb4_unicode_ci NOT NULL,
  `http_method` varchar(255) COLLATE utf8mb4_unicode_ci DEFAULT NULL,
  `http_path` text COLLATE utf8mb4_unicode_ci,
  `created_at` timestamp NULL DEFAULT NULL,
  `updated_at` timestamp NULL DEFAULT NULL
) ENGINE=InnoDB DEFAULT CHARSET=utf8mb4 COLLATE=utf8mb4_unicode_ci;

--
-- Dumping data for table `admin_permissions`
--

INSERT INTO `admin_permissions` (`id`, `name`, `slug`, `http_method`, `http_path`, `created_at`, `updated_at`) VALUES
(1, 'All permission', '*', '', '*', NULL, NULL),
(2, 'Dashboard', 'dashboard', 'GET', '/', NULL, NULL),
(3, 'Login', 'auth.login', '', '/auth/login\r\n/auth/logout', NULL, NULL),
(4, 'User setting', 'auth.setting', 'GET,PUT', '/auth/setting', NULL, NULL),
(5, 'Auth management', 'auth.management', '', '/auth/roles\r\n/auth/permissions\r\n/auth/menu\r\n/auth/logs', NULL, NULL);

-- --------------------------------------------------------

--
-- Table structure for table `admin_roles`
--

CREATE TABLE `admin_roles` (
  `id` int(10) UNSIGNED NOT NULL,
  `name` varchar(50) COLLATE utf8mb4_unicode_ci NOT NULL,
  `slug` varchar(50) COLLATE utf8mb4_unicode_ci NOT NULL,
  `created_at` timestamp NULL DEFAULT NULL,
  `updated_at` timestamp NULL DEFAULT NULL
) ENGINE=InnoDB DEFAULT CHARSET=utf8mb4 COLLATE=utf8mb4_unicode_ci;

--
-- Dumping data for table `admin_roles`
--

INSERT INTO `admin_roles` (`id`, `name`, `slug`, `created_at`, `updated_at`) VALUES
(1, 'Administrator', 'administrator', '2022-06-24 23:30:05', '2022-06-24 23:30:05');

-- --------------------------------------------------------

--
-- Table structure for table `admin_role_menu`
--

CREATE TABLE `admin_role_menu` (
  `role_id` int(11) NOT NULL,
  `menu_id` int(11) NOT NULL,
  `created_at` timestamp NULL DEFAULT NULL,
  `updated_at` timestamp NULL DEFAULT NULL
) ENGINE=InnoDB DEFAULT CHARSET=utf8mb4 COLLATE=utf8mb4_unicode_ci;

--
-- Dumping data for table `admin_role_menu`
--

INSERT INTO `admin_role_menu` (`role_id`, `menu_id`, `created_at`, `updated_at`) VALUES
(1, 2, NULL, NULL),
(1, 8, NULL, NULL),
(1, 9, NULL, NULL),
(1, 10, NULL, NULL),
(1, 11, NULL, NULL),
(1, 12, NULL, NULL),
(1, 13, NULL, NULL),
(1, 14, NULL, NULL),
(1, 15, NULL, NULL),
(1, 16, NULL, NULL),
(1, 17, NULL, NULL),
(1, 18, NULL, NULL),
(1, 19, NULL, NULL),
(1, 20, NULL, NULL);

-- --------------------------------------------------------

--
-- Table structure for table `admin_role_permissions`
--

CREATE TABLE `admin_role_permissions` (
  `role_id` int(11) NOT NULL,
  `permission_id` int(11) NOT NULL,
  `created_at` timestamp NULL DEFAULT NULL,
  `updated_at` timestamp NULL DEFAULT NULL
) ENGINE=InnoDB DEFAULT CHARSET=utf8mb4 COLLATE=utf8mb4_unicode_ci;

--
-- Dumping data for table `admin_role_permissions`
--

INSERT INTO `admin_role_permissions` (`role_id`, `permission_id`, `created_at`, `updated_at`) VALUES
(1, 1, NULL, NULL);

-- --------------------------------------------------------

--
-- Table structure for table `admin_role_users`
--

CREATE TABLE `admin_role_users` (
  `role_id` int(11) NOT NULL,
  `user_id` int(11) NOT NULL,
  `created_at` timestamp NULL DEFAULT NULL,
  `updated_at` timestamp NULL DEFAULT NULL
) ENGINE=InnoDB DEFAULT CHARSET=utf8mb4 COLLATE=utf8mb4_unicode_ci;

--
-- Dumping data for table `admin_role_users`
--

INSERT INTO `admin_role_users` (`role_id`, `user_id`, `created_at`, `updated_at`) VALUES
(1, 1, NULL, NULL);

-- --------------------------------------------------------

--
-- Table structure for table `admin_users`
--

CREATE TABLE `admin_users` (
  `id` int(10) UNSIGNED NOT NULL,
  `username` varchar(190) COLLATE utf8mb4_unicode_ci NOT NULL,
  `password` varchar(60) COLLATE utf8mb4_unicode_ci NOT NULL,
  `name` varchar(255) COLLATE utf8mb4_unicode_ci NOT NULL,
  `avatar` varchar(255) COLLATE utf8mb4_unicode_ci DEFAULT NULL,
  `remember_token` varchar(100) COLLATE utf8mb4_unicode_ci DEFAULT NULL,
  `created_at` timestamp NULL DEFAULT NULL,
  `updated_at` timestamp NULL DEFAULT NULL
) ENGINE=InnoDB DEFAULT CHARSET=utf8mb4 COLLATE=utf8mb4_unicode_ci;

--
-- Dumping data for table `admin_users`
--

INSERT INTO `admin_users` (`id`, `username`, `password`, `name`, `avatar`, `remember_token`, `created_at`, `updated_at`) VALUES
(1, 'admin', '$2y$10$q4kYyUrvB2vtgeqdNbVHyuOabPfe47uad1yBauFQ7JKtItVjzuS1m', 'Administrator', NULL, 'mDOUIXwLpg2QSVGEvQWKEVi4OKmOafk4sv3TRCtN35IMGW53BiTEIVZ5D6I9', '2022-06-24 23:30:05', '2022-06-24 23:30:05');

-- --------------------------------------------------------

--
-- Table structure for table `admin_user_permissions`
--

CREATE TABLE `admin_user_permissions` (
  `user_id` int(11) NOT NULL,
  `permission_id` int(11) NOT NULL,
  `created_at` timestamp NULL DEFAULT NULL,
  `updated_at` timestamp NULL DEFAULT NULL
) ENGINE=InnoDB DEFAULT CHARSET=utf8mb4 COLLATE=utf8mb4_unicode_ci;

-- --------------------------------------------------------

--
-- Table structure for table `amenities`
--

CREATE TABLE `amenities` (
  `id` bigint(20) UNSIGNED NOT NULL,
  `name` varchar(255) COLLATE utf8mb4_unicode_ci NOT NULL,
  `slug` varchar(255) COLLATE utf8mb4_unicode_ci DEFAULT NULL,
  `remarks` text COLLATE utf8mb4_unicode_ci,
  `created_by` int(10) UNSIGNED DEFAULT NULL,
  `updated_by` int(10) UNSIGNED DEFAULT NULL,
  `created_at` timestamp NULL DEFAULT NULL,
  `updated_at` timestamp NULL DEFAULT NULL
) ENGINE=InnoDB DEFAULT CHARSET=utf8mb4 COLLATE=utf8mb4_unicode_ci;

--
-- Dumping data for table `amenities`
--

INSERT INTO `amenities` (`id`, `name`, `slug`, `remarks`, `created_by`, `updated_by`, `created_at`, `updated_at`) VALUES
(1, 'Outside Decorator Allowed', 'outside-decorator-allowed', NULL, 1, 1, '2022-07-01 08:01:15', '2022-07-03 23:05:14'),
(2, 'Inhouse Decorator Available', 'inhouse-decorator-available', NULL, 1, NULL, '2022-07-01 11:10:50', '2022-07-03 23:05:14'),
(3, 'Swimming Pool', 'swimming-pool', NULL, 1, NULL, '2022-07-01 11:10:59', '2022-07-03 23:05:14'),
(4, 'Wheelchair Accessibility', 'wheelchair-accessibility', NULL, 1, NULL, '2022-07-01 11:11:09', '2022-07-03 23:05:14'),
(5, 'Inhouse Catering Available', 'inhouse-catering-available', NULL, 1, NULL, '2022-07-01 11:11:18', '2022-07-03 23:05:14'),
(6, 'Full Bar Available', 'full-bar-available', NULL, 1, NULL, '2022-07-01 11:11:31', '2022-07-03 23:05:14'),
(7, 'Dedicated Dance Floor', 'dedicated-dance-floor', NULL, 1, NULL, '2022-07-01 11:11:40', '2022-07-03 23:05:14'),
(8, 'A/V Equipment', 'av-equipment', NULL, 1, NULL, '2022-07-01 11:11:51', '2022-07-03 23:05:14'),
(9, 'Play Area', 'play-area', NULL, 1, NULL, '2022-07-01 11:12:04', '2022-07-03 23:05:14'),
(10, 'Rooms Available', 'rooms-available', NULL, 1, NULL, '2022-07-01 11:12:14', '2022-07-03 23:05:14'),
(11, 'Hawan', 'hawan', NULL, 1, NULL, '2022-07-01 11:12:28', '2022-07-03 23:05:14'),
(12, 'Mandap', 'mandap', NULL, 1, NULL, '2022-07-01 11:12:36', '2022-07-03 23:05:14'),
(13, 'Baraat Allowed', 'baraat-allowed', NULL, 1, NULL, '2022-07-01 11:12:47', '2022-07-03 23:05:14'),
(14, 'Outside Drinks Allowed', 'outside-drinks-allowed', NULL, 1, NULL, '2022-07-01 11:12:56', '2022-07-03 23:05:14'),
(15, 'Outside Catering Allowed', 'outside-catering-allowed', NULL, 1, NULL, '2022-07-01 11:13:06', '2022-07-03 23:05:14'),
(16, 'Games', 'games', NULL, 1, NULL, '2022-07-01 11:13:19', '2022-07-03 23:05:14'),
(17, 'Smoking Area', 'smoking-area', NULL, 1, NULL, '2022-07-01 11:13:27', '2022-07-03 23:05:14'),
(18, 'Live Music', 'live-music', NULL, 1, NULL, '2022-07-01 11:13:38', '2022-07-03 23:05:14'),
(19, 'Outdoor Space', 'outdoor-space', NULL, 1, NULL, '2022-07-01 11:13:46', '2022-07-03 23:05:14'),
(20, 'Roof Top', 'roof-top', NULL, 1, NULL, '2022-07-01 11:13:56', '2022-07-03 23:05:14'),
(21, 'Parking', 'parking', NULL, 1, NULL, '2022-07-01 11:14:08', '2022-07-03 23:05:14'),
(22, 'Lift', 'lift', NULL, 1, NULL, '2022-07-01 11:14:20', '2022-07-03 23:05:14'),
(23, 'DJ Available', 'dj-available', NULL, 1, NULL, '2022-07-01 11:14:31', '2022-07-03 23:05:14'),
(24, 'Outdoor Games', 'outdoor-games', NULL, 1, NULL, '2022-07-01 11:14:41', '2022-07-03 23:05:14'),
(25, 'Catering', 'catering', NULL, 1, NULL, '2022-07-01 11:14:51', '2022-07-03 23:05:14'),
(26, 'Power Backup', 'power-backup', NULL, 1, NULL, '2022-07-01 11:15:00', '2022-07-03 23:05:14'),
(27, 'Indoor Only', 'indoor-only', NULL, 1, NULL, '2022-07-01 11:15:09', '2022-07-03 23:05:14'),
(28, 'Kids Allowed', 'kids-allowed', NULL, 1, NULL, '2022-07-01 11:15:19', '2022-07-03 23:05:14'),
(29, 'Air Condition', 'air-condition', NULL, 1, NULL, '2022-07-01 11:15:32', '2022-07-03 23:05:14'),
(30, 'Wifi/Internet', 'wifiinternet', NULL, 1, NULL, '2022-07-01 11:15:44', '2022-07-03 23:05:14'),
(31, 'Indoor & Outdoor', 'indoor-outdoor', NULL, 1, NULL, '2022-07-01 11:15:52', '2022-07-03 23:05:14'),
(32, 'Live Sports Screening', 'live-sports-screening', NULL, 1, NULL, '2022-07-01 11:16:01', '2022-07-03 23:05:14'),
(33, 'Pool Table', 'pool-table', NULL, 1, NULL, '2022-07-01 11:16:10', '2022-07-03 23:05:14'),
(34, 'Live Screening', 'live-screening', NULL, 1, NULL, '2022-07-01 11:16:22', '2022-07-03 23:05:14'),
(35, 'Private Dining Room(s)', 'private-dining-rooms', NULL, 1, NULL, '2022-07-01 11:16:30', '2022-07-03 23:05:14'),
(36, 'Presentation Area/Stage', 'presentation-areastage', NULL, 1, NULL, '2022-07-01 11:16:39', '2022-07-03 23:05:14');

-- --------------------------------------------------------

--
-- Table structure for table `amenity_venue`
--

CREATE TABLE `amenity_venue` (
  `id` bigint(20) UNSIGNED NOT NULL,
  `amenity_id` bigint(20) UNSIGNED NOT NULL,
  `venue_id` bigint(20) UNSIGNED NOT NULL,
  `created_at` timestamp NULL DEFAULT NULL,
  `updated_at` timestamp NULL DEFAULT NULL
) ENGINE=InnoDB DEFAULT CHARSET=utf8mb4 COLLATE=utf8mb4_unicode_ci;

--
-- Dumping data for table `amenity_venue`
--

INSERT INTO `amenity_venue` (`id`, `amenity_id`, `venue_id`, `created_at`, `updated_at`) VALUES
(1, 1, 1, NULL, NULL),
(2, 2, 1, NULL, NULL),
(3, 4, 1, NULL, NULL),
(4, 7, 1, NULL, NULL),
(5, 9, 1, NULL, NULL),
(6, 13, 1, NULL, NULL),
(7, 17, 1, NULL, NULL),
(8, 34, 1, NULL, NULL),
(9, 1, 2, NULL, NULL),
(10, 6, 2, NULL, NULL),
(11, 8, 2, NULL, NULL),
(12, 10, 2, NULL, NULL),
(13, 18, 2, NULL, NULL),
(14, 29, 2, NULL, NULL),
(15, 30, 2, NULL, NULL),
(16, 31, 2, NULL, NULL),
(17, 1, 3, NULL, NULL),
(18, 3, 3, NULL, NULL),
(19, 4, 3, NULL, NULL),
(20, 21, 3, NULL, NULL),
(21, 30, 3, NULL, NULL),
(22, 36, 3, NULL, NULL),
(23, 1, 4, NULL, NULL),
(24, 2, 4, NULL, NULL),
(25, 3, 4, NULL, NULL),
(26, 4, 4, NULL, NULL),
(27, 5, 4, NULL, NULL),
(28, 6, 4, NULL, NULL),
(29, 7, 4, NULL, NULL),
(30, 12, 4, NULL, NULL),
(31, 17, 4, NULL, NULL),
(32, 19, 4, NULL, NULL),
(33, 20, 4, NULL, NULL),
(34, 21, 4, NULL, NULL),
(35, 22, 4, NULL, NULL),
(36, 23, 4, NULL, NULL),
(37, 24, 4, NULL, NULL),
(38, 25, 4, NULL, NULL),
(39, 26, 4, NULL, NULL),
(40, 27, 4, NULL, NULL),
(41, 28, 4, NULL, NULL),
(42, 32, 4, NULL, NULL),
(43, 35, 4, NULL, NULL),
(44, 36, 4, NULL, NULL),
(45, 1, 5, NULL, NULL),
(46, 3, 5, NULL, NULL),
(47, 5, 5, NULL, NULL),
(48, 12, 5, NULL, NULL),
(49, 13, 5, NULL, NULL),
(50, 15, 5, NULL, NULL),
(51, 16, 5, NULL, NULL),
(52, 17, 5, NULL, NULL),
(53, 18, 5, NULL, NULL),
(54, 19, 5, NULL, NULL),
(55, 21, 5, NULL, NULL),
(56, 22, 5, NULL, NULL),
(57, 2, 6, NULL, NULL),
(58, 3, 6, NULL, NULL),
(59, 4, 6, NULL, NULL),
(60, 5, 6, NULL, NULL),
(61, 6, 6, NULL, NULL),
(62, 13, 6, NULL, NULL),
(63, 20, 6, NULL, NULL),
(64, 2, 7, NULL, NULL),
(65, 3, 7, NULL, NULL),
(66, 4, 7, NULL, NULL),
(67, 5, 7, NULL, NULL),
(68, 6, 7, NULL, NULL),
(69, 9, 7, NULL, NULL),
(70, 11, 7, NULL, NULL),
(71, 2, 8, NULL, NULL),
(72, 3, 8, NULL, NULL),
(73, 7, 8, NULL, NULL),
(74, 17, 8, NULL, NULL),
(75, 20, 8, NULL, NULL),
(76, 21, 8, NULL, NULL);

-- --------------------------------------------------------

--
-- Table structure for table `categories`
--

CREATE TABLE `categories` (
  `id` bigint(20) UNSIGNED NOT NULL,
  `name` varchar(255) COLLATE utf8mb4_unicode_ci NOT NULL,
  `slug` varchar(255) COLLATE utf8mb4_unicode_ci DEFAULT NULL,
  `remarks` text COLLATE utf8mb4_unicode_ci,
  `created_by` int(10) UNSIGNED DEFAULT NULL,
  `updated_by` int(10) UNSIGNED DEFAULT NULL,
  `created_at` timestamp NULL DEFAULT NULL,
  `updated_at` timestamp NULL DEFAULT NULL
) ENGINE=InnoDB DEFAULT CHARSET=utf8mb4 COLLATE=utf8mb4_unicode_ci;

--
-- Dumping data for table `categories`
--

INSERT INTO `categories` (`id`, `name`, `slug`, `remarks`, `created_by`, `updated_by`, `created_at`, `updated_at`) VALUES
(1, 'Restaurant', 'restaurant', NULL, 1, NULL, '2022-07-01 07:55:12', '2022-07-03 22:59:47'),
(2, 'Banquet Hall', 'banquet-hall', NULL, 1, NULL, '2022-07-01 11:00:10', '2022-07-03 23:03:56'),
(3, 'Banquet With Lawn', 'banquet-with-lawn', NULL, 1, NULL, '2022-07-01 11:00:24', '2022-07-03 23:03:56'),
(4, 'Farmhouse', 'farmhouse', NULL, 1, NULL, '2022-07-01 11:00:37', '2022-07-03 23:03:56'),
(5, 'Gaming Zone', 'gaming-zone', NULL, 1, NULL, '2022-07-01 11:00:55', '2022-07-03 23:03:56'),
(6, 'Resorts', 'resorts', NULL, 1, 1, '2022-07-01 11:01:09', '2022-07-05 22:26:01'),
(7, 'Lawn', 'lawn', NULL, 1, NULL, '2022-07-01 11:09:46', '2022-07-03 23:03:56'),
(8, 'Hotels', 'hotels', NULL, 1, 1, '2022-07-01 11:09:50', '2022-07-05 22:26:04'),
(9, 'Destination Weeding', 'destination-weeding', NULL, 1, NULL, '2022-07-05 22:26:11', '2022-07-05 22:26:11');

-- --------------------------------------------------------

--
-- Table structure for table `category_venue`
--

CREATE TABLE `category_venue` (
  `id` bigint(20) UNSIGNED NOT NULL,
  `category_id` bigint(20) UNSIGNED NOT NULL,
  `venue_id` bigint(20) UNSIGNED NOT NULL,
  `created_at` timestamp NULL DEFAULT NULL,
  `updated_at` timestamp NULL DEFAULT NULL
) ENGINE=InnoDB DEFAULT CHARSET=utf8mb4 COLLATE=utf8mb4_unicode_ci;

--
-- Dumping data for table `category_venue`
--

INSERT INTO `category_venue` (`id`, `category_id`, `venue_id`, `created_at`, `updated_at`) VALUES
(1, 9, 1, NULL, NULL),
(2, 8, 2, NULL, NULL),
(3, 6, 3, NULL, NULL),
(4, 4, 4, NULL, NULL),
(5, 6, 4, NULL, NULL),
(6, 8, 4, NULL, NULL),
(7, 9, 4, NULL, NULL),
(8, 8, 5, NULL, NULL),
(9, 9, 5, NULL, NULL),
(10, 5, 6, NULL, NULL),
(11, 8, 6, NULL, NULL),
(12, 1, 7, NULL, NULL),
(13, 8, 7, NULL, NULL),
(14, 8, 8, NULL, NULL);

-- --------------------------------------------------------

--
-- Table structure for table `cities`
--

CREATE TABLE `cities` (
  `id` bigint(20) UNSIGNED NOT NULL,
  `district_id` bigint(20) UNSIGNED NOT NULL,
  `name` varchar(255) COLLATE utf8mb4_unicode_ci DEFAULT NULL,
  `slug` varchar(255) COLLATE utf8mb4_unicode_ci DEFAULT NULL,
  `bn_name` varchar(255) COLLATE utf8mb4_unicode_ci DEFAULT NULL,
  `url` varchar(255) COLLATE utf8mb4_unicode_ci DEFAULT NULL,
  `created_by` int(10) UNSIGNED DEFAULT NULL,
  `updated_by` int(10) UNSIGNED DEFAULT NULL,
  `created_at` timestamp NULL DEFAULT NULL,
  `updated_at` timestamp NULL DEFAULT NULL
) ENGINE=InnoDB DEFAULT CHARSET=utf8mb4 COLLATE=utf8mb4_unicode_ci;

--
-- Dumping data for table `cities`
--

INSERT INTO `cities` (`id`, `district_id`, `name`, `slug`, `bn_name`, `url`, `created_by`, `updated_by`, `created_at`, `updated_at`) VALUES
(1, 1, 'Debidwar', 'debidwar', '', 'debidwar.comilla.gov.bd', 1, 1, '2022-07-01 17:48:50', '2022-07-03 23:27:04'),
(2, 1, 'Barura', 'barura', '', 'barura.comilla.gov.bd', 1, 1, '2022-07-01 17:48:50', '2022-07-03 23:27:35'),
(3, 1, 'Brahmanpara', 'brahmanpara', '', 'brahmanpara.comilla.gov.bd', 1, NULL, '2022-07-01 17:48:50', '2022-07-03 23:27:04'),
(4, 1, 'Chandina', 'chandina', '', 'chandina.comilla.gov.bd', 1, NULL, '2022-07-01 17:48:50', '2022-07-03 23:27:04'),
(5, 1, 'Chauddagram', 'chauddagram', '', 'chauddagram.comilla.gov.bd', 1, NULL, '2022-07-01 17:48:50', '2022-07-03 23:27:04'),
(6, 1, 'Daudkandi', 'daudkandi', '', 'daudkandi.comilla.gov.bd', 1, NULL, '2022-07-01 17:48:50', '2022-07-03 23:27:04'),
(7, 1, 'Homna', 'homna', '', 'homna.comilla.gov.bd', 1, NULL, '2022-07-01 17:48:50', '2022-07-03 23:27:04'),
(8, 1, 'Laksam', 'laksam', '', 'laksam.comilla.gov.bd', 1, NULL, '2022-07-01 17:48:50', '2022-07-03 23:27:04'),
(9, 1, 'Muradnagar', 'muradnagar', '', 'muradnagar.comilla.gov.bd', 1, NULL, '2022-07-01 17:48:50', '2022-07-03 23:27:04'),
(10, 1, 'Nangalkot', 'nangalkot', '', 'nangalkot.comilla.gov.bd', 1, NULL, '2022-07-01 17:48:50', '2022-07-03 23:27:04'),
(11, 1, 'Comilla Sadar', 'comilla-sadar', ' ', 'comillasadar.comilla.gov.bd', 1, NULL, '2022-07-01 17:48:50', '2022-07-03 23:27:04'),
(12, 1, 'Meghna', 'meghna', '', 'meghna.comilla.gov.bd', 1, NULL, '2022-07-01 17:48:50', '2022-07-03 23:27:04'),
(13, 1, 'Monohargonj', 'monohargonj', '', 'monohargonj.comilla.gov.bd', 1, NULL, '2022-07-01 17:48:50', '2022-07-03 23:27:04'),
(14, 1, 'Sadarsouth', 'sadarsouth', ' ', 'sadarsouth.comilla.gov.bd', 1, NULL, '2022-07-01 17:48:50', '2022-07-03 23:27:04'),
(15, 1, 'Titas', 'titas', '', 'titas.comilla.gov.bd', 1, NULL, '2022-07-01 17:48:50', '2022-07-03 23:27:04'),
(16, 1, 'Burichang', 'burichang', '', 'burichang.comilla.gov.bd', 1, NULL, '2022-07-01 17:48:50', '2022-07-03 23:27:04'),
(17, 1, 'Lalmai', 'lalmai', '', 'lalmai.comilla.gov.bd', 1, NULL, '2022-07-01 17:48:50', '2022-07-03 23:27:04'),
(18, 2, 'Chhagalnaiya', 'chhagalnaiya', '', 'chhagalnaiya.feni.gov.bd', 1, NULL, '2022-07-01 17:48:50', '2022-07-03 23:27:04'),
(19, 2, 'Feni Sadar', 'feni-sadar', ' ', 'sadar.feni.gov.bd', 1, NULL, '2022-07-01 17:48:50', '2022-07-03 23:27:04'),
(20, 2, 'Sonagazi', 'sonagazi', '', 'sonagazi.feni.gov.bd', 1, NULL, '2022-07-01 17:48:50', '2022-07-03 23:27:04'),
(21, 2, 'Fulgazi', 'fulgazi', '', 'fulgazi.feni.gov.bd', 1, NULL, '2022-07-01 17:48:50', '2022-07-03 23:27:04'),
(22, 2, 'Parshuram', 'parshuram', '', 'parshuram.feni.gov.bd', 1, NULL, '2022-07-01 17:48:50', '2022-07-03 23:27:04'),
(23, 2, 'Daganbhuiyan', 'daganbhuiyan', '', 'daganbhuiyan.feni.gov.bd', 1, NULL, '2022-07-01 17:48:50', '2022-07-03 23:27:04'),
(24, 3, 'Brahmanbaria Sadar', 'brahmanbaria-sadar', ' ', 'sadar.brahmanbaria.gov.bd', 1, NULL, '2022-07-01 17:48:50', '2022-07-03 23:27:04'),
(25, 3, 'Kasba', 'kasba', '', 'kasba.brahmanbaria.gov.bd', 1, NULL, '2022-07-01 17:48:50', '2022-07-03 23:27:04'),
(26, 3, 'Nasirnagar', 'nasirnagar', '', 'nasirnagar.brahmanbaria.gov.bd', 1, NULL, '2022-07-01 17:48:50', '2022-07-03 23:27:04'),
(27, 3, 'Sarail', 'sarail', '', 'sarail.brahmanbaria.gov.bd', 1, NULL, '2022-07-01 17:48:50', '2022-07-03 23:27:04'),
(28, 3, 'Ashuganj', 'ashuganj', '', 'ashuganj.brahmanbaria.gov.bd', 1, NULL, '2022-07-01 17:48:50', '2022-07-03 23:27:04'),
(29, 3, 'Akhaura', 'akhaura', '', 'akhaura.brahmanbaria.gov.bd', 1, NULL, '2022-07-01 17:48:50', '2022-07-03 23:27:04'),
(30, 3, 'Nabinagar', 'nabinagar', '', 'nabinagar.brahmanbaria.gov.bd', 1, NULL, '2022-07-01 17:48:50', '2022-07-03 23:27:04'),
(31, 3, 'Bancharampur', 'bancharampur', '', 'bancharampur.brahmanbaria.gov.bd', 1, NULL, '2022-07-01 17:48:50', '2022-07-03 23:27:04'),
(32, 3, 'Bijoynagar', 'bijoynagar', '', 'bijoynagar.brahmanbaria.gov.bd    ', 1, NULL, '2022-07-01 17:48:50', '2022-07-03 23:27:04'),
(33, 4, 'Rangamati Sadar', 'rangamati-sadar', ' ', 'sadar.rangamati.gov.bd', 1, NULL, '2022-07-01 17:48:50', '2022-07-03 23:27:04'),
(34, 4, 'Kaptai', 'kaptai', '', 'kaptai.rangamati.gov.bd', 1, NULL, '2022-07-01 17:48:50', '2022-07-03 23:27:04'),
(35, 4, 'Kawkhali', 'kawkhali-35', '', 'kawkhali.rangamati.gov.bd', 1, NULL, '2022-07-01 17:48:50', '2022-07-03 23:26:10'),
(36, 4, 'Baghaichari', 'baghaichari', '', 'baghaichari.rangamati.gov.bd', 1, NULL, '2022-07-01 17:48:50', '2022-07-03 23:27:04'),
(37, 4, 'Barkal', 'barkal', '', 'barkal.rangamati.gov.bd', 1, NULL, '2022-07-01 17:48:50', '2022-07-03 23:27:04'),
(38, 4, 'Langadu', 'langadu', '', 'langadu.rangamati.gov.bd', 1, NULL, '2022-07-01 17:48:50', '2022-07-03 23:27:04'),
(39, 4, 'Rajasthali', 'rajasthali', '', 'rajasthali.rangamati.gov.bd', 1, NULL, '2022-07-01 17:48:50', '2022-07-03 23:27:04'),
(40, 4, 'Belaichari', 'belaichari', '', 'belaichari.rangamati.gov.bd', 1, NULL, '2022-07-01 17:48:50', '2022-07-03 23:27:04'),
(41, 4, 'Juraichari', 'juraichari', '', 'juraichari.rangamati.gov.bd', 1, NULL, '2022-07-01 17:48:50', '2022-07-03 23:27:04'),
(42, 4, 'Naniarchar', 'naniarchar', '', 'naniarchar.rangamati.gov.bd', 1, NULL, '2022-07-01 17:48:50', '2022-07-03 23:27:04'),
(43, 5, 'Noakhali Sadar', 'noakhali-sadar', ' ', 'sadar.noakhali.gov.bd', 1, NULL, '2022-07-01 17:48:50', '2022-07-03 23:27:04'),
(44, 5, 'Companiganj', 'companiganj-44', '', 'companiganj.noakhali.gov.bd', 1, NULL, '2022-07-01 17:48:50', '2022-07-03 23:26:10'),
(45, 5, 'Begumganj', 'begumganj', '', 'begumganj.noakhali.gov.bd', 1, NULL, '2022-07-01 17:48:50', '2022-07-03 23:27:04'),
(46, 5, 'Hatia', 'hatia', '', 'hatia.noakhali.gov.bd', 1, NULL, '2022-07-01 17:48:50', '2022-07-03 23:27:04'),
(47, 5, 'Subarnachar', 'subarnachar', '', 'subarnachar.noakhali.gov.bd', 1, NULL, '2022-07-01 17:48:50', '2022-07-03 23:27:04'),
(48, 5, 'Kabirhat', 'kabirhat', '', 'kabirhat.noakhali.gov.bd', 1, NULL, '2022-07-01 17:48:50', '2022-07-03 23:27:04'),
(49, 5, 'Senbug', 'senbug', '', 'senbug.noakhali.gov.bd', 1, NULL, '2022-07-01 17:48:50', '2022-07-03 23:27:04'),
(50, 5, 'Chatkhil', 'chatkhil', '', 'chatkhil.noakhali.gov.bd', 1, NULL, '2022-07-01 17:48:50', '2022-07-03 23:27:04'),
(51, 5, 'Sonaimori', 'sonaimori', '', 'sonaimori.noakhali.gov.bd', 1, NULL, '2022-07-01 17:48:50', '2022-07-03 23:27:04'),
(52, 6, 'Haimchar', 'haimchar', '', 'haimchar.chandpur.gov.bd', 1, NULL, '2022-07-01 17:48:50', '2022-07-03 23:27:04'),
(53, 6, 'Kachua', 'kachua-53', '', 'kachua.chandpur.gov.bd', 1, NULL, '2022-07-01 17:48:50', '2022-07-03 23:26:11'),
(54, 6, 'Shahrasti', 'shahrasti', '	', 'shahrasti.chandpur.gov.bd', 1, NULL, '2022-07-01 17:48:50', '2022-07-03 23:27:04'),
(55, 6, 'Chandpur Sadar', 'chandpur-sadar', ' ', 'sadar.chandpur.gov.bd', 1, NULL, '2022-07-01 17:48:50', '2022-07-03 23:27:04'),
(56, 6, 'Matlab South', 'matlab-south', ' ', 'matlabsouth.chandpur.gov.bd', 1, NULL, '2022-07-01 17:48:50', '2022-07-03 23:27:04'),
(57, 6, 'Hajiganj', 'hajiganj', '', 'hajiganj.chandpur.gov.bd', 1, NULL, '2022-07-01 17:48:50', '2022-07-03 23:27:04'),
(58, 6, 'Matlab North', 'matlab-north', ' ', 'matlabnorth.chandpur.gov.bd', 1, NULL, '2022-07-01 17:48:50', '2022-07-03 23:27:04'),
(59, 6, 'Faridgonj', 'faridgonj', '', 'faridgonj.chandpur.gov.bd', 1, NULL, '2022-07-01 17:48:50', '2022-07-03 23:27:04'),
(60, 7, 'Lakshmipur Sadar', 'lakshmipur-sadar', ' ', 'sadar.lakshmipur.gov.bd', 1, NULL, '2022-07-01 17:48:50', '2022-07-03 23:27:04'),
(61, 7, 'Kamalnagar', 'kamalnagar', '', 'kamalnagar.lakshmipur.gov.bd', 1, NULL, '2022-07-01 17:48:50', '2022-07-03 23:27:04'),
(62, 7, 'Raipur', 'raipur', '', 'raipur.lakshmipur.gov.bd', 1, NULL, '2022-07-01 17:48:50', '2022-07-03 23:27:04'),
(63, 7, 'Ramgati', 'ramgati', '', 'ramgati.lakshmipur.gov.bd', 1, NULL, '2022-07-01 17:48:50', '2022-07-03 23:27:04'),
(64, 7, 'Ramganj', 'ramganj', '', 'ramganj.lakshmipur.gov.bd', 1, NULL, '2022-07-01 17:48:50', '2022-07-03 23:27:04'),
(65, 8, 'Rangunia', 'rangunia', '', 'rangunia.chittagong.gov.bd', 1, NULL, '2022-07-01 17:48:50', '2022-07-03 23:27:04'),
(66, 8, 'Sitakunda', 'sitakunda', '', 'sitakunda.chittagong.gov.bd', 1, NULL, '2022-07-01 17:48:50', '2022-07-03 23:27:04'),
(67, 8, 'Mirsharai', 'mirsharai', '', 'mirsharai.chittagong.gov.bd', 1, NULL, '2022-07-01 17:48:50', '2022-07-03 23:27:04'),
(68, 8, 'Patiya', 'patiya', '', 'patiya.chittagong.gov.bd', 1, NULL, '2022-07-01 17:48:50', '2022-07-03 23:27:04'),
(69, 8, 'Sandwip', 'sandwip', '', 'sandwip.chittagong.gov.bd', 1, NULL, '2022-07-01 17:48:50', '2022-07-03 23:27:04'),
(70, 8, 'Banshkhali', 'banshkhali', '', 'banshkhali.chittagong.gov.bd', 1, NULL, '2022-07-01 17:48:50', '2022-07-03 23:27:04'),
(71, 8, 'Boalkhali', 'boalkhali', '', 'boalkhali.chittagong.gov.bd', 1, NULL, '2022-07-01 17:48:50', '2022-07-03 23:27:04'),
(72, 8, 'Anwara', 'anwara', '', 'anwara.chittagong.gov.bd', 1, NULL, '2022-07-01 17:48:50', '2022-07-03 23:27:04'),
(73, 8, 'Chandanaish', 'chandanaish', '', 'chandanaish.chittagong.gov.bd', 1, NULL, '2022-07-01 17:48:50', '2022-07-03 23:27:04'),
(74, 8, 'Satkania', 'satkania', '', 'satkania.chittagong.gov.bd', 1, NULL, '2022-07-01 17:48:50', '2022-07-03 23:27:04'),
(75, 8, 'Lohagara', 'lohagara-75', '', 'lohagara.chittagong.gov.bd', 1, NULL, '2022-07-01 17:48:50', '2022-07-03 23:26:11'),
(76, 8, 'Hathazari', 'hathazari', '', 'hathazari.chittagong.gov.bd', 1, NULL, '2022-07-01 17:48:50', '2022-07-03 23:27:04'),
(77, 8, 'Fatikchhari', 'fatikchhari', '', 'fatikchhari.chittagong.gov.bd', 1, NULL, '2022-07-01 17:48:50', '2022-07-03 23:27:04'),
(78, 8, 'Raozan', 'raozan', '', 'raozan.chittagong.gov.bd', 1, NULL, '2022-07-01 17:48:50', '2022-07-03 23:27:04'),
(79, 8, 'Karnafuli', 'karnafuli', '', 'karnafuli.chittagong.gov.bd', 1, NULL, '2022-07-01 17:48:50', '2022-07-03 23:27:04'),
(80, 9, 'Coxsbazar Sadar', 'coxsbazar-sadar', ' ', 'sadar.coxsbazar.gov.bd', 1, NULL, '2022-07-01 17:48:50', '2022-07-03 23:27:04'),
(81, 9, 'Chakaria', 'chakaria', '', 'chakaria.coxsbazar.gov.bd', 1, NULL, '2022-07-01 17:48:50', '2022-07-03 23:27:04'),
(82, 9, 'Kutubdia', 'kutubdia', '', 'kutubdia.coxsbazar.gov.bd', 1, NULL, '2022-07-01 17:48:50', '2022-07-03 23:27:04'),
(83, 9, 'Ukhiya', 'ukhiya', '', 'ukhiya.coxsbazar.gov.bd', 1, NULL, '2022-07-01 17:48:50', '2022-07-03 23:27:04'),
(84, 9, 'Moheshkhali', 'moheshkhali', '', 'moheshkhali.coxsbazar.gov.bd', 1, NULL, '2022-07-01 17:48:50', '2022-07-03 23:27:04'),
(85, 9, 'Pekua', 'pekua', '', 'pekua.coxsbazar.gov.bd', 1, NULL, '2022-07-01 17:48:50', '2022-07-03 23:27:04'),
(86, 9, 'Ramu', 'ramu', '', 'ramu.coxsbazar.gov.bd', 1, NULL, '2022-07-01 17:48:50', '2022-07-03 23:27:04'),
(87, 9, 'Teknaf', 'teknaf', '', 'teknaf.coxsbazar.gov.bd', 1, NULL, '2022-07-01 17:48:50', '2022-07-03 23:27:04'),
(88, 10, 'Khagrachhari Sadar', 'khagrachhari-sadar', ' ', 'sadar.khagrachhari.gov.bd', 1, NULL, '2022-07-01 17:48:50', '2022-07-03 23:27:04'),
(89, 10, 'Dighinala', 'dighinala', '', 'dighinala.khagrachhari.gov.bd', 1, NULL, '2022-07-01 17:48:50', '2022-07-03 23:27:04'),
(90, 10, 'Panchari', 'panchari', '', 'panchari.khagrachhari.gov.bd', 1, NULL, '2022-07-01 17:48:50', '2022-07-03 23:27:04'),
(91, 10, 'Laxmichhari', 'laxmichhari', '', 'laxmichhari.khagrachhari.gov.bd', 1, NULL, '2022-07-01 17:48:50', '2022-07-03 23:27:04'),
(92, 10, 'Mohalchari', 'mohalchari', '', 'mohalchari.khagrachhari.gov.bd', 1, NULL, '2022-07-01 17:48:50', '2022-07-03 23:27:04'),
(93, 10, 'Manikchari', 'manikchari', '', 'manikchari.khagrachhari.gov.bd', 1, NULL, '2022-07-01 17:48:50', '2022-07-03 23:27:04'),
(94, 10, 'Ramgarh', 'ramgarh', '', 'ramgarh.khagrachhari.gov.bd', 1, NULL, '2022-07-01 17:48:50', '2022-07-03 23:27:04'),
(95, 10, 'Matiranga', 'matiranga', '', 'matiranga.khagrachhari.gov.bd', 1, NULL, '2022-07-01 17:48:50', '2022-07-03 23:27:04'),
(96, 10, 'Guimara', 'guimara', '', 'guimara.khagrachhari.gov.bd', 1, NULL, '2022-07-01 17:48:50', '2022-07-03 23:27:04'),
(97, 11, 'Bandarban Sadar', 'bandarban-sadar', ' ', 'sadar.bandarban.gov.bd', 1, NULL, '2022-07-01 17:48:50', '2022-07-03 23:27:04'),
(98, 11, 'Alikadam', 'alikadam', '', 'alikadam.bandarban.gov.bd', 1, NULL, '2022-07-01 17:48:50', '2022-07-03 23:27:04'),
(99, 11, 'Naikhongchhari', 'naikhongchhari', '', 'naikhongchhari.bandarban.gov.bd', 1, NULL, '2022-07-01 17:48:50', '2022-07-03 23:27:04'),
(100, 11, 'Rowangchhari', 'rowangchhari', '', 'rowangchhari.bandarban.gov.bd', 1, NULL, '2022-07-01 17:48:50', '2022-07-03 23:27:04'),
(101, 11, 'Lama', 'lama', '', 'lama.bandarban.gov.bd', 1, NULL, '2022-07-01 17:48:50', '2022-07-03 23:27:04'),
(102, 11, 'Ruma', 'ruma', '', 'ruma.bandarban.gov.bd', 1, NULL, '2022-07-01 17:48:50', '2022-07-03 23:27:04'),
(103, 11, 'Thanchi', 'thanchi', '', 'thanchi.bandarban.gov.bd', 1, NULL, '2022-07-01 17:48:50', '2022-07-03 23:27:04'),
(104, 12, 'Belkuchi', 'belkuchi', '', 'belkuchi.sirajganj.gov.bd', 1, NULL, '2022-07-01 17:48:50', '2022-07-03 23:27:04'),
(105, 12, 'Chauhali', 'chauhali', '', 'chauhali.sirajganj.gov.bd', 1, NULL, '2022-07-01 17:48:50', '2022-07-03 23:27:04'),
(106, 12, 'Kamarkhand', 'kamarkhand', '', 'kamarkhand.sirajganj.gov.bd', 1, NULL, '2022-07-01 17:48:50', '2022-07-03 23:27:04'),
(107, 12, 'Kazipur', 'kazipur', '', 'kazipur.sirajganj.gov.bd', 1, NULL, '2022-07-01 17:48:50', '2022-07-03 23:27:04'),
(108, 12, 'Raigonj', 'raigonj', '', 'raigonj.sirajganj.gov.bd', 1, NULL, '2022-07-01 17:48:50', '2022-07-03 23:27:04'),
(109, 12, 'Shahjadpur', 'shahjadpur', '', 'shahjadpur.sirajganj.gov.bd', 1, NULL, '2022-07-01 17:48:50', '2022-07-03 23:27:04'),
(110, 12, 'Sirajganj Sadar', 'sirajganj-sadar', ' ', 'sirajganjsadar.sirajganj.gov.bd', 1, NULL, '2022-07-01 17:48:50', '2022-07-03 23:27:04'),
(111, 12, 'Tarash', 'tarash', '', 'tarash.sirajganj.gov.bd', 1, NULL, '2022-07-01 17:48:50', '2022-07-03 23:27:04'),
(112, 12, 'Ullapara', 'ullapara', '', 'ullapara.sirajganj.gov.bd', 1, NULL, '2022-07-01 17:48:50', '2022-07-03 23:27:04'),
(113, 13, 'Sujanagar', 'sujanagar', '', 'sujanagar.pabna.gov.bd', 1, NULL, '2022-07-01 17:48:50', '2022-07-03 23:27:04'),
(114, 13, 'Ishurdi', 'ishurdi', '', 'ishurdi.pabna.gov.bd', 1, NULL, '2022-07-01 17:48:50', '2022-07-03 23:27:04'),
(115, 13, 'Bhangura', 'bhangura', '', 'bhangura.pabna.gov.bd', 1, NULL, '2022-07-01 17:48:50', '2022-07-03 23:27:04'),
(116, 13, 'Pabna Sadar', 'pabna-sadar', ' ', 'pabnasadar.pabna.gov.bd', 1, NULL, '2022-07-01 17:48:50', '2022-07-03 23:27:04'),
(117, 13, 'Bera', 'bera', '', 'bera.pabna.gov.bd', 1, NULL, '2022-07-01 17:48:50', '2022-07-03 23:27:04'),
(118, 13, 'Atghoria', 'atghoria', '', 'atghoria.pabna.gov.bd', 1, NULL, '2022-07-01 17:48:50', '2022-07-03 23:27:04'),
(119, 13, 'Chatmohar', 'chatmohar', '', 'chatmohar.pabna.gov.bd', 1, NULL, '2022-07-01 17:48:50', '2022-07-03 23:27:04'),
(120, 13, 'Santhia', 'santhia', '', 'santhia.pabna.gov.bd', 1, NULL, '2022-07-01 17:48:50', '2022-07-03 23:27:04'),
(121, 13, 'Faridpur', 'faridpur', '', 'faridpur.pabna.gov.bd', 1, NULL, '2022-07-01 17:48:50', '2022-07-03 23:27:04'),
(122, 14, 'Kahaloo', 'kahaloo', '', 'kahaloo.bogra.gov.bd', 1, NULL, '2022-07-01 17:48:50', '2022-07-03 23:27:04'),
(123, 14, 'Bogra Sadar', 'bogra-sadar', ' ', 'sadar.bogra.gov.bd', 1, NULL, '2022-07-01 17:48:50', '2022-07-03 23:27:04'),
(124, 14, 'Shariakandi', 'shariakandi', '', 'shariakandi.bogra.gov.bd', 1, NULL, '2022-07-01 17:48:50', '2022-07-03 23:27:04'),
(125, 14, 'Shajahanpur', 'shajahanpur', '', 'shajahanpur.bogra.gov.bd', 1, NULL, '2022-07-01 17:48:50', '2022-07-03 23:27:04'),
(126, 14, 'Dupchanchia', 'dupchanchia', '', 'dupchanchia.bogra.gov.bd', 1, NULL, '2022-07-01 17:48:50', '2022-07-03 23:27:04'),
(127, 14, 'Adamdighi', 'adamdighi', '', 'adamdighi.bogra.gov.bd', 1, NULL, '2022-07-01 17:48:50', '2022-07-03 23:27:04'),
(128, 14, 'Nondigram', 'nondigram', '', 'nondigram.bogra.gov.bd', 1, NULL, '2022-07-01 17:48:50', '2022-07-03 23:27:04'),
(129, 14, 'Sonatala', 'sonatala', '', 'sonatala.bogra.gov.bd', 1, NULL, '2022-07-01 17:48:50', '2022-07-03 23:27:04'),
(130, 14, 'Dhunot', 'dhunot', '', 'dhunot.bogra.gov.bd', 1, NULL, '2022-07-01 17:48:50', '2022-07-03 23:27:04'),
(131, 14, 'Gabtali', 'gabtali', '', 'gabtali.bogra.gov.bd', 1, NULL, '2022-07-01 17:48:50', '2022-07-03 23:27:04'),
(132, 14, 'Sherpur', 'sherpur', '', 'sherpur.bogra.gov.bd', 1, NULL, '2022-07-01 17:48:50', '2022-07-03 23:27:04'),
(133, 14, 'Shibganj', 'shibganj-133', '', 'shibganj.bogra.gov.bd', 1, NULL, '2022-07-01 17:48:50', '2022-07-03 23:26:11'),
(134, 15, 'Paba', 'paba', '', 'paba.rajshahi.gov.bd', 1, NULL, '2022-07-01 17:48:50', '2022-07-03 23:27:04'),
(135, 15, 'Durgapur', 'durgapur-135', '', 'durgapur.rajshahi.gov.bd', 1, NULL, '2022-07-01 17:48:50', '2022-07-03 23:26:11'),
(136, 15, 'Mohonpur', 'mohonpur', '', 'mohonpur.rajshahi.gov.bd', 1, NULL, '2022-07-01 17:48:50', '2022-07-03 23:27:04'),
(137, 15, 'Charghat', 'charghat', '', 'charghat.rajshahi.gov.bd', 1, NULL, '2022-07-01 17:48:50', '2022-07-03 23:27:04'),
(138, 15, 'Puthia', 'puthia', '', 'puthia.rajshahi.gov.bd', 1, NULL, '2022-07-01 17:48:50', '2022-07-03 23:27:04'),
(139, 15, 'Bagha', 'bagha', '', 'bagha.rajshahi.gov.bd', 1, NULL, '2022-07-01 17:48:50', '2022-07-03 23:27:04'),
(140, 15, 'Godagari', 'godagari', '', 'godagari.rajshahi.gov.bd', 1, NULL, '2022-07-01 17:48:50', '2022-07-03 23:27:04'),
(141, 15, 'Tanore', 'tanore', '', 'tanore.rajshahi.gov.bd', 1, NULL, '2022-07-01 17:48:50', '2022-07-03 23:27:04'),
(142, 15, 'Bagmara', 'bagmara', '', 'bagmara.rajshahi.gov.bd', 1, NULL, '2022-07-01 17:48:50', '2022-07-03 23:27:04'),
(143, 16, 'Natore Sadar', 'natore-sadar', ' ', 'natoresadar.natore.gov.bd', 1, NULL, '2022-07-01 17:48:50', '2022-07-03 23:27:04'),
(144, 16, 'Singra', 'singra', '', 'singra.natore.gov.bd', 1, NULL, '2022-07-01 17:48:50', '2022-07-03 23:27:04'),
(145, 16, 'Baraigram', 'baraigram', '', 'baraigram.natore.gov.bd', 1, NULL, '2022-07-01 17:48:50', '2022-07-03 23:27:04'),
(146, 16, 'Bagatipara', 'bagatipara', '', 'bagatipara.natore.gov.bd', 1, NULL, '2022-07-01 17:48:50', '2022-07-03 23:27:04'),
(147, 16, 'Lalpur', 'lalpur', '', 'lalpur.natore.gov.bd', 1, NULL, '2022-07-01 17:48:50', '2022-07-03 23:27:04'),
(148, 16, 'Gurudaspur', 'gurudaspur', '', 'gurudaspur.natore.gov.bd', 1, NULL, '2022-07-01 17:48:50', '2022-07-03 23:27:04'),
(149, 16, 'Naldanga', 'naldanga', '', 'naldanga.natore.gov.bd', 1, NULL, '2022-07-01 17:48:50', '2022-07-03 23:27:04'),
(150, 17, 'Akkelpur', 'akkelpur', '', 'akkelpur.joypurhat.gov.bd', 1, NULL, '2022-07-01 17:48:50', '2022-07-03 23:27:04'),
(151, 17, 'Kalai', 'kalai', '', 'kalai.joypurhat.gov.bd', 1, NULL, '2022-07-01 17:48:50', '2022-07-03 23:27:04'),
(152, 17, 'Khetlal', 'khetlal', '', 'khetlal.joypurhat.gov.bd', 1, NULL, '2022-07-01 17:48:50', '2022-07-03 23:27:04'),
(153, 17, 'Panchbibi', 'panchbibi', '', 'panchbibi.joypurhat.gov.bd', 1, NULL, '2022-07-01 17:48:50', '2022-07-03 23:27:04'),
(154, 17, 'Joypurhat Sadar', 'joypurhat-sadar', ' ', 'joypurhatsadar.joypurhat.gov.bd', 1, NULL, '2022-07-01 17:48:50', '2022-07-03 23:27:04'),
(155, 18, 'Chapainawabganj Sadar', 'chapainawabganj-sadar', ' ', 'chapainawabganjsadar.chapainawabganj.gov.bd', 1, NULL, '2022-07-01 17:48:50', '2022-07-03 23:27:04'),
(156, 18, 'Gomostapur', 'gomostapur', '', 'gomostapur.chapainawabganj.gov.bd', 1, NULL, '2022-07-01 17:48:50', '2022-07-03 23:27:04'),
(157, 18, 'Nachol', 'nachol', '', 'nachol.chapainawabganj.gov.bd', 1, NULL, '2022-07-01 17:48:50', '2022-07-03 23:27:04'),
(158, 18, 'Bholahat', 'bholahat', '', 'bholahat.chapainawabganj.gov.bd', 1, NULL, '2022-07-01 17:48:50', '2022-07-03 23:27:04'),
(159, 18, 'Shibganj', 'shibganj', '', 'shibganj.chapainawabganj.gov.bd', 1, NULL, '2022-07-01 17:48:50', '2022-07-03 23:26:11'),
(160, 19, 'Mohadevpur', 'mohadevpur', '', 'mohadevpur.naogaon.gov.bd', 1, NULL, '2022-07-01 17:48:50', '2022-07-03 23:27:04'),
(161, 19, 'Badalgachi', 'badalgachi', '', 'badalgachi.naogaon.gov.bd', 1, NULL, '2022-07-01 17:48:50', '2022-07-03 23:27:04'),
(162, 19, 'Patnitala', 'patnitala', '', 'patnitala.naogaon.gov.bd', 1, NULL, '2022-07-01 17:48:50', '2022-07-03 23:27:04'),
(163, 19, 'Dhamoirhat', 'dhamoirhat', '', 'dhamoirhat.naogaon.gov.bd', 1, NULL, '2022-07-01 17:48:50', '2022-07-03 23:27:04'),
(164, 19, 'Niamatpur', 'niamatpur', '', 'niamatpur.naogaon.gov.bd', 1, NULL, '2022-07-01 17:48:50', '2022-07-03 23:27:04'),
(165, 19, 'Manda', 'manda', '', 'manda.naogaon.gov.bd', 1, NULL, '2022-07-01 17:48:50', '2022-07-03 23:27:04'),
(166, 19, 'Atrai', 'atrai', '', 'atrai.naogaon.gov.bd', 1, NULL, '2022-07-01 17:48:50', '2022-07-03 23:27:04'),
(167, 19, 'Raninagar', 'raninagar', '', 'raninagar.naogaon.gov.bd', 1, NULL, '2022-07-01 17:48:50', '2022-07-03 23:27:04'),
(168, 19, 'Naogaon Sadar', 'naogaon-sadar', ' ', 'naogaonsadar.naogaon.gov.bd', 1, NULL, '2022-07-01 17:48:50', '2022-07-03 23:27:04'),
(169, 19, 'Porsha', 'porsha', '', 'porsha.naogaon.gov.bd', 1, NULL, '2022-07-01 17:48:50', '2022-07-03 23:27:04'),
(170, 19, 'Sapahar', 'sapahar', '', 'sapahar.naogaon.gov.bd', 1, NULL, '2022-07-01 17:48:50', '2022-07-03 23:27:04'),
(171, 20, 'Manirampur', 'manirampur', '', 'manirampur.jessore.gov.bd', 1, NULL, '2022-07-01 17:48:50', '2022-07-03 23:27:04'),
(172, 20, 'Abhaynagar', 'abhaynagar', '', 'abhaynagar.jessore.gov.bd', 1, NULL, '2022-07-01 17:48:50', '2022-07-03 23:27:04'),
(173, 20, 'Bagherpara', 'bagherpara', '', 'bagherpara.jessore.gov.bd', 1, NULL, '2022-07-01 17:48:50', '2022-07-03 23:27:04'),
(174, 20, 'Chougachha', 'chougachha', '', 'chougachha.jessore.gov.bd', 1, NULL, '2022-07-01 17:48:50', '2022-07-03 23:27:04'),
(175, 20, 'Jhikargacha', 'jhikargacha', '', 'jhikargacha.jessore.gov.bd', 1, NULL, '2022-07-01 17:48:50', '2022-07-03 23:27:04'),
(176, 20, 'Keshabpur', 'keshabpur', '', 'keshabpur.jessore.gov.bd', 1, NULL, '2022-07-01 17:48:50', '2022-07-03 23:27:04'),
(177, 20, 'Jessore Sadar', 'jessore-sadar', ' ', 'sadar.jessore.gov.bd', 1, NULL, '2022-07-01 17:48:50', '2022-07-03 23:27:04'),
(178, 20, 'Sharsha', 'sharsha', '', 'sharsha.jessore.gov.bd', 1, NULL, '2022-07-01 17:48:50', '2022-07-03 23:27:04'),
(179, 21, 'Assasuni', 'assasuni', '', 'assasuni.satkhira.gov.bd', 1, NULL, '2022-07-01 17:48:50', '2022-07-03 23:27:04'),
(180, 21, 'Debhata', 'debhata', '', 'debhata.satkhira.gov.bd', 1, NULL, '2022-07-01 17:48:50', '2022-07-03 23:27:04'),
(181, 21, 'Kalaroa', 'kalaroa', '', 'kalaroa.satkhira.gov.bd', 1, NULL, '2022-07-01 17:48:50', '2022-07-03 23:27:04'),
(182, 21, 'Satkhira Sadar', 'satkhira-sadar', ' ', 'satkhirasadar.satkhira.gov.bd', 1, NULL, '2022-07-01 17:48:50', '2022-07-03 23:27:04'),
(183, 21, 'Shyamnagar', 'shyamnagar', '', 'shyamnagar.satkhira.gov.bd', 1, NULL, '2022-07-01 17:48:50', '2022-07-03 23:27:04'),
(184, 21, 'Tala', 'tala', '', 'tala.satkhira.gov.bd', 1, NULL, '2022-07-01 17:48:50', '2022-07-03 23:27:04'),
(185, 21, 'Kaliganj', 'kaliganj-185', '', 'kaliganj.satkhira.gov.bd', 1, NULL, '2022-07-01 17:48:50', '2022-07-03 23:26:11'),
(186, 22, 'Mujibnagar', 'mujibnagar', '', 'mujibnagar.meherpur.gov.bd', 1, NULL, '2022-07-01 17:48:50', '2022-07-03 23:27:04'),
(187, 22, 'Meherpur Sadar', 'meherpur-sadar', ' ', 'meherpursadar.meherpur.gov.bd', 1, NULL, '2022-07-01 17:48:50', '2022-07-03 23:27:04'),
(188, 22, 'Gangni', 'gangni', '', 'gangni.meherpur.gov.bd', 1, NULL, '2022-07-01 17:48:50', '2022-07-03 23:27:04'),
(189, 23, 'Narail Sadar', 'narail-sadar', ' ', 'narailsadar.narail.gov.bd', 1, NULL, '2022-07-01 17:48:50', '2022-07-03 23:27:04'),
(190, 23, 'Lohagara', 'lohagara', '', 'lohagara.narail.gov.bd', 1, NULL, '2022-07-01 17:48:50', '2022-07-03 23:26:11'),
(191, 23, 'Kalia', 'kalia', '', 'kalia.narail.gov.bd', 1, NULL, '2022-07-01 17:48:50', '2022-07-03 23:27:04'),
(192, 24, 'Chuadanga Sadar', 'chuadanga-sadar', ' ', 'chuadangasadar.chuadanga.gov.bd', 1, NULL, '2022-07-01 17:48:50', '2022-07-03 23:27:04'),
(193, 24, 'Alamdanga', 'alamdanga', '', 'alamdanga.chuadanga.gov.bd', 1, NULL, '2022-07-01 17:48:50', '2022-07-03 23:27:04'),
(194, 24, 'Damurhuda', 'damurhuda', '', 'damurhuda.chuadanga.gov.bd', 1, NULL, '2022-07-01 17:48:50', '2022-07-03 23:27:04'),
(195, 24, 'Jibannagar', 'jibannagar', '', 'jibannagar.chuadanga.gov.bd', 1, NULL, '2022-07-01 17:48:50', '2022-07-03 23:27:04'),
(196, 25, 'Kushtia Sadar', 'kushtia-sadar', ' ', 'kushtiasadar.kushtia.gov.bd', 1, NULL, '2022-07-01 17:48:50', '2022-07-03 23:27:04'),
(197, 25, 'Kumarkhali', 'kumarkhali', '', 'kumarkhali.kushtia.gov.bd', 1, NULL, '2022-07-01 17:48:50', '2022-07-03 23:27:04'),
(198, 25, 'Khoksa', 'khoksa', '', 'khoksa.kushtia.gov.bd', 1, NULL, '2022-07-01 17:48:50', '2022-07-03 23:27:04'),
(199, 25, 'Mirpur', 'mirpur', '', 'mirpurkushtia.kushtia.gov.bd', 1, NULL, '2022-07-01 17:48:50', '2022-07-03 23:27:04'),
(200, 25, 'Daulatpur', 'daulatpur', '', 'daulatpur.kushtia.gov.bd', 1, NULL, '2022-07-01 17:48:50', '2022-07-03 23:27:04'),
(201, 25, 'Bheramara', 'bheramara', '', 'bheramara.kushtia.gov.bd', 1, NULL, '2022-07-01 17:48:50', '2022-07-03 23:27:04'),
(202, 26, 'Shalikha', 'shalikha', '', 'shalikha.magura.gov.bd', 1, NULL, '2022-07-01 17:48:50', '2022-07-03 23:27:04'),
(203, 26, 'Sreepur', 'sreepur-203', '', 'sreepur.magura.gov.bd', 1, NULL, '2022-07-01 17:48:50', '2022-07-03 23:26:11'),
(204, 26, 'Magura Sadar', 'magura-sadar', ' ', 'magurasadar.magura.gov.bd', 1, NULL, '2022-07-01 17:48:50', '2022-07-03 23:27:04'),
(205, 26, 'Mohammadpur', 'mohammadpur', '', 'mohammadpur.magura.gov.bd', 1, NULL, '2022-07-01 17:48:50', '2022-07-03 23:27:04'),
(206, 27, 'Paikgasa', 'paikgasa', '', 'paikgasa.khulna.gov.bd', 1, NULL, '2022-07-01 17:48:50', '2022-07-03 23:27:04'),
(207, 27, 'Fultola', 'fultola', '', 'fultola.khulna.gov.bd', 1, NULL, '2022-07-01 17:48:50', '2022-07-03 23:27:04'),
(208, 27, 'Digholia', 'digholia', '', 'digholia.khulna.gov.bd', 1, NULL, '2022-07-01 17:48:50', '2022-07-03 23:27:04'),
(209, 27, 'Rupsha', 'rupsha', '', 'rupsha.khulna.gov.bd', 1, NULL, '2022-07-01 17:48:50', '2022-07-03 23:27:04'),
(210, 27, 'Terokhada', 'terokhada', '', 'terokhada.khulna.gov.bd', 1, NULL, '2022-07-01 17:48:50', '2022-07-03 23:27:04'),
(211, 27, 'Dumuria', 'dumuria', '', 'dumuria.khulna.gov.bd', 1, NULL, '2022-07-01 17:48:50', '2022-07-03 23:27:04'),
(212, 27, 'Botiaghata', 'botiaghata', '', 'botiaghata.khulna.gov.bd', 1, NULL, '2022-07-01 17:48:50', '2022-07-03 23:27:04'),
(213, 27, 'Dakop', 'dakop', '', 'dakop.khulna.gov.bd', 1, NULL, '2022-07-01 17:48:50', '2022-07-03 23:27:04'),
(214, 27, 'Koyra', 'koyra', '', 'koyra.khulna.gov.bd', 1, NULL, '2022-07-01 17:48:50', '2022-07-03 23:27:04'),
(215, 28, 'Fakirhat', 'fakirhat', '', 'fakirhat.bagerhat.gov.bd', 1, NULL, '2022-07-01 17:48:50', '2022-07-03 23:27:04'),
(216, 28, 'Bagerhat Sadar', 'bagerhat-sadar', ' ', 'sadar.bagerhat.gov.bd', 1, NULL, '2022-07-01 17:48:50', '2022-07-03 23:27:04'),
(217, 28, 'Mollahat', 'mollahat', '', 'mollahat.bagerhat.gov.bd', 1, NULL, '2022-07-01 17:48:50', '2022-07-03 23:27:04'),
(218, 28, 'Sarankhola', 'sarankhola', '', 'sarankhola.bagerhat.gov.bd', 1, NULL, '2022-07-01 17:48:50', '2022-07-03 23:27:04'),
(219, 28, 'Rampal', 'rampal', '', 'rampal.bagerhat.gov.bd', 1, NULL, '2022-07-01 17:48:50', '2022-07-03 23:27:04'),
(220, 28, 'Morrelganj', 'morrelganj', '', 'morrelganj.bagerhat.gov.bd', 1, NULL, '2022-07-01 17:48:50', '2022-07-03 23:27:04'),
(221, 28, 'Kachua', 'kachua', '', 'kachua.bagerhat.gov.bd', 1, NULL, '2022-07-01 17:48:50', '2022-07-03 23:26:11'),
(222, 28, 'Mongla', 'mongla', '', 'mongla.bagerhat.gov.bd', 1, NULL, '2022-07-01 17:48:50', '2022-07-03 23:27:04'),
(223, 28, 'Chitalmari', 'chitalmari', '', 'chitalmari.bagerhat.gov.bd', 1, NULL, '2022-07-01 17:48:50', '2022-07-03 23:27:04'),
(224, 29, 'Jhenaidah Sadar', 'jhenaidah-sadar', ' ', 'sadar.jhenaidah.gov.bd', 1, NULL, '2022-07-01 17:48:50', '2022-07-03 23:27:04'),
(225, 29, 'Shailkupa', 'shailkupa', '', 'shailkupa.jhenaidah.gov.bd', 1, NULL, '2022-07-01 17:48:50', '2022-07-03 23:27:04'),
(226, 29, 'Harinakundu', 'harinakundu', '', 'harinakundu.jhenaidah.gov.bd', 1, NULL, '2022-07-01 17:48:50', '2022-07-03 23:27:04'),
(227, 29, 'Kaliganj', 'kaliganj', '', 'kaliganj.jhenaidah.gov.bd', 1, NULL, '2022-07-01 17:48:50', '2022-07-03 23:26:11'),
(228, 29, 'Kotchandpur', 'kotchandpur', '', 'kotchandpur.jhenaidah.gov.bd', 1, NULL, '2022-07-01 17:48:50', '2022-07-03 23:27:04'),
(229, 29, 'Moheshpur', 'moheshpur', '', 'moheshpur.jhenaidah.gov.bd', 1, NULL, '2022-07-01 17:48:50', '2022-07-03 23:27:04'),
(230, 30, 'Jhalakathi Sadar', 'jhalakathi-sadar', ' ', 'sadar.jhalakathi.gov.bd', 1, NULL, '2022-07-01 17:48:50', '2022-07-03 23:27:04'),
(231, 30, 'Kathalia', 'kathalia', '', 'kathalia.jhalakathi.gov.bd', 1, NULL, '2022-07-01 17:48:50', '2022-07-03 23:27:04'),
(232, 30, 'Nalchity', 'nalchity', '', 'nalchity.jhalakathi.gov.bd', 1, NULL, '2022-07-01 17:48:50', '2022-07-03 23:27:04'),
(233, 30, 'Rajapur', 'rajapur', '', 'rajapur.jhalakathi.gov.bd', 1, NULL, '2022-07-01 17:48:50', '2022-07-03 23:27:04'),
(234, 31, 'Bauphal', 'bauphal', '', 'bauphal.patuakhali.gov.bd', 1, NULL, '2022-07-01 17:48:50', '2022-07-03 23:27:04'),
(235, 31, 'Patuakhali Sadar', 'patuakhali-sadar', ' ', 'sadar.patuakhali.gov.bd', 1, NULL, '2022-07-01 17:48:50', '2022-07-03 23:27:04'),
(236, 31, 'Dumki', 'dumki', '', 'dumki.patuakhali.gov.bd', 1, NULL, '2022-07-01 17:48:50', '2022-07-03 23:27:04'),
(237, 31, 'Dashmina', 'dashmina', '', 'dashmina.patuakhali.gov.bd', 1, NULL, '2022-07-01 17:48:50', '2022-07-03 23:27:04'),
(238, 31, 'Kalapara', 'kalapara', '', 'kalapara.patuakhali.gov.bd', 1, NULL, '2022-07-01 17:48:50', '2022-07-03 23:27:04'),
(239, 31, 'Mirzaganj', 'mirzaganj', '', 'mirzaganj.patuakhali.gov.bd', 1, NULL, '2022-07-01 17:48:50', '2022-07-03 23:27:04'),
(240, 31, 'Galachipa', 'galachipa', '', 'galachipa.patuakhali.gov.bd', 1, NULL, '2022-07-01 17:48:50', '2022-07-03 23:27:04'),
(241, 31, 'Rangabali', 'rangabali', '', 'rangabali.patuakhali.gov.bd', 1, NULL, '2022-07-01 17:48:50', '2022-07-03 23:27:04'),
(242, 32, 'Pirojpur Sadar', 'pirojpur-sadar', ' ', 'sadar.pirojpur.gov.bd', 1, NULL, '2022-07-01 17:48:50', '2022-07-03 23:27:04'),
(243, 32, 'Nazirpur', 'nazirpur', '', 'nazirpur.pirojpur.gov.bd', 1, NULL, '2022-07-01 17:48:50', '2022-07-03 23:27:04'),
(244, 32, 'Kawkhali', 'kawkhali', '', 'kawkhali.pirojpur.gov.bd', 1, NULL, '2022-07-01 17:48:50', '2022-07-03 23:26:11'),
(245, 32, 'Zianagar', 'zianagar', '', 'zianagar.pirojpur.gov.bd', 1, NULL, '2022-07-01 17:48:50', '2022-07-03 23:27:04'),
(246, 32, 'Bhandaria', 'bhandaria', '', 'bhandaria.pirojpur.gov.bd', 1, NULL, '2022-07-01 17:48:50', '2022-07-03 23:27:04'),
(247, 32, 'Mathbaria', 'mathbaria', '', 'mathbaria.pirojpur.gov.bd', 1, NULL, '2022-07-01 17:48:50', '2022-07-03 23:27:04'),
(248, 32, 'Nesarabad', 'nesarabad', '', 'nesarabad.pirojpur.gov.bd', 1, NULL, '2022-07-01 17:48:50', '2022-07-03 23:27:04'),
(249, 33, 'Barisal Sadar', 'barisal-sadar', ' ', 'barisalsadar.barisal.gov.bd', 1, NULL, '2022-07-01 17:48:50', '2022-07-03 23:27:04'),
(250, 33, 'Bakerganj', 'bakerganj', '', 'bakerganj.barisal.gov.bd', 1, NULL, '2022-07-01 17:48:50', '2022-07-03 23:27:04'),
(251, 33, 'Babuganj', 'babuganj', '', 'babuganj.barisal.gov.bd', 1, NULL, '2022-07-01 17:48:50', '2022-07-03 23:27:04'),
(252, 33, 'Wazirpur', 'wazirpur', '', 'wazirpur.barisal.gov.bd', 1, NULL, '2022-07-01 17:48:50', '2022-07-03 23:27:04'),
(253, 33, 'Banaripara', 'banaripara', '', 'banaripara.barisal.gov.bd', 1, NULL, '2022-07-01 17:48:50', '2022-07-03 23:27:04'),
(254, 33, 'Gournadi', 'gournadi', '', 'gournadi.barisal.gov.bd', 1, NULL, '2022-07-01 17:48:50', '2022-07-03 23:27:04'),
(255, 33, 'Agailjhara', 'agailjhara', '', 'agailjhara.barisal.gov.bd', 1, NULL, '2022-07-01 17:48:50', '2022-07-03 23:27:04'),
(256, 33, 'Mehendiganj', 'mehendiganj', '', 'mehendiganj.barisal.gov.bd', 1, NULL, '2022-07-01 17:48:50', '2022-07-03 23:27:04'),
(257, 33, 'Muladi', 'muladi', '', 'muladi.barisal.gov.bd', 1, NULL, '2022-07-01 17:48:50', '2022-07-03 23:27:04'),
(258, 33, 'Hizla', 'hizla', '', 'hizla.barisal.gov.bd', 1, NULL, '2022-07-01 17:48:50', '2022-07-03 23:27:05'),
(259, 34, 'Bhola Sadar', 'bhola-sadar', ' ', 'sadar.bhola.gov.bd', 1, NULL, '2022-07-01 17:48:50', '2022-07-03 23:27:05'),
(260, 34, 'Borhan Sddin', 'borhan-sddin', ' ', 'borhanuddin.bhola.gov.bd', 1, NULL, '2022-07-01 17:48:50', '2022-07-03 23:27:05'),
(261, 34, 'Charfesson', 'charfesson', '', 'charfesson.bhola.gov.bd', 1, NULL, '2022-07-01 17:48:50', '2022-07-03 23:27:05'),
(262, 34, 'Doulatkhan', 'doulatkhan', '', 'doulatkhan.bhola.gov.bd', 1, NULL, '2022-07-01 17:48:50', '2022-07-03 23:27:05'),
(263, 34, 'Monpura', 'monpura', '', 'monpura.bhola.gov.bd', 1, NULL, '2022-07-01 17:48:50', '2022-07-03 23:27:05'),
(264, 34, 'Tazumuddin', 'tazumuddin', '', 'tazumuddin.bhola.gov.bd', 1, NULL, '2022-07-01 17:48:50', '2022-07-03 23:27:05'),
(265, 34, 'Lalmohan', 'lalmohan', '', 'lalmohan.bhola.gov.bd', 1, NULL, '2022-07-01 17:48:50', '2022-07-03 23:27:05'),
(266, 35, 'Amtali', 'amtali', '', 'amtali.barguna.gov.bd', 1, NULL, '2022-07-01 17:48:50', '2022-07-03 23:27:05'),
(267, 35, 'Barguna Sadar', 'barguna-sadar', ' ', 'sadar.barguna.gov.bd', 1, NULL, '2022-07-01 17:48:50', '2022-07-03 23:27:05'),
(268, 35, 'Betagi', 'betagi', '', 'betagi.barguna.gov.bd', 1, NULL, '2022-07-01 17:48:50', '2022-07-03 23:27:05'),
(269, 35, 'Bamna', 'bamna', '', 'bamna.barguna.gov.bd', 1, NULL, '2022-07-01 17:48:50', '2022-07-03 23:27:05'),
(270, 35, 'Pathorghata', 'pathorghata', '', 'pathorghata.barguna.gov.bd', 1, NULL, '2022-07-01 17:48:50', '2022-07-03 23:27:05'),
(271, 35, 'Taltali', 'taltali', '', 'taltali.barguna.gov.bd', 1, NULL, '2022-07-01 17:48:50', '2022-07-03 23:27:05'),
(272, 36, 'Balaganj', 'balaganj', '', 'balaganj.sylhet.gov.bd', 1, NULL, '2022-07-01 17:48:50', '2022-07-03 23:27:05'),
(273, 36, 'Beanibazar', 'beanibazar', '', 'beanibazar.sylhet.gov.bd', 1, NULL, '2022-07-01 17:48:50', '2022-07-03 23:27:05'),
(274, 36, 'Bishwanath', 'bishwanath', '', 'bishwanath.sylhet.gov.bd', 1, NULL, '2022-07-01 17:48:50', '2022-07-03 23:27:05'),
(275, 36, 'Companiganj', 'companiganj', '', 'companiganj.sylhet.gov.bd', 1, NULL, '2022-07-01 17:48:50', '2022-07-03 23:26:11'),
(276, 36, 'Fenchuganj', 'fenchuganj', '', 'fenchuganj.sylhet.gov.bd', 1, NULL, '2022-07-01 17:48:50', '2022-07-03 23:27:05'),
(277, 36, 'Golapganj', 'golapganj', '', 'golapganj.sylhet.gov.bd', 1, NULL, '2022-07-01 17:48:50', '2022-07-03 23:27:05'),
(278, 36, 'Gowainghat', 'gowainghat', '', 'gowainghat.sylhet.gov.bd', 1, NULL, '2022-07-01 17:48:50', '2022-07-03 23:27:05'),
(279, 36, 'Jaintiapur', 'jaintiapur', '', 'jaintiapur.sylhet.gov.bd', 1, NULL, '2022-07-01 17:48:50', '2022-07-03 23:27:05'),
(280, 36, 'Kanaighat', 'kanaighat', '', 'kanaighat.sylhet.gov.bd', 1, NULL, '2022-07-01 17:48:50', '2022-07-03 23:27:05'),
(281, 36, 'Sylhet Sadar', 'sylhet-sadar', ' ', 'sylhetsadar.sylhet.gov.bd', 1, NULL, '2022-07-01 17:48:50', '2022-07-03 23:27:05'),
(282, 36, 'Zakiganj', 'zakiganj', '', 'zakiganj.sylhet.gov.bd', 1, NULL, '2022-07-01 17:48:50', '2022-07-03 23:27:05'),
(283, 36, 'Dakshinsurma', 'dakshinsurma', ' ', 'dakshinsurma.sylhet.gov.bd', 1, NULL, '2022-07-01 17:48:50', '2022-07-03 23:27:05'),
(284, 36, 'Osmaninagar', 'osmaninagar', ' ', 'osmaninagar.sylhet.gov.bd', 1, NULL, '2022-07-01 17:48:50', '2022-07-03 23:27:05'),
(285, 37, 'Barlekha', 'barlekha', '', 'barlekha.moulvibazar.gov.bd', 1, NULL, '2022-07-01 17:48:50', '2022-07-03 23:27:05'),
(286, 37, 'Kamolganj', 'kamolganj', '', 'kamolganj.moulvibazar.gov.bd', 1, NULL, '2022-07-01 17:48:50', '2022-07-03 23:27:05'),
(287, 37, 'Kulaura', 'kulaura', '', 'kulaura.moulvibazar.gov.bd', 1, NULL, '2022-07-01 17:48:50', '2022-07-03 23:27:05'),
(288, 37, 'Moulvibazar Sadar', 'moulvibazar-sadar', ' ', 'moulvibazarsadar.moulvibazar.gov.bd', 1, NULL, '2022-07-01 17:48:50', '2022-07-03 23:27:05'),
(289, 37, 'Rajnagar', 'rajnagar', '', 'rajnagar.moulvibazar.gov.bd', 1, NULL, '2022-07-01 17:48:50', '2022-07-03 23:27:05'),
(290, 37, 'Sreemangal', 'sreemangal', '', 'sreemangal.moulvibazar.gov.bd', 1, NULL, '2022-07-01 17:48:50', '2022-07-03 23:27:05'),
(291, 37, 'Juri', 'juri', '', 'juri.moulvibazar.gov.bd', 1, NULL, '2022-07-01 17:48:50', '2022-07-03 23:27:05'),
(292, 38, 'Nabiganj', 'nabiganj', '', 'nabiganj.habiganj.gov.bd', 1, NULL, '2022-07-01 17:48:50', '2022-07-03 23:27:05'),
(293, 38, 'Bahubal', 'bahubal', '', 'bahubal.habiganj.gov.bd', 1, NULL, '2022-07-01 17:48:50', '2022-07-03 23:27:05'),
(294, 38, 'Ajmiriganj', 'ajmiriganj', '', 'ajmiriganj.habiganj.gov.bd', 1, NULL, '2022-07-01 17:48:50', '2022-07-03 23:27:05'),
(295, 38, 'Baniachong', 'baniachong', '', 'baniachong.habiganj.gov.bd', 1, NULL, '2022-07-01 17:48:50', '2022-07-03 23:27:05'),
(296, 38, 'Lakhai', 'lakhai', '', 'lakhai.habiganj.gov.bd', 1, NULL, '2022-07-01 17:48:50', '2022-07-03 23:27:05'),
(297, 38, 'Chunarughat', 'chunarughat', '', 'chunarughat.habiganj.gov.bd', 1, NULL, '2022-07-01 17:48:50', '2022-07-03 23:27:05'),
(298, 38, 'Habiganj Sadar', 'habiganj-sadar', ' ', 'habiganjsadar.habiganj.gov.bd', 1, NULL, '2022-07-01 17:48:50', '2022-07-03 23:27:05'),
(299, 38, 'Madhabpur', 'madhabpur', '', 'madhabpur.habiganj.gov.bd', 1, NULL, '2022-07-01 17:48:50', '2022-07-03 23:27:05'),
(300, 39, 'Sunamganj Sadar', 'sunamganj-sadar', ' ', 'sadar.sunamganj.gov.bd', 1, NULL, '2022-07-01 17:48:50', '2022-07-03 23:27:05'),
(301, 39, 'South Sunamganj', 'south-sunamganj', ' ', 'southsunamganj.sunamganj.gov.bd', 1, NULL, '2022-07-01 17:48:50', '2022-07-03 23:27:05'),
(302, 39, 'Bishwambarpur', 'bishwambarpur', '', 'bishwambarpur.sunamganj.gov.bd', 1, NULL, '2022-07-01 17:48:50', '2022-07-03 23:27:05'),
(303, 39, 'Chhatak', 'chhatak', '', 'chhatak.sunamganj.gov.bd', 1, NULL, '2022-07-01 17:48:50', '2022-07-03 23:27:05'),
(304, 39, 'Jagannathpur', 'jagannathpur', '', 'jagannathpur.sunamganj.gov.bd', 1, NULL, '2022-07-01 17:48:50', '2022-07-03 23:27:05'),
(305, 39, 'Dowarabazar', 'dowarabazar', '', 'dowarabazar.sunamganj.gov.bd', 1, NULL, '2022-07-01 17:48:50', '2022-07-03 23:27:05'),
(306, 39, 'Tahirpur', 'tahirpur', '', 'tahirpur.sunamganj.gov.bd', 1, NULL, '2022-07-01 17:48:50', '2022-07-03 23:27:05'),
(307, 39, 'Dharmapasha', 'dharmapasha', '', 'dharmapasha.sunamganj.gov.bd', 1, NULL, '2022-07-01 17:48:50', '2022-07-03 23:27:05'),
(308, 39, 'Jamalganj', 'jamalganj', '', 'jamalganj.sunamganj.gov.bd', 1, NULL, '2022-07-01 17:48:50', '2022-07-03 23:27:05'),
(309, 39, 'Shalla', 'shalla', '', 'shalla.sunamganj.gov.bd', 1, NULL, '2022-07-01 17:48:50', '2022-07-03 23:27:05'),
(310, 39, 'Derai', 'derai', '', 'derai.sunamganj.gov.bd', 1, NULL, '2022-07-01 17:48:50', '2022-07-03 23:27:05'),
(311, 40, 'Belabo', 'belabo', '', 'belabo.narsingdi.gov.bd', 1, NULL, '2022-07-01 17:48:50', '2022-07-03 23:27:05'),
(312, 40, 'Monohardi', 'monohardi', '', 'monohardi.narsingdi.gov.bd', 1, NULL, '2022-07-01 17:48:50', '2022-07-03 23:27:05'),
(313, 40, 'Narsingdi Sadar', 'narsingdi-sadar', ' ', 'narsingdisadar.narsingdi.gov.bd', 1, NULL, '2022-07-01 17:48:50', '2022-07-03 23:27:05'),
(314, 40, 'Palash', 'palash', '', 'palash.narsingdi.gov.bd', 1, NULL, '2022-07-01 17:48:50', '2022-07-03 23:27:05'),
(315, 40, 'Raipura', 'raipura', '', 'raipura.narsingdi.gov.bd', 1, NULL, '2022-07-01 17:48:50', '2022-07-03 23:27:05'),
(316, 40, 'Shibpur', 'shibpur', '', 'shibpur.narsingdi.gov.bd', 1, NULL, '2022-07-01 17:48:50', '2022-07-03 23:27:05'),
(317, 41, 'Kaliganj', 'kaliganj-317', '', 'kaliganj.gazipur.gov.bd', 1, NULL, '2022-07-01 17:48:50', '2022-07-03 23:25:05'),
(318, 41, 'Kaliakair', 'kaliakair', '', 'kaliakair.gazipur.gov.bd', 1, NULL, '2022-07-01 17:48:50', '2022-07-03 23:27:05'),
(319, 41, 'Kapasia', 'kapasia', '', 'kapasia.gazipur.gov.bd', 1, NULL, '2022-07-01 17:48:50', '2022-07-03 23:27:05'),
(320, 41, 'Gazipur Sadar', 'gazipur-sadar', ' ', 'sadar.gazipur.gov.bd', 1, NULL, '2022-07-01 17:48:50', '2022-07-03 23:27:05'),
(321, 41, 'Sreepur', 'sreepur', '', 'sreepur.gazipur.gov.bd', 1, NULL, '2022-07-01 17:48:50', '2022-07-03 23:26:11'),
(322, 42, 'Shariatpur Sadar', 'shariatpur-sadar', ' ', 'sadar.shariatpur.gov.bd', 1, NULL, '2022-07-01 17:48:50', '2022-07-03 23:27:05'),
(323, 42, 'Naria', 'naria', '', 'naria.shariatpur.gov.bd', 1, NULL, '2022-07-01 17:48:50', '2022-07-03 23:27:05'),
(324, 42, 'Zajira', 'zajira', '', 'zajira.shariatpur.gov.bd', 1, NULL, '2022-07-01 17:48:50', '2022-07-03 23:27:05'),
(325, 42, 'Gosairhat', 'gosairhat', '', 'gosairhat.shariatpur.gov.bd', 1, NULL, '2022-07-01 17:48:50', '2022-07-03 23:27:05'),
(326, 42, 'Bhedarganj', 'bhedarganj', '', 'bhedarganj.shariatpur.gov.bd', 1, NULL, '2022-07-01 17:48:50', '2022-07-03 23:27:05'),
(327, 42, 'Damudya', 'damudya', '', 'damudya.shariatpur.gov.bd', 1, NULL, '2022-07-01 17:48:50', '2022-07-03 23:27:05'),
(328, 43, 'Araihazar', 'araihazar', '', 'araihazar.narayanganj.gov.bd', 1, NULL, '2022-07-01 17:48:50', '2022-07-03 23:27:05'),
(329, 43, 'Bandar', 'bandar', '', 'bandar.narayanganj.gov.bd', 1, NULL, '2022-07-01 17:48:50', '2022-07-03 23:27:05'),
(330, 43, 'Narayanganj Sadar', 'narayanganj-sadar', ' ', 'narayanganjsadar.narayanganj.gov.bd', 1, NULL, '2022-07-01 17:48:50', '2022-07-03 23:27:05'),
(331, 43, 'Rupganj', 'rupganj', '', 'rupganj.narayanganj.gov.bd', 1, NULL, '2022-07-01 17:48:50', '2022-07-03 23:27:05'),
(332, 43, 'Sonargaon', 'sonargaon', '', 'sonargaon.narayanganj.gov.bd', 1, NULL, '2022-07-01 17:48:50', '2022-07-03 23:27:05'),
(333, 44, 'Basail', 'basail', '', 'basail.tangail.gov.bd', 1, NULL, '2022-07-01 17:48:50', '2022-07-03 23:27:05'),
(334, 44, 'Bhuapur', 'bhuapur', '', 'bhuapur.tangail.gov.bd', 1, NULL, '2022-07-01 17:48:50', '2022-07-03 23:27:05'),
(335, 44, 'Delduar', 'delduar', '', 'delduar.tangail.gov.bd', 1, NULL, '2022-07-01 17:48:50', '2022-07-03 23:27:05'),
(336, 44, 'Ghatail', 'ghatail', '', 'ghatail.tangail.gov.bd', 1, NULL, '2022-07-01 17:48:50', '2022-07-03 23:27:05'),
(337, 44, 'Gopalpur', 'gopalpur', '', 'gopalpur.tangail.gov.bd', 1, NULL, '2022-07-01 17:48:50', '2022-07-03 23:27:05'),
(338, 44, 'Madhupur', 'madhupur', '', 'madhupur.tangail.gov.bd', 1, NULL, '2022-07-01 17:48:50', '2022-07-03 23:27:05'),
(339, 44, 'Mirzapur', 'mirzapur', '', 'mirzapur.tangail.gov.bd', 1, NULL, '2022-07-01 17:48:50', '2022-07-03 23:27:05'),
(340, 44, 'Nagarpur', 'nagarpur', '', 'nagarpur.tangail.gov.bd', 1, NULL, '2022-07-01 17:48:50', '2022-07-03 23:27:05'),
(341, 44, 'Sakhipur', 'sakhipur', '', 'sakhipur.tangail.gov.bd', 1, NULL, '2022-07-01 17:48:50', '2022-07-03 23:27:05'),
(342, 44, 'Tangail Sadar', 'tangail-sadar', ' ', 'tangailsadar.tangail.gov.bd', 1, NULL, '2022-07-01 17:48:50', '2022-07-03 23:27:05'),
(343, 44, 'Kalihati', 'kalihati', '', 'kalihati.tangail.gov.bd', 1, NULL, '2022-07-01 17:48:50', '2022-07-03 23:27:05'),
(344, 44, 'Dhanbari', 'dhanbari', '', 'dhanbari.tangail.gov.bd', 1, NULL, '2022-07-01 17:48:50', '2022-07-03 23:27:05'),
(345, 45, 'Itna', 'itna', '', 'itna.kishoreganj.gov.bd', 1, NULL, '2022-07-01 17:48:50', '2022-07-03 23:27:05'),
(346, 45, 'Katiadi', 'katiadi', '', 'katiadi.kishoreganj.gov.bd', 1, NULL, '2022-07-01 17:48:50', '2022-07-03 23:27:05'),
(347, 45, 'Bhairab', 'bhairab', '', 'bhairab.kishoreganj.gov.bd', 1, NULL, '2022-07-01 17:48:50', '2022-07-03 23:27:05'),
(348, 45, 'Tarail', 'tarail', '', 'tarail.kishoreganj.gov.bd', 1, NULL, '2022-07-01 17:48:50', '2022-07-03 23:27:05'),
(349, 45, 'Hossainpur', 'hossainpur', '', 'hossainpur.kishoreganj.gov.bd', 1, NULL, '2022-07-01 17:48:50', '2022-07-03 23:27:05'),
(350, 45, 'Pakundia', 'pakundia', '', 'pakundia.kishoreganj.gov.bd', 1, NULL, '2022-07-01 17:48:50', '2022-07-03 23:27:05'),
(351, 45, 'Kuliarchar', 'kuliarchar', '', 'kuliarchar.kishoreganj.gov.bd', 1, NULL, '2022-07-01 17:48:50', '2022-07-03 23:27:05'),
(352, 45, 'Kishoreganj Sadar', 'kishoreganj-sadar', ' ', 'kishoreganjsadar.kishoreganj.gov.bd', 1, NULL, '2022-07-01 17:48:50', '2022-07-03 23:27:05'),
(353, 45, 'Karimgonj', 'karimgonj', '', 'karimgonj.kishoreganj.gov.bd', 1, NULL, '2022-07-01 17:48:50', '2022-07-03 23:27:05'),
(354, 45, 'Bajitpur', 'bajitpur', '', 'bajitpur.kishoreganj.gov.bd', 1, NULL, '2022-07-01 17:48:50', '2022-07-03 23:27:05'),
(355, 45, 'Austagram', 'austagram', '', 'austagram.kishoreganj.gov.bd', 1, NULL, '2022-07-01 17:48:50', '2022-07-03 23:27:05'),
(356, 45, 'Mithamoin', 'mithamoin', '', 'mithamoin.kishoreganj.gov.bd', 1, NULL, '2022-07-01 17:48:50', '2022-07-03 23:27:05'),
(357, 45, 'Nikli', 'nikli', '', 'nikli.kishoreganj.gov.bd', 1, NULL, '2022-07-01 17:48:50', '2022-07-03 23:27:05'),
(358, 46, 'Harirampur', 'harirampur', '', 'harirampur.manikganj.gov.bd', 1, NULL, '2022-07-01 17:48:50', '2022-07-03 23:27:05'),
(359, 46, 'Saturia', 'saturia', '', 'saturia.manikganj.gov.bd', 1, NULL, '2022-07-01 17:48:50', '2022-07-03 23:27:05'),
(360, 46, 'Manikganj Sadar', 'manikganj-sadar', ' ', 'sadar.manikganj.gov.bd', 1, NULL, '2022-07-01 17:48:50', '2022-07-03 23:27:05'),
(361, 46, 'Gior', 'gior', '', 'gior.manikganj.gov.bd', 1, NULL, '2022-07-01 17:48:50', '2022-07-03 23:27:05'),
(362, 46, 'Shibaloy', 'shibaloy', '', 'shibaloy.manikganj.gov.bd', 1, NULL, '2022-07-01 17:48:50', '2022-07-03 23:27:05'),
(363, 46, 'Doulatpur', 'doulatpur', '', 'doulatpur.manikganj.gov.bd', 1, NULL, '2022-07-01 17:48:50', '2022-07-03 23:27:05'),
(364, 46, 'Singiar', 'singiar', '', 'singiar.manikganj.gov.bd', 1, NULL, '2022-07-01 17:48:50', '2022-07-03 23:27:05'),
(365, 47, 'Savar', 'savar', '', 'savar.dhaka.gov.bd', 1, NULL, '2022-07-01 17:48:50', '2022-07-03 23:27:05'),
(366, 47, 'Dhamrai', 'dhamrai', '', 'dhamrai.dhaka.gov.bd', 1, NULL, '2022-07-01 17:48:50', '2022-07-03 23:27:05'),
(367, 47, 'Keraniganj', 'keraniganj', '', 'keraniganj.dhaka.gov.bd', 1, NULL, '2022-07-01 17:48:50', '2022-07-03 23:27:05'),
(368, 47, 'Nawabganj', 'nawabganj-368', '', 'nawabganj.dhaka.gov.bd', 1, NULL, '2022-07-01 17:48:50', '2022-07-03 23:26:11'),
(369, 47, 'Dohar', 'dohar', '', 'dohar.dhaka.gov.bd', 1, NULL, '2022-07-01 17:48:50', '2022-07-03 23:27:05'),
(370, 48, 'Munshiganj Sadar', 'munshiganj-sadar', ' ', 'sadar.munshiganj.gov.bd', 1, NULL, '2022-07-01 17:48:50', '2022-07-03 23:27:05'),
(371, 48, 'Sreenagar', 'sreenagar', '', 'sreenagar.munshiganj.gov.bd', 1, NULL, '2022-07-01 17:48:50', '2022-07-03 23:27:05'),
(372, 48, 'Sirajdikhan', 'sirajdikhan', '', 'sirajdikhan.munshiganj.gov.bd', 1, NULL, '2022-07-01 17:48:50', '2022-07-03 23:27:05'),
(373, 48, 'Louhajanj', 'louhajanj', '', 'louhajanj.munshiganj.gov.bd', 1, NULL, '2022-07-01 17:48:50', '2022-07-03 23:27:05'),
(374, 48, 'Gajaria', 'gajaria', '', 'gajaria.munshiganj.gov.bd', 1, NULL, '2022-07-01 17:48:50', '2022-07-03 23:27:05'),
(375, 48, 'Tongibari', 'tongibari', '', 'tongibari.munshiganj.gov.bd', 1, NULL, '2022-07-01 17:48:50', '2022-07-03 23:27:05'),
(376, 49, 'Rajbari Sadar', 'rajbari-sadar', ' ', 'sadar.rajbari.gov.bd', 1, NULL, '2022-07-01 17:48:50', '2022-07-03 23:27:05'),
(377, 49, 'Goalanda', 'goalanda', '', 'goalanda.rajbari.gov.bd', 1, NULL, '2022-07-01 17:48:50', '2022-07-03 23:27:05'),
(378, 49, 'Pangsa', 'pangsa', '', 'pangsa.rajbari.gov.bd', 1, NULL, '2022-07-01 17:48:50', '2022-07-03 23:27:05'),
(379, 49, 'Baliakandi', 'baliakandi', '', 'baliakandi.rajbari.gov.bd', 1, NULL, '2022-07-01 17:48:50', '2022-07-03 23:27:05'),
(380, 49, 'Kalukhali', 'kalukhali', '', 'kalukhali.rajbari.gov.bd', 1, NULL, '2022-07-01 17:48:50', '2022-07-03 23:27:05'),
(381, 50, 'Madaripur Sadar', 'madaripur-sadar', ' ', 'sadar.madaripur.gov.bd', 1, NULL, '2022-07-01 17:48:50', '2022-07-03 23:27:05'),
(382, 50, 'Shibchar', 'shibchar', '', 'shibchar.madaripur.gov.bd', 1, NULL, '2022-07-01 17:48:50', '2022-07-03 23:27:05'),
(383, 50, 'Kalkini', 'kalkini', '', 'kalkini.madaripur.gov.bd', 1, NULL, '2022-07-01 17:48:50', '2022-07-03 23:27:05'),
(384, 50, 'Rajoir', 'rajoir', '', 'rajoir.madaripur.gov.bd', 1, NULL, '2022-07-01 17:48:50', '2022-07-03 23:27:05');
INSERT INTO `cities` (`id`, `district_id`, `name`, `slug`, `bn_name`, `url`, `created_by`, `updated_by`, `created_at`, `updated_at`) VALUES
(385, 51, 'Gopalganj Sadar', 'gopalganj-sadar', ' ', 'sadar.gopalganj.gov.bd', 1, NULL, '2022-07-01 17:48:50', '2022-07-03 23:27:05'),
(386, 51, 'Kashiani', 'kashiani', '', 'kashiani.gopalganj.gov.bd', 1, NULL, '2022-07-01 17:48:50', '2022-07-03 23:27:05'),
(387, 51, 'Tungipara', 'tungipara', '', 'tungipara.gopalganj.gov.bd', 1, NULL, '2022-07-01 17:48:50', '2022-07-03 23:27:05'),
(388, 51, 'Kotalipara', 'kotalipara', '', 'kotalipara.gopalganj.gov.bd', 1, NULL, '2022-07-01 17:48:50', '2022-07-03 23:27:05'),
(389, 51, 'Muksudpur', 'muksudpur', '', 'muksudpur.gopalganj.gov.bd', 1, NULL, '2022-07-01 17:48:50', '2022-07-03 23:27:05'),
(390, 52, 'Faridpur Sadar', 'faridpur-sadar', ' ', 'sadar.faridpur.gov.bd', 1, NULL, '2022-07-01 17:48:50', '2022-07-03 23:27:05'),
(391, 52, 'Alfadanga', 'alfadanga', '', 'alfadanga.faridpur.gov.bd', 1, NULL, '2022-07-01 17:48:50', '2022-07-03 23:27:05'),
(392, 52, 'Boalmari', 'boalmari', '', 'boalmari.faridpur.gov.bd', 1, NULL, '2022-07-01 17:48:50', '2022-07-03 23:27:05'),
(393, 52, 'Sadarpur', 'sadarpur', '', 'sadarpur.faridpur.gov.bd', 1, NULL, '2022-07-01 17:48:50', '2022-07-03 23:27:05'),
(394, 52, 'Nagarkanda', 'nagarkanda', '', 'nagarkanda.faridpur.gov.bd', 1, NULL, '2022-07-01 17:48:50', '2022-07-03 23:27:05'),
(395, 52, 'Bhanga', 'bhanga', '', 'bhanga.faridpur.gov.bd', 1, NULL, '2022-07-01 17:48:50', '2022-07-03 23:27:05'),
(396, 52, 'Charbhadrasan', 'charbhadrasan', '', 'charbhadrasan.faridpur.gov.bd', 1, NULL, '2022-07-01 17:48:50', '2022-07-03 23:27:05'),
(397, 52, 'Madhukhali', 'madhukhali', '', 'madhukhali.faridpur.gov.bd', 1, NULL, '2022-07-01 17:48:50', '2022-07-03 23:27:05'),
(398, 52, 'Saltha', 'saltha', '', 'saltha.faridpur.gov.bd', 1, NULL, '2022-07-01 17:48:50', '2022-07-03 23:27:05'),
(399, 53, 'Panchagarh Sadar', 'panchagarh-sadar', ' ', 'panchagarhsadar.panchagarh.gov.bd', 1, NULL, '2022-07-01 17:48:50', '2022-07-03 23:27:05'),
(400, 53, 'Debiganj', 'debiganj', '', 'debiganj.panchagarh.gov.bd', 1, NULL, '2022-07-01 17:48:50', '2022-07-03 23:27:05'),
(401, 53, 'Boda', 'boda', '', 'boda.panchagarh.gov.bd', 1, NULL, '2022-07-01 17:48:50', '2022-07-03 23:27:05'),
(402, 53, 'Atwari', 'atwari', '', 'atwari.panchagarh.gov.bd', 1, NULL, '2022-07-01 17:48:50', '2022-07-03 23:27:05'),
(403, 53, 'Tetulia', 'tetulia', '', 'tetulia.panchagarh.gov.bd', 1, NULL, '2022-07-01 17:48:50', '2022-07-03 23:27:05'),
(404, 54, 'Nawabganj', 'nawabganj', '', 'nawabganj.dinajpur.gov.bd', 1, NULL, '2022-07-01 17:48:50', '2022-07-03 23:26:11'),
(405, 54, 'Birganj', 'birganj', '', 'birganj.dinajpur.gov.bd', 1, NULL, '2022-07-01 17:48:50', '2022-07-03 23:27:05'),
(406, 54, 'Ghoraghat', 'ghoraghat', '', 'ghoraghat.dinajpur.gov.bd', 1, NULL, '2022-07-01 17:48:50', '2022-07-03 23:27:05'),
(407, 54, 'Birampur', 'birampur', '', 'birampur.dinajpur.gov.bd', 1, NULL, '2022-07-01 17:48:50', '2022-07-03 23:27:05'),
(408, 54, 'Parbatipur', 'parbatipur', '', 'parbatipur.dinajpur.gov.bd', 1, NULL, '2022-07-01 17:48:50', '2022-07-03 23:27:05'),
(409, 54, 'Bochaganj', 'bochaganj', '', 'bochaganj.dinajpur.gov.bd', 1, NULL, '2022-07-01 17:48:50', '2022-07-03 23:27:05'),
(410, 54, 'Kaharol', 'kaharol', '', 'kaharol.dinajpur.gov.bd', 1, NULL, '2022-07-01 17:48:50', '2022-07-03 23:27:05'),
(411, 54, 'Fulbari', 'fulbari', '', 'fulbari.dinajpur.gov.bd', 1, NULL, '2022-07-01 17:48:50', '2022-07-03 23:27:05'),
(412, 54, 'Dinajpur Sadar', 'dinajpur-sadar', ' ', 'dinajpursadar.dinajpur.gov.bd', 1, NULL, '2022-07-01 17:48:50', '2022-07-03 23:27:05'),
(413, 54, 'Hakimpur', 'hakimpur', '', 'hakimpur.dinajpur.gov.bd', 1, NULL, '2022-07-01 17:48:50', '2022-07-03 23:27:05'),
(414, 54, 'Khansama', 'khansama', '', 'khansama.dinajpur.gov.bd', 1, NULL, '2022-07-01 17:48:50', '2022-07-03 23:27:05'),
(415, 54, 'Birol', 'birol', '', 'birol.dinajpur.gov.bd', 1, NULL, '2022-07-01 17:48:50', '2022-07-03 23:27:05'),
(416, 54, 'Chirirbandar', 'chirirbandar', '', 'chirirbandar.dinajpur.gov.bd', 1, NULL, '2022-07-01 17:48:50', '2022-07-03 23:27:05'),
(417, 55, 'Lalmonirhat Sadar', 'lalmonirhat-sadar', ' ', 'sadar.lalmonirhat.gov.bd', 1, NULL, '2022-07-01 17:48:50', '2022-07-03 23:27:05'),
(418, 55, 'Kaliganj', 'kaliganj-418', '', 'kaliganj.lalmonirhat.gov.bd', 1, NULL, '2022-07-01 17:48:50', '2022-07-03 23:25:05'),
(419, 55, 'Hatibandha', 'hatibandha', '', 'hatibandha.lalmonirhat.gov.bd', 1, NULL, '2022-07-01 17:48:50', '2022-07-03 23:27:05'),
(420, 55, 'Patgram', 'patgram', '', 'patgram.lalmonirhat.gov.bd', 1, NULL, '2022-07-01 17:48:50', '2022-07-03 23:27:05'),
(421, 55, 'Aditmari', 'aditmari', '', 'aditmari.lalmonirhat.gov.bd', 1, NULL, '2022-07-01 17:48:50', '2022-07-03 23:27:05'),
(422, 56, 'Syedpur', 'syedpur', '', 'syedpur.nilphamari.gov.bd', 1, NULL, '2022-07-01 17:48:50', '2022-07-03 23:27:05'),
(423, 56, 'Domar', 'domar', '', 'domar.nilphamari.gov.bd', 1, NULL, '2022-07-01 17:48:50', '2022-07-03 23:27:05'),
(424, 56, 'Dimla', 'dimla', '', 'dimla.nilphamari.gov.bd', 1, NULL, '2022-07-01 17:48:50', '2022-07-03 23:27:05'),
(425, 56, 'Jaldhaka', 'jaldhaka', '', 'jaldhaka.nilphamari.gov.bd', 1, NULL, '2022-07-01 17:48:50', '2022-07-03 23:27:05'),
(426, 56, 'Kishorganj', 'kishorganj', '', 'kishorganj.nilphamari.gov.bd', 1, NULL, '2022-07-01 17:48:50', '2022-07-03 23:27:05'),
(427, 56, 'Nilphamari Sadar', 'nilphamari-sadar', ' ', 'nilphamarisadar.nilphamari.gov.bd', 1, NULL, '2022-07-01 17:48:50', '2022-07-03 23:27:05'),
(428, 57, 'Sadullapur', 'sadullapur', '', 'sadullapur.gaibandha.gov.bd', 1, NULL, '2022-07-01 17:48:50', '2022-07-03 23:27:05'),
(429, 57, 'Gaibandha Sadar', 'gaibandha-sadar', ' ', 'gaibandhasadar.gaibandha.gov.bd', 1, NULL, '2022-07-01 17:48:50', '2022-07-03 23:27:05'),
(430, 57, 'Palashbari', 'palashbari', '', 'palashbari.gaibandha.gov.bd', 1, NULL, '2022-07-01 17:48:50', '2022-07-03 23:27:05'),
(431, 57, 'Saghata', 'saghata', '', 'saghata.gaibandha.gov.bd', 1, NULL, '2022-07-01 17:48:50', '2022-07-03 23:27:05'),
(432, 57, 'Gobindaganj', 'gobindaganj', '', 'gobindaganj.gaibandha.gov.bd', 1, NULL, '2022-07-01 17:48:50', '2022-07-03 23:27:05'),
(433, 57, 'Sundarganj', 'sundarganj', '', 'sundarganj.gaibandha.gov.bd', 1, NULL, '2022-07-01 17:48:50', '2022-07-03 23:27:05'),
(434, 57, 'Phulchari', 'phulchari', '', 'phulchari.gaibandha.gov.bd', 1, NULL, '2022-07-01 17:48:50', '2022-07-03 23:27:05'),
(435, 58, 'Thakurgaon Sadar', 'thakurgaon-sadar', ' ', 'thakurgaonsadar.thakurgaon.gov.bd', 1, NULL, '2022-07-01 17:48:50', '2022-07-03 23:27:05'),
(436, 58, 'Pirganj', 'pirganj', '', 'pirganj.thakurgaon.gov.bd', 1, NULL, '2022-07-01 17:48:50', '2022-07-03 23:27:05'),
(437, 58, 'Ranisankail', 'ranisankail', '', 'ranisankail.thakurgaon.gov.bd', 1, NULL, '2022-07-01 17:48:50', '2022-07-03 23:27:05'),
(438, 58, 'Haripur', 'haripur', '', 'haripur.thakurgaon.gov.bd', 1, NULL, '2022-07-01 17:48:50', '2022-07-03 23:27:05'),
(439, 58, 'Baliadangi', 'baliadangi', '', 'baliadangi.thakurgaon.gov.bd', 1, NULL, '2022-07-01 17:48:50', '2022-07-03 23:27:05'),
(440, 59, 'Rangpur Sadar', 'rangpur-sadar', ' ', 'rangpursadar.rangpur.gov.bd', 1, NULL, '2022-07-01 17:48:50', '2022-07-03 23:27:05'),
(441, 59, 'Gangachara', 'gangachara', '', 'gangachara.rangpur.gov.bd', 1, NULL, '2022-07-01 17:48:50', '2022-07-03 23:27:05'),
(442, 59, 'Taragonj', 'taragonj', '', 'taragonj.rangpur.gov.bd', 1, NULL, '2022-07-01 17:48:50', '2022-07-03 23:27:05'),
(443, 59, 'Badargonj', 'badargonj', '', 'badargonj.rangpur.gov.bd', 1, NULL, '2022-07-01 17:48:50', '2022-07-03 23:27:05'),
(444, 59, 'Mithapukur', 'mithapukur', '', 'mithapukur.rangpur.gov.bd', 1, NULL, '2022-07-01 17:48:50', '2022-07-03 23:27:05'),
(445, 59, 'Pirgonj', 'pirgonj', '', 'pirgonj.rangpur.gov.bd', 1, NULL, '2022-07-01 17:48:50', '2022-07-03 23:27:05'),
(446, 59, 'Kaunia', 'kaunia', '', 'kaunia.rangpur.gov.bd', 1, NULL, '2022-07-01 17:48:50', '2022-07-03 23:27:05'),
(447, 59, 'Pirgacha', 'pirgacha', '', 'pirgacha.rangpur.gov.bd', 1, NULL, '2022-07-01 17:48:50', '2022-07-03 23:27:05'),
(448, 60, 'Kurigram Sadar', 'kurigram-sadar', ' ', 'kurigramsadar.kurigram.gov.bd', 1, NULL, '2022-07-01 17:48:50', '2022-07-03 23:27:05'),
(449, 60, 'Nageshwari', 'nageshwari', '', 'nageshwari.kurigram.gov.bd', 1, NULL, '2022-07-01 17:48:50', '2022-07-03 23:27:05'),
(450, 60, 'Bhurungamari', 'bhurungamari', '', 'bhurungamari.kurigram.gov.bd', 1, NULL, '2022-07-01 17:48:50', '2022-07-03 23:27:05'),
(451, 60, 'Phulbari', 'phulbari', '', 'phulbari.kurigram.gov.bd', 1, NULL, '2022-07-01 17:48:50', '2022-07-03 23:27:05'),
(452, 60, 'Rajarhat', 'rajarhat', '', 'rajarhat.kurigram.gov.bd', 1, NULL, '2022-07-01 17:48:50', '2022-07-03 23:27:05'),
(453, 60, 'Ulipur', 'ulipur', '', 'ulipur.kurigram.gov.bd', 1, NULL, '2022-07-01 17:48:50', '2022-07-03 23:27:05'),
(454, 60, 'Chilmari', 'chilmari', '', 'chilmari.kurigram.gov.bd', 1, NULL, '2022-07-01 17:48:50', '2022-07-03 23:27:05'),
(455, 60, 'Rowmari', 'rowmari', '', 'rowmari.kurigram.gov.bd', 1, NULL, '2022-07-01 17:48:50', '2022-07-03 23:27:05'),
(456, 60, 'Charrajibpur', 'charrajibpur', ' ', 'charrajibpur.kurigram.gov.bd', 1, NULL, '2022-07-01 17:48:50', '2022-07-03 23:27:05'),
(457, 61, 'Sherpur Sadar', 'sherpur-sadar', ' ', 'sherpursadar.sherpur.gov.bd', 1, NULL, '2022-07-01 17:48:50', '2022-07-03 23:27:05'),
(458, 61, 'Nalitabari', 'nalitabari', '', 'nalitabari.sherpur.gov.bd', 1, NULL, '2022-07-01 17:48:50', '2022-07-03 23:27:05'),
(459, 61, 'Sreebordi', 'sreebordi', '', 'sreebordi.sherpur.gov.bd', 1, NULL, '2022-07-01 17:48:50', '2022-07-03 23:27:05'),
(460, 61, 'Nokla', 'nokla', '', 'nokla.sherpur.gov.bd', 1, NULL, '2022-07-01 17:48:50', '2022-07-03 23:27:05'),
(461, 61, 'Jhenaigati', 'jhenaigati', '', 'jhenaigati.sherpur.gov.bd', 1, NULL, '2022-07-01 17:48:50', '2022-07-03 23:27:05'),
(462, 62, 'Fulbaria', 'fulbaria', '', 'fulbaria.mymensingh.gov.bd', 1, NULL, '2022-07-01 17:48:50', '2022-07-03 23:27:05'),
(463, 62, 'Trishal', 'trishal', '', 'trishal.mymensingh.gov.bd', 1, NULL, '2022-07-01 17:48:50', '2022-07-03 23:27:05'),
(464, 62, 'Bhaluka', 'bhaluka', '', 'bhaluka.mymensingh.gov.bd', 1, NULL, '2022-07-01 17:48:50', '2022-07-03 23:27:05'),
(465, 62, 'Muktagacha', 'muktagacha', '', 'muktagacha.mymensingh.gov.bd', 1, NULL, '2022-07-01 17:48:50', '2022-07-03 23:27:05'),
(466, 62, 'Mymensingh Sadar', 'mymensingh-sadar', ' ', 'mymensinghsadar.mymensingh.gov.bd', 1, NULL, '2022-07-01 17:48:50', '2022-07-03 23:27:05'),
(467, 62, 'Dhobaura', 'dhobaura', '', 'dhobaura.mymensingh.gov.bd', 1, NULL, '2022-07-01 17:48:50', '2022-07-03 23:27:05'),
(468, 62, 'Phulpur', 'phulpur', '', 'phulpur.mymensingh.gov.bd', 1, NULL, '2022-07-01 17:48:50', '2022-07-03 23:27:05'),
(469, 62, 'Haluaghat', 'haluaghat', '', 'haluaghat.mymensingh.gov.bd', 1, NULL, '2022-07-01 17:48:50', '2022-07-03 23:27:05'),
(470, 62, 'Gouripur', 'gouripur', '', 'gouripur.mymensingh.gov.bd', 1, NULL, '2022-07-01 17:48:50', '2022-07-03 23:27:05'),
(471, 62, 'Gafargaon', 'gafargaon', '', 'gafargaon.mymensingh.gov.bd', 1, NULL, '2022-07-01 17:48:50', '2022-07-03 23:27:05'),
(472, 62, 'Iswarganj', 'iswarganj', '', 'iswarganj.mymensingh.gov.bd', 1, NULL, '2022-07-01 17:48:50', '2022-07-03 23:27:05'),
(473, 62, 'Nandail', 'nandail', '', 'nandail.mymensingh.gov.bd', 1, NULL, '2022-07-01 17:48:50', '2022-07-03 23:27:05'),
(474, 62, 'Tarakanda', 'tarakanda', '', 'tarakanda.mymensingh.gov.bd', 1, NULL, '2022-07-01 17:48:50', '2022-07-03 23:27:05'),
(475, 63, 'Jamalpur Sadar', 'jamalpur-sadar', ' ', 'jamalpursadar.jamalpur.gov.bd', 1, NULL, '2022-07-01 17:48:50', '2022-07-03 23:27:05'),
(476, 63, 'Melandah', 'melandah', '', 'melandah.jamalpur.gov.bd', 1, NULL, '2022-07-01 17:48:50', '2022-07-03 23:27:05'),
(477, 63, 'Islampur', 'islampur', '', 'islampur.jamalpur.gov.bd', 1, NULL, '2022-07-01 17:48:50', '2022-07-03 23:27:05'),
(478, 63, 'Dewangonj', 'dewangonj', '', 'dewangonj.jamalpur.gov.bd', 1, NULL, '2022-07-01 17:48:50', '2022-07-03 23:27:05'),
(479, 63, 'Sarishabari', 'sarishabari', '', 'sarishabari.jamalpur.gov.bd', 1, NULL, '2022-07-01 17:48:50', '2022-07-03 23:27:05'),
(480, 63, 'Madarganj', 'madarganj', '', 'madarganj.jamalpur.gov.bd', 1, NULL, '2022-07-01 17:48:50', '2022-07-03 23:27:05'),
(481, 63, 'Bokshiganj', 'bokshiganj', '', 'bokshiganj.jamalpur.gov.bd', 1, NULL, '2022-07-01 17:48:50', '2022-07-03 23:27:05'),
(482, 64, 'Barhatta', 'barhatta', '', 'barhatta.netrokona.gov.bd', 1, NULL, '2022-07-01 17:48:50', '2022-07-03 23:27:05'),
(483, 64, 'Durgapur', 'durgapur', '', 'durgapur.netrokona.gov.bd', 1, NULL, '2022-07-01 17:48:50', '2022-07-03 23:26:12'),
(484, 64, 'Kendua', 'kendua', '', 'kendua.netrokona.gov.bd', 1, NULL, '2022-07-01 17:48:50', '2022-07-03 23:27:05'),
(485, 64, 'Atpara', 'atpara', '', 'atpara.netrokona.gov.bd', 1, NULL, '2022-07-01 17:48:50', '2022-07-03 23:27:05'),
(486, 64, 'Madan', 'madan', '', 'madan.netrokona.gov.bd', 1, NULL, '2022-07-01 17:48:50', '2022-07-03 23:27:05'),
(487, 64, 'Khaliajuri', 'khaliajuri', '', 'khaliajuri.netrokona.gov.bd', 1, NULL, '2022-07-01 17:48:50', '2022-07-03 23:27:05'),
(488, 64, 'Kalmakanda', 'kalmakanda', '', 'kalmakanda.netrokona.gov.bd', 1, NULL, '2022-07-01 17:48:50', '2022-07-03 23:27:05'),
(489, 64, 'Mohongonj', 'mohongonj', '', 'mohongonj.netrokona.gov.bd', 1, NULL, '2022-07-01 17:48:50', '2022-07-03 23:27:05'),
(490, 64, 'Purbadhala', 'purbadhala', '', 'purbadhala.netrokona.gov.bd', 1, NULL, '2022-07-01 17:48:50', '2022-07-03 23:27:05'),
(491, 64, 'Netrokona Sadar', 'netrokona-sadar', ' ', 'netrokonasadar.netrokona.gov.bd', 1, NULL, '2022-07-01 17:48:50', '2022-07-03 23:27:05');

-- --------------------------------------------------------

--
-- Table structure for table `districts`
--

CREATE TABLE `districts` (
  `id` bigint(20) UNSIGNED NOT NULL,
  `name` varchar(255) COLLATE utf8mb4_unicode_ci NOT NULL,
  `slug` varchar(255) COLLATE utf8mb4_unicode_ci DEFAULT NULL,
  `division_id` bigint(20) UNSIGNED NOT NULL,
  `bn_name` varchar(255) COLLATE utf8mb4_unicode_ci DEFAULT NULL,
  `lat` varchar(255) COLLATE utf8mb4_unicode_ci DEFAULT NULL,
  `lon` varchar(255) COLLATE utf8mb4_unicode_ci DEFAULT NULL,
  `url` varchar(255) COLLATE utf8mb4_unicode_ci DEFAULT NULL,
  `created_by` int(10) UNSIGNED DEFAULT NULL,
  `updated_by` int(10) UNSIGNED DEFAULT NULL,
  `created_at` timestamp NULL DEFAULT NULL,
  `updated_at` timestamp NULL DEFAULT NULL
) ENGINE=InnoDB DEFAULT CHARSET=utf8mb4 COLLATE=utf8mb4_unicode_ci;

--
-- Dumping data for table `districts`
--

INSERT INTO `districts` (`id`, `name`, `slug`, `division_id`, `bn_name`, `lat`, `lon`, `url`, `created_by`, `updated_by`, `created_at`, `updated_at`) VALUES
(1, 'Comilla', 'comilla', 1, '', '23.4682747', '91.1788135', 'www.comilla.gov.bd', 1, NULL, '2022-07-01 17:50:07', '2022-07-03 23:31:20'),
(2, 'Feni', 'feni', 1, '', '23.023231', '91.3840844', 'www.feni.gov.bd', 1, NULL, '2022-07-01 17:50:07', '2022-07-03 23:31:20'),
(3, 'Brahmanbaria', 'brahmanbaria', 1, '', '23.9570904', '91.1119286', 'www.brahmanbaria.gov.bd', 1, NULL, '2022-07-01 17:50:07', '2022-07-03 23:31:20'),
(4, 'Rangamati', 'rangamati', 1, '', '22.65561018', '92.17541121', 'www.rangamati.gov.bd', 1, NULL, '2022-07-01 17:50:07', '2022-07-03 23:31:20'),
(5, 'Noakhali', 'noakhali', 1, '', '22.869563', '91.099398', 'www.noakhali.gov.bd', 1, NULL, '2022-07-01 17:50:07', '2022-07-03 23:31:20'),
(6, 'Chandpur', 'chandpur', 1, '', '23.2332585', '90.6712912', 'www.chandpur.gov.bd', 1, NULL, '2022-07-01 17:50:07', '2022-07-03 23:31:20'),
(7, 'Lakshmipur', 'lakshmipur', 1, '', '22.942477', '90.841184', 'www.lakshmipur.gov.bd', 1, NULL, '2022-07-01 17:50:07', '2022-07-03 23:31:20'),
(8, 'Chattogram', 'chattogram', 1, '', '22.335109', '91.834073', 'www.chittagong.gov.bd', 1, NULL, '2022-07-01 17:50:07', '2022-07-03 23:31:20'),
(9, 'Coxsbazar', 'coxsbazar', 1, '', '21.44315751', '91.97381741', 'www.coxsbazar.gov.bd', 1, NULL, '2022-07-01 17:50:07', '2022-07-03 23:31:20'),
(10, 'Khagrachhari', 'khagrachhari', 1, '', '23.119285', '91.984663', 'www.khagrachhari.gov.bd', 1, NULL, '2022-07-01 17:50:07', '2022-07-03 23:31:20'),
(11, 'Bandarban', 'bandarban', 1, '', '22.1953275', '92.2183773', 'www.bandarban.gov.bd', 1, NULL, '2022-07-01 17:50:07', '2022-07-03 23:31:20'),
(12, 'Sirajganj', 'sirajganj', 2, '', '24.4533978', '89.7006815', 'www.sirajganj.gov.bd', 1, NULL, '2022-07-01 17:50:07', '2022-07-03 23:31:20'),
(13, 'Pabna', 'pabna', 2, '', '23.998524', '89.233645', 'www.pabna.gov.bd', 1, NULL, '2022-07-01 17:50:07', '2022-07-03 23:31:20'),
(14, 'Bogura', 'bogura', 2, '', '24.8465228', '89.377755', 'www.bogra.gov.bd', 1, NULL, '2022-07-01 17:50:07', '2022-07-03 23:31:20'),
(15, 'Rajshahi', 'rajshahi', 2, '', '24.37230298', '88.56307623', 'www.rajshahi.gov.bd', 1, NULL, '2022-07-01 17:50:07', '2022-07-03 23:31:20'),
(16, 'Natore', 'natore', 2, '', '24.420556', '89.000282', 'www.natore.gov.bd', 1, NULL, '2022-07-01 17:50:07', '2022-07-03 23:31:20'),
(17, 'Joypurhat', 'joypurhat', 2, '', '25.09636876', '89.04004280', 'www.joypurhat.gov.bd', 1, NULL, '2022-07-01 17:50:07', '2022-07-03 23:31:20'),
(18, 'Chapainawabganj', 'chapainawabganj', 2, '', '24.5965034', '88.2775122', 'www.chapainawabganj.gov.bd', 1, NULL, '2022-07-01 17:50:07', '2022-07-03 23:31:20'),
(19, 'Naogaon', 'naogaon', 2, '', '24.83256191', '88.92485205', 'www.naogaon.gov.bd', 1, NULL, '2022-07-01 17:50:07', '2022-07-03 23:31:20'),
(20, 'Jashore', 'jashore', 3, '', '23.16643', '89.2081126', 'www.jessore.gov.bd', 1, NULL, '2022-07-01 17:50:07', '2022-07-03 23:31:20'),
(21, 'Satkhira', 'satkhira', 3, '', NULL, NULL, 'www.satkhira.gov.bd', 1, NULL, '2022-07-01 17:50:07', '2022-07-03 23:31:20'),
(22, 'Meherpur', 'meherpur', 3, '', '23.762213', '88.631821', 'www.meherpur.gov.bd', 1, NULL, '2022-07-01 17:50:07', '2022-07-03 23:31:20'),
(23, 'Narail', 'narail', 3, '', '23.172534', '89.512672', 'www.narail.gov.bd', 1, NULL, '2022-07-01 17:50:07', '2022-07-03 23:31:20'),
(24, 'Chuadanga', 'chuadanga', 3, '', '23.6401961', '88.841841', 'www.chuadanga.gov.bd', 1, NULL, '2022-07-01 17:50:07', '2022-07-03 23:31:20'),
(25, 'Kushtia', 'kushtia', 3, '', '23.901258', '89.120482', 'www.kushtia.gov.bd', 1, NULL, '2022-07-01 17:50:07', '2022-07-03 23:31:20'),
(26, 'Magura', 'magura', 3, '', '23.487337', '89.419956', 'www.magura.gov.bd', 1, NULL, '2022-07-01 17:50:07', '2022-07-03 23:31:20'),
(27, 'Khulna', 'khulna', 3, '', '22.815774', '89.568679', 'www.khulna.gov.bd', 1, NULL, '2022-07-01 17:50:07', '2022-07-03 23:31:20'),
(28, 'Bagerhat', 'bagerhat', 3, '', '22.651568', '89.785938', 'www.bagerhat.gov.bd', 1, NULL, '2022-07-01 17:50:07', '2022-07-03 23:31:20'),
(29, 'Jhenaidah', 'jhenaidah', 3, '', '23.5448176', '89.1539213', 'www.jhenaidah.gov.bd', 1, NULL, '2022-07-01 17:50:07', '2022-07-03 23:31:20'),
(30, 'Jhalakathi', 'jhalakathi', 4, '', NULL, NULL, 'www.jhalakathi.gov.bd', 1, NULL, '2022-07-01 17:50:07', '2022-07-03 23:31:20'),
(31, 'Patuakhali', 'patuakhali', 4, '', '22.3596316', '90.3298712', 'www.patuakhali.gov.bd', 1, NULL, '2022-07-01 17:50:07', '2022-07-03 23:31:20'),
(32, 'Pirojpur', 'pirojpur', 4, '', NULL, NULL, 'www.pirojpur.gov.bd', 1, NULL, '2022-07-01 17:50:07', '2022-07-03 23:31:20'),
(33, 'Barisal', 'barisal', 4, '', NULL, NULL, 'www.barisal.gov.bd', 1, NULL, '2022-07-01 17:50:07', '2022-07-03 23:31:20'),
(34, 'Bhola', 'bhola', 4, '', '22.685923', '90.648179', 'www.bhola.gov.bd', 1, NULL, '2022-07-01 17:50:07', '2022-07-03 23:31:20'),
(35, 'Barguna', 'barguna', 4, '', NULL, NULL, 'www.barguna.gov.bd', 1, NULL, '2022-07-01 17:50:07', '2022-07-03 23:31:20'),
(36, 'Sylhet', 'sylhet', 5, '', '24.8897956', '91.8697894', 'www.sylhet.gov.bd', 1, NULL, '2022-07-01 17:50:07', '2022-07-03 23:31:20'),
(37, 'Moulvibazar', 'moulvibazar', 5, '', '24.482934', '91.777417', 'www.moulvibazar.gov.bd', 1, NULL, '2022-07-01 17:50:07', '2022-07-03 23:31:20'),
(38, 'Habiganj', 'habiganj', 5, '', '24.374945', '91.41553', 'www.habiganj.gov.bd', 1, NULL, '2022-07-01 17:50:07', '2022-07-03 23:31:20'),
(39, 'Sunamganj', 'sunamganj', 5, '', '25.0658042', '91.3950115', 'www.sunamganj.gov.bd', 1, NULL, '2022-07-01 17:50:07', '2022-07-03 23:31:20'),
(40, 'Narsingdi', 'narsingdi', 6, '', '23.932233', '90.71541', 'www.narsingdi.gov.bd', 1, NULL, '2022-07-01 17:50:07', '2022-07-03 23:31:20'),
(41, 'Gazipur', 'gazipur', 6, '', '24.0022858', '90.4264283', 'www.gazipur.gov.bd', 1, NULL, '2022-07-01 17:50:07', '2022-07-03 23:31:20'),
(42, 'Shariatpur', 'shariatpur', 6, '', NULL, NULL, 'www.shariatpur.gov.bd', 1, NULL, '2022-07-01 17:50:07', '2022-07-03 23:31:20'),
(43, 'Narayanganj', 'narayanganj', 6, '', '23.63366', '90.496482', 'www.narayanganj.gov.bd', 1, NULL, '2022-07-01 17:50:07', '2022-07-03 23:31:20'),
(44, 'Tangail', 'tangail', 6, '', '24.26361358', '89.91794786', 'www.tangail.gov.bd', 1, NULL, '2022-07-01 17:50:07', '2022-07-03 23:31:20'),
(45, 'Kishoreganj', 'kishoreganj', 6, '', '24.444937', '90.776575', 'www.kishoreganj.gov.bd', 1, NULL, '2022-07-01 17:50:07', '2022-07-03 23:31:20'),
(46, 'Manikganj', 'manikganj', 6, '', NULL, NULL, 'www.manikganj.gov.bd', 1, NULL, '2022-07-01 17:50:07', '2022-07-03 23:31:20'),
(47, 'Dhaka', 'dhaka', 6, '', '23.7115253', '90.4111451', 'www.dhaka.gov.bd', 1, NULL, '2022-07-01 17:50:07', '2022-07-03 23:31:20'),
(48, 'Munshiganj', 'munshiganj', 6, '', NULL, NULL, 'www.munshiganj.gov.bd', 1, NULL, '2022-07-01 17:50:07', '2022-07-03 23:31:20'),
(49, 'Rajbari', 'rajbari', 6, '', '23.7574305', '89.6444665', 'www.rajbari.gov.bd', 1, NULL, '2022-07-01 17:50:07', '2022-07-03 23:31:20'),
(50, 'Madaripur', 'madaripur', 6, '', '23.164102', '90.1896805', 'www.madaripur.gov.bd', 1, NULL, '2022-07-01 17:50:07', '2022-07-03 23:31:20'),
(51, 'Gopalganj', 'gopalganj', 6, '', '23.0050857', '89.8266059', 'www.gopalganj.gov.bd', 1, NULL, '2022-07-01 17:50:07', '2022-07-03 23:31:20'),
(52, 'Faridpur', 'faridpur', 6, '', '23.6070822', '89.8429406', 'www.faridpur.gov.bd', 1, NULL, '2022-07-01 17:50:07', '2022-07-03 23:31:20'),
(53, 'Panchagarh', 'panchagarh', 7, '', '26.3411', '88.5541606', 'www.panchagarh.gov.bd', 1, NULL, '2022-07-01 17:50:07', '2022-07-03 23:31:20'),
(54, 'Dinajpur', 'dinajpur', 7, '', '25.6217061', '88.6354504', 'www.dinajpur.gov.bd', 1, NULL, '2022-07-01 17:50:07', '2022-07-03 23:31:20'),
(55, 'Lalmonirhat', 'lalmonirhat', 7, '', NULL, NULL, 'www.lalmonirhat.gov.bd', 1, NULL, '2022-07-01 17:50:07', '2022-07-03 23:31:20'),
(56, 'Nilphamari', 'nilphamari', 7, '', '25.931794', '88.856006', 'www.nilphamari.gov.bd', 1, NULL, '2022-07-01 17:50:07', '2022-07-03 23:31:20'),
(57, 'Gaibandha', 'gaibandha', 7, '', '25.328751', '89.528088', 'www.gaibandha.gov.bd', 1, NULL, '2022-07-01 17:50:07', '2022-07-03 23:31:20'),
(58, 'Thakurgaon', 'thakurgaon', 7, '', '26.0336945', '88.4616834', 'www.thakurgaon.gov.bd', 1, NULL, '2022-07-01 17:50:07', '2022-07-03 23:31:20'),
(59, 'Rangpur', 'rangpur', 7, '', '25.7558096', '89.244462', 'www.rangpur.gov.bd', 1, NULL, '2022-07-01 17:50:07', '2022-07-03 23:31:20'),
(60, 'Kurigram', 'kurigram', 7, '', '25.805445', '89.636174', 'www.kurigram.gov.bd', 1, NULL, '2022-07-01 17:50:07', '2022-07-03 23:31:20'),
(61, 'Sherpur', 'sherpur', 8, '', '25.0204933', '90.0152966', 'www.sherpur.gov.bd', 1, NULL, '2022-07-01 17:50:07', '2022-07-03 23:31:20'),
(62, 'Mymensingh', 'mymensingh', 8, '', '24.7465670', '90.4072093', 'www.mymensingh.gov.bd', 1, NULL, '2022-07-01 17:50:07', '2022-07-03 23:31:20'),
(63, 'Jamalpur', 'jamalpur', 8, '', '24.937533', '89.937775', 'www.jamalpur.gov.bd', 1, NULL, '2022-07-01 17:50:07', '2022-07-03 23:31:20'),
(64, 'Netrokona', 'netrokona', 8, '', '24.870955', '90.727887', 'www.netrokona.gov.bd', 1, NULL, '2022-07-01 17:50:07', '2022-07-03 23:31:20');

-- --------------------------------------------------------

--
-- Table structure for table `divisions`
--

CREATE TABLE `divisions` (
  `id` bigint(20) UNSIGNED NOT NULL,
  `name` varchar(255) COLLATE utf8mb4_unicode_ci NOT NULL,
  `slug` varchar(255) COLLATE utf8mb4_unicode_ci DEFAULT NULL,
  `created_by` int(10) UNSIGNED DEFAULT NULL,
  `updated_by` int(10) UNSIGNED DEFAULT NULL,
  `created_at` timestamp NULL DEFAULT NULL,
  `updated_at` timestamp NULL DEFAULT NULL
) ENGINE=InnoDB DEFAULT CHARSET=utf8mb4 COLLATE=utf8mb4_unicode_ci;

--
-- Dumping data for table `divisions`
--

INSERT INTO `divisions` (`id`, `name`, `slug`, `created_by`, `updated_by`, `created_at`, `updated_at`) VALUES
(1, 'Chattagram', 'chattagram', 1, NULL, '2022-07-01 08:01:31', '2022-07-03 23:32:29'),
(2, 'Rajshahi', 'rajshahi', 1, NULL, '2022-07-01 11:19:20', '2022-07-03 23:32:29'),
(3, 'Khulna', 'khulna', 1, NULL, '2022-07-01 11:19:30', '2022-07-03 23:32:29'),
(4, 'Barisal', 'barisal', 1, NULL, '2022-07-01 11:19:43', '2022-07-03 23:32:29'),
(5, 'Sylhet', 'sylhet', 1, NULL, '2022-07-01 11:19:55', '2022-07-03 23:32:29'),
(6, 'Dhaka', 'dhaka', 1, NULL, '2022-07-01 11:20:03', '2022-07-03 23:32:29'),
(7, 'Rangpur', 'rangpur', 1, NULL, '2022-07-01 11:20:21', '2022-07-03 23:32:29'),
(8, 'Mymensingh', 'mymensingh', 1, NULL, '2022-07-01 11:20:29', '2022-07-03 23:32:29');

-- --------------------------------------------------------

--
-- Table structure for table `event_calendars`
--

CREATE TABLE `event_calendars` (
  `id` bigint(20) UNSIGNED NOT NULL,
  `venue_id` bigint(20) UNSIGNED NOT NULL,
  `title` varchar(255) COLLATE utf8mb4_unicode_ci DEFAULT NULL,
  `description` text COLLATE utf8mb4_unicode_ci,
  `feedback` text COLLATE utf8mb4_unicode_ci,
  `start_date` date DEFAULT NULL,
  `end_date` date DEFAULT NULL,
  `all_day_event` tinyint(1) NOT NULL DEFAULT '1',
  `status` enum('pending','approved','rejected','completed') COLLATE utf8mb4_unicode_ci NOT NULL DEFAULT 'pending',
  `created_by` bigint(20) UNSIGNED NOT NULL,
  `updated_by` int(10) UNSIGNED DEFAULT NULL,
  `created_at` timestamp NULL DEFAULT NULL,
  `updated_at` timestamp NULL DEFAULT NULL
) ENGINE=InnoDB DEFAULT CHARSET=utf8mb4 COLLATE=utf8mb4_unicode_ci;

--
-- Dumping data for table `event_calendars`
--

INSERT INTO `event_calendars` (`id`, `venue_id`, `title`, `description`, `feedback`, `start_date`, `end_date`, `all_day_event`, `status`, `created_by`, `updated_by`, `created_at`, `updated_at`) VALUES
(1, 1, 'Weeding', 'Available for any Weeding occasions', NULL, '2022-08-05', '2022-08-06', 1, 'approved', 2, 1, '2022-08-02 03:43:35', '2022-08-02 03:44:14'),
(2, 1, 'Weeding', 'Available for any Weeding occasions', NULL, '2022-08-10', '2022-08-12', 1, 'approved', 2, NULL, '2022-08-02 04:03:28', '2022-08-02 04:03:28'),
(5, 8, 'Party', 'Available for any perty', NULL, '2022-08-07', '2022-08-13', 1, 'approved', 2, NULL, '2022-08-02 04:26:07', '2022-08-02 04:26:07'),
(6, 8, 'Party', 'Available for any perty', NULL, '2022-08-18', '2022-08-19', 1, 'pending', 2, NULL, '2022-08-02 04:37:06', '2022-08-02 04:37:06'),
(7, 1, 'Weeding', 'Available', NULL, '2022-08-14', '2022-08-17', 1, 'pending', 2, NULL, '2022-08-02 04:39:13', '2022-08-02 04:39:13'),
(8, 1, 'Weeding', NULL, NULL, '2022-08-22', '2022-08-24', 1, 'pending', 2, NULL, '2022-08-02 04:39:25', '2022-08-02 04:39:25');

-- --------------------------------------------------------

--
-- Table structure for table `failed_jobs`
--

CREATE TABLE `failed_jobs` (
  `id` bigint(20) UNSIGNED NOT NULL,
  `uuid` varchar(255) COLLATE utf8mb4_unicode_ci NOT NULL,
  `connection` text COLLATE utf8mb4_unicode_ci NOT NULL,
  `queue` text COLLATE utf8mb4_unicode_ci NOT NULL,
  `payload` longtext COLLATE utf8mb4_unicode_ci NOT NULL,
  `exception` longtext COLLATE utf8mb4_unicode_ci NOT NULL,
  `failed_at` timestamp NOT NULL DEFAULT CURRENT_TIMESTAMP
) ENGINE=InnoDB DEFAULT CHARSET=utf8mb4 COLLATE=utf8mb4_unicode_ci;

-- --------------------------------------------------------

--
-- Table structure for table `migrations`
--

CREATE TABLE `migrations` (
  `id` int(10) UNSIGNED NOT NULL,
  `migration` varchar(255) COLLATE utf8mb4_unicode_ci NOT NULL,
  `batch` int(11) NOT NULL
) ENGINE=InnoDB DEFAULT CHARSET=utf8mb4 COLLATE=utf8mb4_unicode_ci;

--
-- Dumping data for table `migrations`
--

INSERT INTO `migrations` (`id`, `migration`, `batch`) VALUES
(1, '2014_10_12_000000_create_users_table', 1),
(2, '2014_10_12_100000_create_password_resets_table', 1),
(3, '2016_01_04_173148_create_admin_tables', 1),
(4, '2019_08_19_000000_create_failed_jobs_table', 1),
(5, '2019_12_14_000001_create_personal_access_tokens_table', 1),
(20, '2022_07_01_113855_create_categories_table', 2),
(21, '2022_07_01_114026_create_occasions_table', 2),
(22, '2022_07_01_114334_create_amenities_table', 2),
(23, '2022_07_01_115303_create_divisions_table', 2),
(28, '2022_07_01_115351_create_districts_table', 4),
(30, '2022_07_01_115635_create_cities_table', 5),
(35, '2022_07_02_173603_create_category_venue_table', 7),
(36, '2022_07_02_173805_create_occasion_venue_table', 7),
(37, '2022_07_02_173843_create_amenity_venue_table', 7),
(39, '2022_07_27_125752_create_orders_table', 9),
(40, '2022_07_15_050549_create_event_calendars_table', 10),
(42, '2022_08_20_055703_create_organizations_table', 12),
(43, '2022_07_01_115642_create_venues_table', 13),
(44, '2022_08_20_114821_create_user_venue_table', 14);

-- --------------------------------------------------------

--
-- Table structure for table `occasions`
--

CREATE TABLE `occasions` (
  `id` bigint(20) UNSIGNED NOT NULL,
  `name` varchar(255) COLLATE utf8mb4_unicode_ci NOT NULL,
  `slug` varchar(255) COLLATE utf8mb4_unicode_ci DEFAULT NULL,
  `remarks` text COLLATE utf8mb4_unicode_ci,
  `created_by` int(10) UNSIGNED DEFAULT NULL,
  `updated_by` int(10) UNSIGNED DEFAULT NULL,
  `created_at` timestamp NULL DEFAULT NULL,
  `updated_at` timestamp NULL DEFAULT NULL
) ENGINE=InnoDB DEFAULT CHARSET=utf8mb4 COLLATE=utf8mb4_unicode_ci;

--
-- Dumping data for table `occasions`
--

INSERT INTO `occasions` (`id`, `name`, `slug`, `remarks`, `created_by`, `updated_by`, `created_at`, `updated_at`) VALUES
(1, 'Wedding', 'wedding', NULL, 1, 1, '2022-07-01 08:01:08', '2022-07-03 23:06:21'),
(2, 'Engagement', 'engagement', NULL, 1, NULL, '2022-07-01 11:02:38', '2022-07-03 23:06:21'),
(3, 'Reception', 'reception', NULL, 1, NULL, '2022-07-01 11:02:49', '2022-07-03 23:06:21'),
(4, 'Birthday Party', 'birthday-party', NULL, 1, NULL, '2022-07-01 11:02:56', '2022-07-03 23:06:21'),
(5, 'First Birthday Party', 'first-birthday-party', NULL, 1, NULL, '2022-07-01 11:03:04', '2022-07-03 23:06:21'),
(6, 'Social Gathering', 'social-gathering', NULL, 1, 1, '2022-07-01 11:05:21', '2022-07-03 23:06:21'),
(7, 'Corporate Party', 'corporate-party', NULL, 1, 1, '2022-07-01 11:06:25', '2022-07-03 23:06:21'),
(8, 'Anniversary', 'anniversary', NULL, 1, NULL, '2022-07-01 11:07:55', '2022-07-03 23:06:21'),
(9, 'Cocktail Party', 'cocktail-party', NULL, 1, NULL, '2022-07-01 11:08:03', '2022-07-03 23:06:21'),
(10, 'Bachelor Party', 'bachelor-party', NULL, 1, NULL, '2022-07-01 11:08:09', '2022-07-03 23:06:21'),
(11, 'Pool Party', 'pool-party', NULL, 1, NULL, '2022-07-01 11:08:16', '2022-07-03 23:06:21'),
(12, 'Party', 'party', NULL, 1, NULL, '2022-07-01 11:08:23', '2022-07-03 23:06:21'),
(13, 'Kids Party', 'kids-party', NULL, 1, NULL, '2022-07-01 11:08:28', '2022-07-03 23:06:21'),
(14, 'Team Building', 'team-building', NULL, 1, NULL, '2022-07-01 11:08:34', '2022-07-03 23:06:21'),
(15, 'Meeting', 'meeting', NULL, 1, NULL, '2022-07-01 11:08:39', '2022-07-03 23:06:21'),
(16, 'Conference', 'conference', NULL, 1, NULL, '2022-07-01 11:08:45', '2022-07-03 23:06:21'),
(17, 'Exhibition', 'exhibition', NULL, 1, NULL, '2022-07-01 11:08:51', '2022-07-03 23:06:21');

-- --------------------------------------------------------

--
-- Table structure for table `occasion_venue`
--

CREATE TABLE `occasion_venue` (
  `id` bigint(20) UNSIGNED NOT NULL,
  `occasion_id` bigint(20) UNSIGNED NOT NULL,
  `venue_id` bigint(20) UNSIGNED NOT NULL,
  `created_at` timestamp NULL DEFAULT NULL,
  `updated_at` timestamp NULL DEFAULT NULL
) ENGINE=InnoDB DEFAULT CHARSET=utf8mb4 COLLATE=utf8mb4_unicode_ci;

--
-- Dumping data for table `occasion_venue`
--

INSERT INTO `occasion_venue` (`id`, `occasion_id`, `venue_id`, `created_at`, `updated_at`) VALUES
(1, 1, 1, NULL, NULL),
(2, 2, 1, NULL, NULL),
(3, 8, 1, NULL, NULL),
(4, 3, 2, NULL, NULL),
(5, 6, 2, NULL, NULL),
(6, 9, 2, NULL, NULL),
(7, 10, 2, NULL, NULL),
(8, 14, 2, NULL, NULL),
(9, 15, 2, NULL, NULL),
(10, 16, 2, NULL, NULL),
(11, 6, 3, NULL, NULL),
(12, 7, 3, NULL, NULL),
(13, 12, 3, NULL, NULL),
(14, 15, 3, NULL, NULL),
(15, 16, 3, NULL, NULL),
(16, 1, 4, NULL, NULL),
(17, 2, 4, NULL, NULL),
(18, 4, 4, NULL, NULL),
(19, 6, 4, NULL, NULL),
(20, 8, 4, NULL, NULL),
(21, 14, 4, NULL, NULL),
(22, 1, 5, NULL, NULL),
(23, 2, 5, NULL, NULL),
(24, 4, 5, NULL, NULL),
(25, 5, 5, NULL, NULL),
(26, 8, 5, NULL, NULL),
(27, 10, 5, NULL, NULL),
(28, 12, 5, NULL, NULL),
(29, 16, 5, NULL, NULL),
(30, 4, 6, NULL, NULL),
(31, 5, 6, NULL, NULL),
(32, 6, 6, NULL, NULL),
(33, 10, 6, NULL, NULL),
(34, 13, 6, NULL, NULL),
(35, 3, 7, NULL, NULL),
(36, 7, 7, NULL, NULL),
(37, 16, 7, NULL, NULL),
(38, 6, 8, NULL, NULL),
(39, 7, 8, NULL, NULL),
(40, 14, 8, NULL, NULL),
(41, 15, 8, NULL, NULL);

-- --------------------------------------------------------

--
-- Table structure for table `orders`
--

CREATE TABLE `orders` (
  `id` bigint(20) UNSIGNED NOT NULL,
  `venue_id` bigint(20) UNSIGNED NOT NULL,
  `user_id` bigint(20) UNSIGNED NOT NULL,
  `category_id` bigint(20) UNSIGNED NOT NULL,
  `occasion_id` bigint(20) UNSIGNED NOT NULL,
  `start_date` date DEFAULT NULL,
  `end_date` date DEFAULT NULL,
  `name` varchar(255) COLLATE utf8mb4_unicode_ci DEFAULT NULL,
  `email` varchar(255) COLLATE utf8mb4_unicode_ci DEFAULT NULL,
  `mobile_number` varchar(255) COLLATE utf8mb4_unicode_ci DEFAULT NULL,
  `capacity` bigint(20) NOT NULL,
  `total_guests` bigint(20) DEFAULT NULL,
  `price_type` varchar(255) COLLATE utf8mb4_unicode_ci NOT NULL,
  `net_total_price` decimal(11,2) NOT NULL,
  `address` text COLLATE utf8mb4_unicode_ci,
  `receive_promotional_offers` tinyint(1) NOT NULL DEFAULT '0',
  `agree` tinyint(1) NOT NULL DEFAULT '0',
  `status` enum('pending','approved','rejected','completed') COLLATE utf8mb4_unicode_ci NOT NULL DEFAULT 'pending',
  `payment_id` varchar(255) COLLATE utf8mb4_unicode_ci DEFAULT NULL,
  `payment_status` enum('pending','rejected','completed') COLLATE utf8mb4_unicode_ci NOT NULL DEFAULT 'pending',
  `created_at` timestamp NULL DEFAULT NULL,
  `updated_at` timestamp NULL DEFAULT NULL
) ENGINE=InnoDB DEFAULT CHARSET=utf8mb4 COLLATE=utf8mb4_unicode_ci;

--
-- Dumping data for table `orders`
--

INSERT INTO `orders` (`id`, `venue_id`, `user_id`, `category_id`, `occasion_id`, `start_date`, `end_date`, `name`, `email`, `mobile_number`, `capacity`, `total_guests`, `price_type`, `net_total_price`, `address`, `receive_promotional_offers`, `agree`, `status`, `payment_id`, `payment_status`, `created_at`, `updated_at`) VALUES
(1, 1, 1, 1, 2, '2022-08-06', '2022-08-11', 'rre', 'user@gmail.com', '4343', 2000, 43, 'Per Night', '30000.00', '4343', 1, 1, 'approved', NULL, 'completed', '2022-07-31 05:20:24', '2022-07-31 05:20:24'),
(2, 1, 1, 1, 1, '2022-08-12', '2022-08-12', 'User', 'user@gmail.com', '3223', 5000, 44, 'Per Day', '50000.00', '323232', 1, 1, 'pending', NULL, 'pending', '2022-08-03 23:42:53', '2022-08-03 23:42:53'),
(3, 1, 1, 1, 1, '2022-08-05', '2022-08-05', 'User', 'user@gmail.com', '323', 5000, 3232, 'Per Day', '50000.00', '3232', 1, 1, 'pending', NULL, 'pending', '2022-08-04 00:10:07', '2022-08-04 00:10:07'),
(4, 8, 1, 1, 1, '2022-08-05', '2022-08-05', 'User', 'user@gmail.com', 'sss', 5000, 3, 'Per Day', '50000.00', 'weweew', 0, 0, 'pending', NULL, 'pending', '2022-08-04 23:52:55', '2022-08-04 23:52:55'),
(5, 8, 1, 1, 1, '2022-08-05', '2022-08-05', 'User', 'user@gmail.com', 'sss', 5000, 3, 'Per Day', '50000.00', 'weweew', 0, 0, 'approved', NULL, 'completed', '2022-08-04 23:52:55', '2022-08-04 23:52:55');

-- --------------------------------------------------------

--
-- Table structure for table `organizations`
--

CREATE TABLE `organizations` (
  `id` bigint(20) UNSIGNED NOT NULL,
  `name` varchar(255) COLLATE utf8mb4_unicode_ci NOT NULL,
  `slug` varchar(255) COLLATE utf8mb4_unicode_ci DEFAULT NULL,
  `email` varchar(255) COLLATE utf8mb4_unicode_ci NOT NULL,
  `description` longtext COLLATE utf8mb4_unicode_ci,
  `contact_name` varchar(255) COLLATE utf8mb4_unicode_ci DEFAULT NULL,
  `contact_number` varchar(255) COLLATE utf8mb4_unicode_ci DEFAULT NULL,
  `address` text COLLATE utf8mb4_unicode_ci,
  `multiple_properties` tinyint(1) NOT NULL DEFAULT '0',
  `creator_type` varchar(255) COLLATE utf8mb4_unicode_ci DEFAULT NULL,
  `updater_type` varchar(255) COLLATE utf8mb4_unicode_ci DEFAULT NULL,
  `created_by` bigint(20) DEFAULT NULL,
  `updated_by` bigint(20) DEFAULT NULL,
  `created_at` timestamp NULL DEFAULT NULL,
  `updated_at` timestamp NULL DEFAULT NULL
) ENGINE=InnoDB DEFAULT CHARSET=utf8mb4 COLLATE=utf8mb4_unicode_ci;

--
-- Dumping data for table `organizations`
--

INSERT INTO `organizations` (`id`, `name`, `slug`, `email`, `description`, `contact_name`, `contact_number`, `address`, `multiple_properties`, `creator_type`, `updater_type`, `created_by`, `updated_by`, `created_at`, `updated_at`) VALUES
(1, 'dsdsds', 'dsdsds', 'user@gmail.com', 'sdds', 'sdds', 'sdds', 'dsdsds', 1, 'AdminUser', NULL, 1, NULL, '2022-08-20 00:38:53', '2022-08-20 00:38:53');

-- --------------------------------------------------------

--
-- Table structure for table `password_resets`
--

CREATE TABLE `password_resets` (
  `email` varchar(255) COLLATE utf8mb4_unicode_ci NOT NULL,
  `token` varchar(255) COLLATE utf8mb4_unicode_ci NOT NULL,
  `created_at` timestamp NULL DEFAULT NULL
) ENGINE=InnoDB DEFAULT CHARSET=utf8mb4 COLLATE=utf8mb4_unicode_ci;

-- --------------------------------------------------------

--
-- Table structure for table `personal_access_tokens`
--

CREATE TABLE `personal_access_tokens` (
  `id` bigint(20) UNSIGNED NOT NULL,
  `tokenable_type` varchar(255) COLLATE utf8mb4_unicode_ci NOT NULL,
  `tokenable_id` bigint(20) UNSIGNED NOT NULL,
  `name` varchar(255) COLLATE utf8mb4_unicode_ci NOT NULL,
  `token` varchar(64) COLLATE utf8mb4_unicode_ci NOT NULL,
  `abilities` text COLLATE utf8mb4_unicode_ci,
  `last_used_at` timestamp NULL DEFAULT NULL,
  `created_at` timestamp NULL DEFAULT NULL,
  `updated_at` timestamp NULL DEFAULT NULL
) ENGINE=InnoDB DEFAULT CHARSET=utf8mb4 COLLATE=utf8mb4_unicode_ci;

--
-- Dumping data for table `personal_access_tokens`
--

INSERT INTO `personal_access_tokens` (`id`, `tokenable_type`, `tokenable_id`, `name`, `token`, `abilities`, `last_used_at`, `created_at`, `updated_at`) VALUES
(3, 'App\\Models\\User', 2, 'admin@gmail.com_Token', '55dae2139b604cea08029b95e561f295bafc422e528b561ebd2fcb3d8f22683d', '[\"*\"]', '2022-08-02 04:39:26', '2022-08-02 03:20:47', '2022-08-02 04:39:26'),
(4, 'App\\Models\\User', 2, 'admin@gmail.com_Token', 'e6f449e4d8802fad45d20cc50ff432a0f63c71f2fd978186d87737b75ab18e70', '[\"*\"]', '2022-08-02 23:53:42', '2022-08-02 23:12:33', '2022-08-02 23:53:42'),
(5, 'App\\Models\\User', 1, 'user@gmail.com_Token', '5297126d8ee24354a298d955609d3dc95d370ba8227d484a5cd01ebbd522d82e', '[\"*\"]', '2022-08-20 05:35:21', '2022-08-19 23:56:19', '2022-08-20 05:35:21');

-- --------------------------------------------------------

--
-- Table structure for table `users`
--

CREATE TABLE `users` (
  `id` bigint(20) UNSIGNED NOT NULL,
  `name` varchar(255) COLLATE utf8mb4_unicode_ci NOT NULL,
  `username` varchar(255) COLLATE utf8mb4_unicode_ci NOT NULL,
  `email` varchar(255) COLLATE utf8mb4_unicode_ci NOT NULL,
  `email_verified_at` timestamp NULL DEFAULT NULL,
  `password` varchar(255) COLLATE utf8mb4_unicode_ci NOT NULL,
  `remember_token` varchar(100) COLLATE utf8mb4_unicode_ci DEFAULT NULL,
  `created_at` timestamp NULL DEFAULT NULL,
  `updated_at` timestamp NULL DEFAULT NULL
) ENGINE=InnoDB DEFAULT CHARSET=utf8mb4 COLLATE=utf8mb4_unicode_ci;

--
-- Dumping data for table `users`
--

INSERT INTO `users` (`id`, `name`, `username`, `email`, `email_verified_at`, `password`, `remember_token`, `created_at`, `updated_at`) VALUES
(1, 'User', 'user', 'user@gmail.com', '2022-08-02 03:19:26', '$2y$10$42fQJep86380hDrRU/Chs.d4TGNWj5RhRRIeUC3WuyoSjdJKkJOE6', NULL, '2022-07-31 05:09:46', '2022-08-02 03:19:36'),
(2, 'admin', 'admin', 'admin@gmail.com', '2022-08-02 03:19:39', '$2y$10$MxD/BxA13ZTpVfG.U8UJu.oyi0NuxxOLIl7UajNoGPpa6K18oZb9m', NULL, '2022-08-02 03:20:17', '2022-08-02 03:20:17');

-- --------------------------------------------------------

--
-- Table structure for table `user_venue`
--

CREATE TABLE `user_venue` (
  `id` bigint(20) UNSIGNED NOT NULL,
  `user_id` bigint(20) UNSIGNED NOT NULL,
  `venue_id` bigint(20) UNSIGNED NOT NULL,
  `created_at` timestamp NULL DEFAULT NULL,
  `updated_at` timestamp NULL DEFAULT NULL
) ENGINE=InnoDB DEFAULT CHARSET=utf8mb4 COLLATE=utf8mb4_unicode_ci;

--
-- Dumping data for table `user_venue`
--

INSERT INTO `user_venue` (`id`, `user_id`, `venue_id`, `created_at`, `updated_at`) VALUES
(1, 1, 1, NULL, NULL),
(2, 1, 2, NULL, NULL),
(3, 1, 3, NULL, NULL),
(4, 1, 4, NULL, NULL),
(5, 1, 5, NULL, NULL);

-- --------------------------------------------------------

--
-- Table structure for table `venues`
--

CREATE TABLE `venues` (
  `id` bigint(20) UNSIGNED NOT NULL,
  `organization_id` bigint(20) UNSIGNED NOT NULL,
  `featured_image` varchar(255) COLLATE utf8mb4_unicode_ci DEFAULT NULL,
  `images` text COLLATE utf8mb4_unicode_ci,
  `name` varchar(255) COLLATE utf8mb4_unicode_ci NOT NULL,
  `slug` varchar(255) COLLATE utf8mb4_unicode_ci DEFAULT NULL,
  `star_rating` varchar(255) COLLATE utf8mb4_unicode_ci DEFAULT NULL,
  `description` longtext COLLATE utf8mb4_unicode_ci,
  `additional_info` text COLLATE utf8mb4_unicode_ci,
  `price_type` varchar(255) COLLATE utf8mb4_unicode_ci NOT NULL,
  `price` decimal(11,2) NOT NULL,
  `capacity` bigint(20) NOT NULL,
  `division_id` bigint(20) UNSIGNED NOT NULL,
  `district_id` bigint(20) UNSIGNED NOT NULL,
  `city_id` bigint(20) UNSIGNED NOT NULL,
  `address` text COLLATE utf8mb4_unicode_ci,
  `is_enabled` tinyint(1) NOT NULL DEFAULT '0',
  `creator_type` varchar(255) COLLATE utf8mb4_unicode_ci DEFAULT NULL,
  `updater_type` varchar(255) COLLATE utf8mb4_unicode_ci DEFAULT NULL,
  `created_by` bigint(20) DEFAULT NULL,
  `updated_by` bigint(20) DEFAULT NULL,
  `created_at` timestamp NULL DEFAULT NULL,
  `updated_at` timestamp NULL DEFAULT NULL
) ENGINE=InnoDB DEFAULT CHARSET=utf8mb4 COLLATE=utf8mb4_unicode_ci;

--
-- Dumping data for table `venues`
--

INSERT INTO `venues` (`id`, `organization_id`, `featured_image`, `images`, `name`, `slug`, `star_rating`, `description`, `additional_info`, `price_type`, `price`, `capacity`, `division_id`, `district_id`, `city_id`, `address`, `is_enabled`, `creator_type`, `updater_type`, `created_by`, `updated_by`, `created_at`, `updated_at`) VALUES
(1, 1, 'images/a37482a49d2d8be7f8cd672b113a70af.jpg', '[\"images\\/9207fcd26ab3f333e43fa2bb6a490822.jpg\",\"images\\/ccc3321c0876de924a201e3c7e99758e.jpg\",\"images\\/629c02c54c4ee7f15ac8e3b535f06d83.jpg\",\"images\\/4bc2319d8ad5023494962a6e860595cc.jpg\",\"images\\/8f63cfcb3140122620d4c0250698b493.jpg\",\"images\\/39f511b194694706ce3300fca2d3ceac.jpg\"]', 'Radisson', 'radisson', '5', '<h4><strong>Approach</strong></h4><p><br></p><p class=\"ql-align-justify\">Radisson Gurgaon is an extremely beautiful property with all the necessary amenities. It is located near Delhi International Airport in Gurgaon, thus making it easily commutable. Radisson Gurgaon, Udyh all the necessary amenities. It is located near Delhi International Airport in Gurgaon, thus making it easily commutable. Radisson Gurgaon, Udyog Vihar III, stands for generosity and sophistication.</p><p class=\"ql-align-justify\"><br></p><h4><strong>Ambience</strong></h4><p><br></p><p class=\"ql-align-justify\">Radisson in Udyog Vihar has everything to organize your ceremonies easily and meet with all your party or banqueting needs &amp; demands to make your occasion an enjoyable experience for you and your famivent spaces like the beautiful banquet halls, smashing poolside venue, airy terrace space, and huge lawn space. The hotel is equipped to organize any kind of function, however, big or small it may be.</p><p class=\"ql-align-justify\"><br></p><h4><strong>Food and Service</strong></h4><p><br></p><p class=\"ql-align-justify\">Radisson in Udyog Vihar offers you with its extravagant services to make your event a successful endeavor and make sure that you and your guests\' needs are fulfilled. Their in-house caterers offer an&nbsp;single aspect of your wedding will be taken care of. They put their best efforts to understand and fulfill all your expectations to deliver maximum customer satisfaction with their excellent services.</p><p class=\"ql-align-justify\"><br></p><h4><strong>Known For</strong></h4><p><br></p><p class=\"ql-align-justify\">Radisson is well known for its great hospitality and services which is handled by efficient staff and management who would do everything catering to all your needs with the utmost care and courtesy. T&nbsp;do everything catering to all your needs with the utmost care and courtesy. They offer venue spaces to hold many events to celebrate various occasions and ensure that everyone has a great experience.</p><p class=\"ql-align-justify\"><br></p><h4><strong>Best suited for</strong></h4><p><br></p><ul><li>Anniversary</li><li>Birthday Party</li><li>Cocktail Party</li><li>Conference</li><li>Corporate Party</li><li>Engagement</li><li>First Birthday Party</li><li>Meeting</li><li>Party</li><li>Pool Party</li><li>Reception</li><li>Social Gathering</li><li>Team Building</li><li>Wedding</li></ul><p><br></p><h4><strong>Cuisines</strong></h4><p><br></p><ul><li>Multi Cuisine</li><li>Social Function Menu</li><li>High Tea Menu</li></ul><p><br></p><h4><strong>Terms and Conditions</strong></h4><p><br></p><ul><li>All Government applicable taxes will be applied.</li><li>All Venue Rules Apply.</li></ul><p class=\"ql-align-justify\"><br></p><p><br></p>', NULL, 'per-day', '50000.00', 5000, 2, 16, 146, 'adsssadadsad', 1, 'AdminUser', 'AdminUser', 1, 1, '2022-07-28 17:27:58', '2022-08-20 04:02:16'),
(2, 1, 'images/ecc1f5feaa3d04d18bb267a168ddde93.jpg', '[\"images\\/4261349ffd7c372a2e3aee32fe135432.jpg\",\"images\\/a28db48be398205b44e5ce93fc4a1d3d.jpg\",\"images\\/86a3be7307e5ccccbe8b0b107eeae690.jpg\",\"images\\/c9f29ee6a0277f895337185dd1762bcc.jpg\",\"images\\/2c19186ea5814cb7ab2f784b2c5d7a1f.jpg\"]', 'Essel Tower Club', 'essel-tower-club', NULL, '<h4><strong>Approach</strong></h4><p><br></p><p class=\"ql-align-justify\">Radisson Gurgaon is an extremely beautiful property with all the necessary amenities. It is located near Delhi International Airport in Gurgaon, thus making it easily commutable. Radisson Gurgaon, Udyh all the necessary amenities. It is located near Delhi International Airport in Gurgaon, thus making it easily commutable. Radisson Gurgaon, Udyog Vihar III, stands for generosity and sophistication.</p><p class=\"ql-align-justify\"><br></p><h4><strong>Ambience</strong></h4><p><br></p><p class=\"ql-align-justify\">Radisson in Udyog Vihar has everything to organize your ceremonies easily and meet with all your party or banqueting needs &amp; demands to make your occasion an enjoyable experience for you and your famivent spaces like the beautiful banquet halls, smashing poolside venue, airy terrace space, and huge lawn space. The hotel is equipped to organize any kind of function, however, big or small it may be.</p><p class=\"ql-align-justify\"><br></p><h4><strong>Food and Service</strong></h4><p><br></p><p class=\"ql-align-justify\">Radisson in Udyog Vihar offers you with its extravagant services to make your event a successful endeavor and make sure that you and your guests\' needs are fulfilled. Their in-house caterers offer an&nbsp;single aspect of your wedding will be taken care of. They put their best efforts to understand and fulfill all your expectations to deliver maximum customer satisfaction with their excellent services.</p><p class=\"ql-align-justify\"><br></p><h4><strong>Known For</strong></h4><p><br></p><p class=\"ql-align-justify\">Radisson is well known for its great hospitality and services which is handled by efficient staff and management who would do everything catering to all your needs with the utmost care and courtesy. T&nbsp;do everything catering to all your needs with the utmost care and courtesy. They offer venue spaces to hold many events to celebrate various occasions and ensure that everyone has a great experience.</p><p class=\"ql-align-justify\"><br></p><h4><strong>Best suited for</strong></h4><p><br></p><ul><li>Anniversary</li><li>Birthday Party</li><li>Cocktail Party</li><li>Conference</li><li>Corporate Party</li><li>Engagement</li><li>First Birthday Party</li><li>Meeting</li><li>Party</li><li>Pool Party</li><li>Reception</li><li>Social Gathering</li><li>Team Building</li><li>Wedding</li></ul><p><br></p><h4><strong>Cuisines</strong></h4><p><br></p><ul><li>Multi Cuisine</li><li>Social Function Menu</li><li>High Tea Menu</li></ul><p><br></p><h4><strong>Terms and Conditions</strong></h4><p><br></p><ul><li>All Government applicable taxes will be applied.</li><li>All Venue Rules Apply.</li></ul><p class=\"ql-align-justify\"><br></p><p><br></p>', NULL, 'per-night', '30000.00', 2000, 6, 41, 318, NULL, 1, 'AdminUser', 'AdminUser', 1, 1, '2022-07-28 17:35:39', '2022-08-20 05:05:28'),
(3, 1, 'images/7f3661339aa4b6985d4ad3fadb0d4381.jpg', '[\"images\\/ead5e126a0944278d00c5dacd405a3d3.jpg\",\"images\\/967ae11f4ab07961d3da3a8ef6e68d98.jpg\",\"images\\/dcf264d3d3250b129650fa0247297d3e.jpg\",\"images\\/d08989d96a004451912d046f3cf6c9b4.jpg\",\"images\\/718a2ac555c92843865ca941bbe12ef4.jpg\",\"images\\/9f7f002e1dabbfc66bb701403e0441d9.jpg\",\"images\\/72af8f89a50fe232a1ed1ebbab588cd5.jpg\",\"images\\/168b3db307fbff48e7aeaa4eb09ce789.jpg\",\"images\\/d6b22601040c367d309c0db961348a9c.jpg\",\"images\\/569f8b2e02160d10cbf1bf32a0a3ee61.jpg\"]', 'Farm Aravalia Mangar', 'farm-aravalia-mangar', NULL, '<h4><strong>Approach</strong></h4><p><br></p><p class=\"ql-align-justify\">Radisson Gurgaon is an extremely beautiful property with all the necessary amenities. It is located near Delhi International Airport in Gurgaon, thus making it easily commutable. Radisson Gurgaon, Udyh all the necessary amenities. It is located near Delhi International Airport in Gurgaon, thus making it easily commutable. Radisson Gurgaon, Udyog Vihar III, stands for generosity and sophistication.</p><p class=\"ql-align-justify\"><br></p><h4><strong>Ambience</strong></h4><p><br></p><p class=\"ql-align-justify\">Radisson in Udyog Vihar has everything to organize your ceremonies easily and meet with all your party or banqueting needs &amp; demands to make your occasion an enjoyable experience for you and your famivent spaces like the beautiful banquet halls, smashing poolside venue, airy terrace space, and huge lawn space. The hotel is equipped to organize any kind of function, however, big or small it may be.</p><p class=\"ql-align-justify\"><br></p><h4><strong>Food and Service</strong></h4><p><br></p><p class=\"ql-align-justify\">Radisson in Udyog Vihar offers you with its extravagant services to make your event a successful endeavor and make sure that you and your guests\' needs are fulfilled. Their in-house caterers offer an&nbsp;single aspect of your wedding will be taken care of. They put their best efforts to understand and fulfill all your expectations to deliver maximum customer satisfaction with their excellent services.</p><p class=\"ql-align-justify\"><br></p><h4><strong>Known For</strong></h4><p><br></p><p class=\"ql-align-justify\">Radisson is well known for its great hospitality and services which is handled by efficient staff and management who would do everything catering to all your needs with the utmost care and courtesy. T&nbsp;do everything catering to all your needs with the utmost care and courtesy. They offer venue spaces to hold many events to celebrate various occasions and ensure that everyone has a great experience.</p><p class=\"ql-align-justify\"><br></p><h4><strong>Best suited for</strong></h4><p><br></p><ul><li>Anniversary</li><li>Birthday Party</li><li>Cocktail Party</li><li>Conference</li><li>Corporate Party</li><li>Engagement</li><li>First Birthday Party</li><li>Meeting</li><li>Party</li><li>Pool Party</li><li>Reception</li><li>Social Gathering</li><li>Team Building</li><li>Wedding</li></ul><p><br></p><h4><strong>Cuisines</strong></h4><p><br></p><ul><li>Multi Cuisine</li><li>Social Function Menu</li><li>High Tea Menu</li></ul><p><br></p><h4><strong>Terms and Conditions</strong></h4><p><br></p><ul><li>All Government applicable taxes will be applied.</li><li>All Venue Rules Apply.</li></ul>', NULL, 'per-day', '70000.00', 10000, 5, 38, 299, NULL, 1, 'AdminUser', NULL, 1, NULL, '2022-07-28 17:46:20', '2022-07-28 17:46:20'),
(4, 1, 'images/0c2c51ea4ab44383f29e5b1a815978d7.jpg', '[\"images\\/001bad455e66c40d6ee1688215d37121.jpg\",\"images\\/68e71848b990d2c04e265c538c326181.jpg\",\"images\\/59be9358e31f763ebf9d34c88b1dea10.jpg\",\"images\\/f2ecfc8c06540a1ff5f6ae34a0e8b325.jpg\",\"images\\/ffe12e10c5a5d402d78c0e973c04f710.jpg\",\"images\\/115086b41b2e2961f45b038b69f0c808.jpg\"]', 'Dreams Gardens', 'dreams-gardens', NULL, '<h4><strong>Approach</strong></h4><p><br></p><p class=\"ql-align-justify\">Radisson Gurgaon is an extremely beautiful property with all the necessary amenities. It is located near Delhi International Airport in Gurgaon, thus making it easily commutable. Radisson Gurgaon, Udyh all the necessary amenities. It is located near Delhi International Airport in Gurgaon, thus making it easily commutable. Radisson Gurgaon, Udyog Vihar III, stands for generosity and sophistication.</p><p class=\"ql-align-justify\"><br></p><h4><strong>Ambience</strong></h4><p><br></p><p class=\"ql-align-justify\">Radisson in Udyog Vihar has everything to organize your ceremonies easily and meet with all your party or banqueting needs &amp; demands to make your occasion an enjoyable experience for you and your famivent spaces like the beautiful banquet halls, smashing poolside venue, airy terrace space, and huge lawn space. The hotel is equipped to organize any kind of function, however, big or small it may be.</p><p class=\"ql-align-justify\"><br></p><h4><strong>Food and Service</strong></h4><p><br></p><p class=\"ql-align-justify\">Radisson in Udyog Vihar offers you with its extravagant services to make your event a successful endeavor and make sure that you and your guests\' needs are fulfilled. Their in-house caterers offer an&nbsp;single aspect of your wedding will be taken care of. They put their best efforts to understand and fulfill all your expectations to deliver maximum customer satisfaction with their excellent services.</p><p class=\"ql-align-justify\"><br></p><h4><strong>Known For</strong></h4><p><br></p><p class=\"ql-align-justify\">Radisson is well known for its great hospitality and services which is handled by efficient staff and management who would do everything catering to all your needs with the utmost care and courtesy. T&nbsp;do everything catering to all your needs with the utmost care and courtesy. They offer venue spaces to hold many events to celebrate various occasions and ensure that everyone has a great experience.</p><p class=\"ql-align-justify\"><br></p><h4><strong>Best suited for</strong></h4><p><br></p><ul><li>Anniversary</li><li>Birthday Party</li><li>Cocktail Party</li><li>Conference</li><li>Corporate Party</li><li>Engagement</li><li>First Birthday Party</li><li>Meeting</li><li>Party</li><li>Pool Party</li><li>Reception</li><li>Social Gathering</li><li>Team Building</li><li>Wedding</li></ul><p><br></p><h4><strong>Cuisines</strong></h4><p><br></p><ul><li>Multi Cuisine</li><li>Social Function Menu</li><li>High Tea Menu</li></ul><p><br></p><h4><strong>Terms and Conditions</strong></h4><p><br></p><ul><li>All Government applicable taxes will be applied.</li><li>All Venue Rules Apply.</li></ul><p><br></p>', NULL, 'per-day', '80000.00', 20000, 8, 63, 479, NULL, 1, 'User', NULL, 1, NULL, '2022-07-28 17:52:38', '2022-07-28 17:52:38'),
(5, 1, 'images/79c55288e35ca7e4ea74c9c482918450.jpg', '[\"images\\/4b39601d950b2fa88fa787c85a6f6ecd.jpg\",\"images\\/a7b6fa160967264012da4a616e6bb1ca.jpg\",\"images\\/576345e0667936de4a9fe4154dac0925.jpg\",\"images\\/ebd00fea5753daeb20ed53c80c4d027f.jpg\",\"images\\/5a7dcd78be299fb2269ef163b84b2ab5.jpg\",\"images\\/5a00568dbc456b9d9ce4a9f7b074d792.jpg\"]', 'Casabella Banquet', 'casabella-banquet', NULL, '<h4><strong>Approach</strong></h4><p><br></p><p class=\"ql-align-justify\">Radisson Gurgaon is an extremely beautiful property with all the necessary amenities. It is located near Delhi International Airport in Gurgaon, thus making it easily commutable. Radisson Gurgaon, Udyh all the necessary amenities. It is located near Delhi International Airport in Gurgaon, thus making it easily commutable. Radisson Gurgaon, Udyog Vihar III, stands for generosity and sophistication.</p><p class=\"ql-align-justify\"><br></p><h4><strong>Ambience</strong></h4><p><br></p><p class=\"ql-align-justify\">Radisson in Udyog Vihar has everything to organize your ceremonies easily and meet with all your party or banqueting needs &amp; demands to make your occasion an enjoyable experience for you and your famivent spaces like the beautiful banquet halls, smashing poolside venue, airy terrace space, and huge lawn space. The hotel is equipped to organize any kind of function, however, big or small it may be.</p><p class=\"ql-align-justify\"><br></p><h4><strong>Food and Service</strong></h4><p><br></p><p class=\"ql-align-justify\">Radisson in Udyog Vihar offers you with its extravagant services to make your event a successful endeavor and make sure that you and your guests\' needs are fulfilled. Their in-house caterers offer an&nbsp;single aspect of your wedding will be taken care of. They put their best efforts to understand and fulfill all your expectations to deliver maximum customer satisfaction with their excellent services.</p><p class=\"ql-align-justify\"><br></p><h4><strong>Known For</strong></h4><p><br></p><p class=\"ql-align-justify\">Radisson is well known for its great hospitality and services which is handled by efficient staff and management who would do everything catering to all your needs with the utmost care and courtesy. T&nbsp;do everything catering to all your needs with the utmost care and courtesy. They offer venue spaces to hold many events to celebrate various occasions and ensure that everyone has a great experience.</p><p class=\"ql-align-justify\"><br></p><h4><strong>Best suited for</strong></h4><p><br></p><ul><li>Anniversary</li><li>Birthday Party</li><li>Cocktail Party</li><li>Conference</li><li>Corporate Party</li><li>Engagement</li><li>First Birthday Party</li><li>Meeting</li><li>Party</li><li>Pool Party</li><li>Reception</li><li>Social Gathering</li><li>Team Building</li><li>Wedding</li></ul><p><br></p><h4><strong>Cuisines</strong></h4><p><br></p><ul><li>Multi Cuisine</li><li>Social Function Menu</li><li>High Tea Menu</li></ul><p><br></p><h4><strong>Terms and Conditions</strong></h4><p><br></p><ul><li>All Government applicable taxes will be applied.</li><li>All Venue Rules Apply.</li></ul><p class=\"ql-align-justify\"><br></p><p><br></p>', NULL, 'per-night', '150000.00', 25000, 1, 1, 1, NULL, 1, 'AdminUser', NULL, 1, NULL, '2022-07-28 18:02:15', '2022-07-28 18:02:15'),
(6, 1, 'images/11f8a891055f8d2cc24cb21be30d7652.jpg', '[\"images\\/a259743e73e261fc4f05a9ea1f63b68f.jpg\",\"images\\/feacfbc9ec1dda68caadc18660c2a2e5.jpg\",\"images\\/7ba562e690d18dc638ca96368b70d74b.jpg\",\"images\\/b6bbb1c924b203d7c1f8b83aad80e2d7.jpg\",\"images\\/c60616696f280e9193b11602a4420c43.jpg\",\"images\\/884ba6a98b2f9849068202a19eb7bef9.jpg\",\"images\\/a5b78d369191c227f5a98c79917c67a2.jpg\"]', 'Nirvana Patio Club', 'nirvana-patio-club', NULL, '<h4><strong>Approach</strong></h4><p><br></p><p class=\"ql-align-justify\">Radisson Gurgaon is an extremely beautiful property with all the necessary amenities. It is located near Delhi International Airport in Gurgaon, thus making it easily commutable. Radisson Gurgaon, Udyh all the necessary amenities. It is located near Delhi International Airport in Gurgaon, thus making it easily commutable. Radisson Gurgaon, Udyog Vihar III, stands for generosity and sophistication.</p><p class=\"ql-align-justify\"><br></p><h4><strong>Ambience</strong></h4><p><br></p><p class=\"ql-align-justify\">Radisson in Udyog Vihar has everything to organize your ceremonies easily and meet with all your party or banqueting needs &amp; demands to make your occasion an enjoyable experience for you and your famivent spaces like the beautiful banquet halls, smashing poolside venue, airy terrace space, and huge lawn space. The hotel is equipped to organize any kind of function, however, big or small it may be.</p><p class=\"ql-align-justify\"><br></p><h4><strong>Food and Service</strong></h4><p><br></p><p class=\"ql-align-justify\">Radisson in Udyog Vihar offers you with its extravagant services to make your event a successful endeavor and make sure that you and your guests\' needs are fulfilled. Their in-house caterers offer an&nbsp;single aspect of your wedding will be taken care of. They put their best efforts to understand and fulfill all your expectations to deliver maximum customer satisfaction with their excellent services.</p><p class=\"ql-align-justify\"><br></p><h4><strong>Known For</strong></h4><p><br></p><p class=\"ql-align-justify\">Radisson is well known for its great hospitality and services which is handled by efficient staff and management who would do everything catering to all your needs with the utmost care and courtesy. T&nbsp;do everything catering to all your needs with the utmost care and courtesy. They offer venue spaces to hold many events to celebrate various occasions and ensure that everyone has a great experience.</p><p class=\"ql-align-justify\"><br></p><h4><strong>Best suited for</strong></h4><p><br></p><ul><li>Anniversary</li><li>Birthday Party</li><li>Cocktail Party</li><li>Conference</li><li>Corporate Party</li><li>Engagement</li><li>First Birthday Party</li><li>Meeting</li><li>Party</li><li>Pool Party</li><li>Reception</li><li>Social Gathering</li><li>Team Building</li><li>Wedding</li></ul><p><br></p><h4><strong>Cuisines</strong></h4><p><br></p><ul><li>Multi Cuisine</li><li>Social Function Menu</li><li>High Tea Menu</li></ul><p><br></p><h4><strong>Terms and Conditions</strong></h4><p><br></p><ul><li>All Government applicable taxes will be applied.</li><li>All Venue Rules Apply.</li></ul><p class=\"ql-align-justify\"><br></p><p><br></p>', NULL, 'per-day', '25000.00', 1200, 3, 21, 185, NULL, 1, 'AdminUser', NULL, 1, NULL, '2022-07-28 18:04:33', '2022-07-28 18:04:33'),
(7, 1, 'images/16e9395349e72b453e28222aa6ec3b86.jpg', '[\"images\\/af783a589d887cf9a755eeaae1b836e6.jpg\",\"images\\/4a953405322fa17db5d1d93e7c6b53df.jpg\",\"images\\/94cfb2325903ad872c2dfc26e8f72163.jpg\",\"images\\/ce6e509e2f1b6ea34deeaf13a911dc3a.jpg\",\"images\\/68b8df9c043086323a9661a95a0b2678.jpg\",\"images\\/a737649a03bbebde7fc0beb87173ade8.jpg\",\"images\\/cc9ea217a4804735d77681bc5d85b5bb.jpg\",\"images\\/895632426d1bf1904b6dac7bfb15a68f.jpg\",\"images\\/f32a06bc9ea3743a56acf10609e93a57.jpg\",\"images\\/98ee6ecc38f2aa5df04bc7ac68a2de1c.jpg\",\"images\\/af920a4d9adced7272dce36c2b66d55c.jpg\",\"images\\/b390c02af8ef3b06cd4c6387022deeb4.png\"]', 'Acura BMK', 'acura-bmk', NULL, '<h4><strong>Approach</strong></h4><p><br></p><p class=\"ql-align-justify\">Radisson Gurgaon is an extremely beautiful property with all the necessary amenities. It is located near Delhi International Airport in Gurgaon, thus making it easily commutable. Radisson Gurgaon, Udyh all the necessary amenities. It is located near Delhi International Airport in Gurgaon, thus making it easily commutable. Radisson Gurgaon, Udyog Vihar III, stands for generosity and sophistication.</p><p class=\"ql-align-justify\"><br></p><h4><strong>Ambience</strong></h4><p><br></p><p class=\"ql-align-justify\">Radisson in Udyog Vihar has everything to organize your ceremonies easily and meet with all your party or banqueting needs &amp; demands to make your occasion an enjoyable experience for you and your famivent spaces like the beautiful banquet halls, smashing poolside venue, airy terrace space, and huge lawn space. The hotel is equipped to organize any kind of function, however, big or small it may be.</p><p class=\"ql-align-justify\"><br></p><h4><strong>Food and Service</strong></h4><p><br></p><p class=\"ql-align-justify\">Radisson in Udyog Vihar offers you with its extravagant services to make your event a successful endeavor and make sure that you and your guests\' needs are fulfilled. Their in-house caterers offer an&nbsp;single aspect of your wedding will be taken care of. They put their best efforts to understand and fulfill all your expectations to deliver maximum customer satisfaction with their excellent services.</p><p class=\"ql-align-justify\"><br></p><h4><strong>Known For</strong></h4><p><br></p><p class=\"ql-align-justify\">Radisson is well known for its great hospitality and services which is handled by efficient staff and management who would do everything catering to all your needs with the utmost care and courtesy. T&nbsp;do everything catering to all your needs with the utmost care and courtesy. They offer venue spaces to hold many events to celebrate various occasions and ensure that everyone has a great experience.</p><p class=\"ql-align-justify\"><br></p><h4><strong>Best suited for</strong></h4><p><br></p><ul><li>Anniversary</li><li>Birthday Party</li><li>Cocktail Party</li><li>Conference</li><li>Corporate Party</li><li>Engagement</li><li>First Birthday Party</li><li>Meeting</li><li>Party</li><li>Pool Party</li><li>Reception</li><li>Social Gathering</li><li>Team Building</li><li>Wedding</li></ul><p><br></p><h4><strong>Cuisines</strong></h4><p><br></p><ul><li>Multi Cuisine</li><li>Social Function Menu</li><li>High Tea Menu</li></ul><p><br></p><h4><strong>Terms and Conditions</strong></h4><p><br></p><ul><li>All Government applicable taxes will be applied.</li><li>All Venue Rules Apply.</li></ul><p class=\"ql-align-justify\"><br></p><p><br></p>', NULL, 'per-night', '85000.00', 15000, 5, 38, 296, NULL, 1, 'AdminUser', NULL, 1, NULL, '2022-07-28 18:10:00', '2022-07-28 18:10:00'),
(8, 1, 'images/795e67074cccb57fdbf6431abdb77dea.jpg', '[\"images\\/41c6e3defcad68bc83103ac133809cf5.jpg\",\"images\\/966efa28b6031e46ea0b3a8ea42f751e.jpg\",\"images\\/aed1538fd1e2ee827c34abc98a1cf163.jpg\",\"images\\/88358a785214bf612143dfea88604869.jpg\",\"images\\/4a9b56d9304920ba36b5528d5b6b85a3.jpg\",\"images\\/93a0a6799f7a0117cae852fc3d845222.jpg\",\"images\\/e34bc37575b21af820dc5ee575df7940.png\",\"images\\/b443e238ac8467010e9d0b2ee028e628.png\",\"images\\/52de172d39570165c548b8ff2322f0fa.png\",\"images\\/533f62a71c73166936de9c6d0f5e64e9.png\",\"images\\/cc9ab7dc3580d225d5f4c478a1ad01b0.png\",\"images\\/7ff319de28ccc0810d17760920042dfd.png\",\"images\\/39113d5c86b4364c44ed72a953eafb32.png\",\"images\\/c6da4c38cbbdf4eba49d797964f14c33.png\"]', 'Hotel Mizu', 'hotel-mizu', NULL, '<h4><strong>Approach</strong></h4><p><br></p><p class=\"ql-align-justify\">Radisson Gurgaon is an extremely beautiful property with all the necessary amenities. It is located near Delhi International Airport in Gurgaon, thus making it easily commutable. Radisson Gurgaon, Udyh all the necessary amenities. It is located near Delhi International Airport in Gurgaon, thus making it easily commutable. Radisson Gurgaon, Udyog Vihar III, stands for generosity and sophistication.</p><p class=\"ql-align-justify\"><br></p><h4><strong>Ambience</strong></h4><p><br></p><p class=\"ql-align-justify\">Radisson in Udyog Vihar has everything to organize your ceremonies easily and meet with all your party or banqueting needs &amp; demands to make your occasion an enjoyable experience for you and your famivent spaces like the beautiful banquet halls, smashing poolside venue, airy terrace space, and huge lawn space. The hotel is equipped to organize any kind of function, however, big or small it may be.</p><p class=\"ql-align-justify\"><br></p><h4><strong>Food and Service</strong></h4><p><br></p><p class=\"ql-align-justify\">Radisson in Udyog Vihar offers you with its extravagant services to make your event a successful endeavor and make sure that you and your guests\' needs are fulfilled. Their in-house caterers offer an&nbsp;single aspect of your wedding will be taken care of. They put their best efforts to understand and fulfill all your expectations to deliver maximum customer satisfaction with their excellent services.</p><p class=\"ql-align-justify\"><br></p><h4><strong>Known For</strong></h4><p><br></p><p class=\"ql-align-justify\">Radisson is well known for its great hospitality and services which is handled by efficient staff and management who would do everything catering to all your needs with the utmost care and courtesy. T&nbsp;do everything catering to all your needs with the utmost care and courtesy. They offer venue spaces to hold many events to celebrate various occasions and ensure that everyone has a great experience.</p><p class=\"ql-align-justify\"><br></p><h4><strong>Best suited for</strong></h4><p><br></p><ul><li>Anniversary</li><li>Birthday Party</li><li>Cocktail Party</li><li>Conference</li><li>Corporate Party</li><li>Engagement</li><li>First Birthday Party</li><li>Meeting</li><li>Party</li><li>Pool Party</li><li>Reception</li><li>Social Gathering</li><li>Team Building</li><li>Wedding</li></ul><p><br></p><h4><strong>Cuisines</strong></h4><p><br></p><ul><li>Multi Cuisine</li><li>Social Function Menu</li><li>High Tea Menu</li></ul><p><br></p><h4><strong>Terms and Conditions</strong></h4><p><br></p><ul><li>All Government applicable taxes will be applied.</li><li>All Venue Rules Apply.</li></ul><p class=\"ql-align-justify\"><br></p><p><br></p>', NULL, 'per-day', '25000.00', 1450, 7, 56, 426, NULL, 1, 'User', NULL, 1, NULL, '2022-07-28 18:13:09', '2022-07-28 18:13:09');

--
-- Indexes for dumped tables
--

--
-- Indexes for table `admin_menu`
--
ALTER TABLE `admin_menu`
  ADD PRIMARY KEY (`id`);

--
-- Indexes for table `admin_operation_log`
--
ALTER TABLE `admin_operation_log`
  ADD PRIMARY KEY (`id`),
  ADD KEY `admin_operation_log_user_id_index` (`user_id`);

--
-- Indexes for table `admin_permissions`
--
ALTER TABLE `admin_permissions`
  ADD PRIMARY KEY (`id`),
  ADD UNIQUE KEY `admin_permissions_name_unique` (`name`),
  ADD UNIQUE KEY `admin_permissions_slug_unique` (`slug`);

--
-- Indexes for table `admin_roles`
--
ALTER TABLE `admin_roles`
  ADD PRIMARY KEY (`id`),
  ADD UNIQUE KEY `admin_roles_name_unique` (`name`),
  ADD UNIQUE KEY `admin_roles_slug_unique` (`slug`);

--
-- Indexes for table `admin_role_menu`
--
ALTER TABLE `admin_role_menu`
  ADD KEY `admin_role_menu_role_id_menu_id_index` (`role_id`,`menu_id`);

--
-- Indexes for table `admin_role_permissions`
--
ALTER TABLE `admin_role_permissions`
  ADD KEY `admin_role_permissions_role_id_permission_id_index` (`role_id`,`permission_id`);

--
-- Indexes for table `admin_role_users`
--
ALTER TABLE `admin_role_users`
  ADD KEY `admin_role_users_role_id_user_id_index` (`role_id`,`user_id`);

--
-- Indexes for table `admin_users`
--
ALTER TABLE `admin_users`
  ADD PRIMARY KEY (`id`),
  ADD UNIQUE KEY `admin_users_username_unique` (`username`);

--
-- Indexes for table `admin_user_permissions`
--
ALTER TABLE `admin_user_permissions`
  ADD KEY `admin_user_permissions_user_id_permission_id_index` (`user_id`,`permission_id`);

--
-- Indexes for table `amenities`
--
ALTER TABLE `amenities`
  ADD PRIMARY KEY (`id`),
  ADD UNIQUE KEY `amenities_name_unique` (`name`),
  ADD UNIQUE KEY `amenities_slug_unique` (`slug`),
  ADD KEY `amenities_created_by_index` (`created_by`),
  ADD KEY `amenities_updated_by_index` (`updated_by`);

--
-- Indexes for table `amenity_venue`
--
ALTER TABLE `amenity_venue`
  ADD PRIMARY KEY (`id`),
  ADD KEY `amenity_venue_amenity_id_foreign` (`amenity_id`),
  ADD KEY `amenity_venue_venue_id_foreign` (`venue_id`);

--
-- Indexes for table `categories`
--
ALTER TABLE `categories`
  ADD PRIMARY KEY (`id`),
  ADD UNIQUE KEY `categories_name_unique` (`name`),
  ADD UNIQUE KEY `categories_slug_unique` (`slug`),
  ADD KEY `categories_created_by_index` (`created_by`),
  ADD KEY `categories_updated_by_index` (`updated_by`);

--
-- Indexes for table `category_venue`
--
ALTER TABLE `category_venue`
  ADD PRIMARY KEY (`id`),
  ADD KEY `category_venue_category_id_foreign` (`category_id`),
  ADD KEY `category_venue_venue_id_foreign` (`venue_id`);

--
-- Indexes for table `cities`
--
ALTER TABLE `cities`
  ADD PRIMARY KEY (`id`),
  ADD UNIQUE KEY `cities_slug_unique` (`slug`),
  ADD KEY `cities_district_id_foreign` (`district_id`),
  ADD KEY `cities_created_by_index` (`created_by`),
  ADD KEY `cities_updated_by_index` (`updated_by`),
  ADD KEY `name` (`name`);

--
-- Indexes for table `districts`
--
ALTER TABLE `districts`
  ADD PRIMARY KEY (`id`),
  ADD UNIQUE KEY `districts_name_unique` (`name`),
  ADD UNIQUE KEY `districts_slug_unique` (`slug`),
  ADD KEY `districts_division_id_foreign` (`division_id`),
  ADD KEY `districts_created_by_index` (`created_by`),
  ADD KEY `districts_updated_by_index` (`updated_by`);

--
-- Indexes for table `divisions`
--
ALTER TABLE `divisions`
  ADD PRIMARY KEY (`id`),
  ADD UNIQUE KEY `divisions_name_unique` (`name`),
  ADD UNIQUE KEY `divisions_slug_unique` (`slug`),
  ADD KEY `divisions_created_by_index` (`created_by`),
  ADD KEY `divisions_updated_by_index` (`updated_by`);

--
-- Indexes for table `event_calendars`
--
ALTER TABLE `event_calendars`
  ADD PRIMARY KEY (`id`),
  ADD KEY `event_calendars_venue_id_foreign` (`venue_id`),
  ADD KEY `event_calendars_created_by_foreign` (`created_by`),
  ADD KEY `event_calendars_start_date_index` (`start_date`),
  ADD KEY `event_calendars_end_date_index` (`end_date`),
  ADD KEY `event_calendars_all_day_event_index` (`all_day_event`),
  ADD KEY `event_calendars_updated_by_index` (`updated_by`);

--
-- Indexes for table `failed_jobs`
--
ALTER TABLE `failed_jobs`
  ADD PRIMARY KEY (`id`),
  ADD UNIQUE KEY `failed_jobs_uuid_unique` (`uuid`);

--
-- Indexes for table `migrations`
--
ALTER TABLE `migrations`
  ADD PRIMARY KEY (`id`);

--
-- Indexes for table `occasions`
--
ALTER TABLE `occasions`
  ADD PRIMARY KEY (`id`),
  ADD UNIQUE KEY `occasions_name_unique` (`name`),
  ADD UNIQUE KEY `occasions_slug_unique` (`slug`),
  ADD KEY `occasions_created_by_index` (`created_by`),
  ADD KEY `occasions_updated_by_index` (`updated_by`);

--
-- Indexes for table `occasion_venue`
--
ALTER TABLE `occasion_venue`
  ADD PRIMARY KEY (`id`),
  ADD KEY `occasion_venue_occasion_id_foreign` (`occasion_id`),
  ADD KEY `occasion_venue_venue_id_foreign` (`venue_id`);

--
-- Indexes for table `orders`
--
ALTER TABLE `orders`
  ADD PRIMARY KEY (`id`),
  ADD KEY `orders_venue_id_foreign` (`venue_id`),
  ADD KEY `orders_user_id_foreign` (`user_id`),
  ADD KEY `orders_category_id_foreign` (`category_id`),
  ADD KEY `orders_occasion_id_foreign` (`occasion_id`),
  ADD KEY `orders_start_date_index` (`start_date`),
  ADD KEY `orders_end_date_index` (`end_date`),
  ADD KEY `orders_capacity_index` (`capacity`),
  ADD KEY `orders_price_type_index` (`price_type`),
  ADD KEY `orders_net_total_price_index` (`net_total_price`);

--
-- Indexes for table `organizations`
--
ALTER TABLE `organizations`
  ADD PRIMARY KEY (`id`),
  ADD UNIQUE KEY `organizations_name_unique` (`name`),
  ADD UNIQUE KEY `organizations_email_unique` (`email`),
  ADD KEY `organizations_slug_index` (`slug`),
  ADD KEY `organizations_multiple_properties_index` (`multiple_properties`),
  ADD KEY `organizations_creator_type_index` (`creator_type`),
  ADD KEY `organizations_updater_type_index` (`updater_type`),
  ADD KEY `organizations_created_by_index` (`created_by`),
  ADD KEY `organizations_updated_by_index` (`updated_by`);

--
-- Indexes for table `password_resets`
--
ALTER TABLE `password_resets`
  ADD KEY `password_resets_email_index` (`email`);

--
-- Indexes for table `personal_access_tokens`
--
ALTER TABLE `personal_access_tokens`
  ADD PRIMARY KEY (`id`),
  ADD UNIQUE KEY `personal_access_tokens_token_unique` (`token`),
  ADD KEY `personal_access_tokens_tokenable_type_tokenable_id_index` (`tokenable_type`,`tokenable_id`);

--
-- Indexes for table `users`
--
ALTER TABLE `users`
  ADD PRIMARY KEY (`id`),
  ADD UNIQUE KEY `users_email_unique` (`email`),
  ADD UNIQUE KEY `username` (`username`);

--
-- Indexes for table `user_venue`
--
ALTER TABLE `user_venue`
  ADD PRIMARY KEY (`id`),
  ADD KEY `user_venue_user_id_foreign` (`user_id`),
  ADD KEY `user_venue_venue_id_foreign` (`venue_id`);

--
-- Indexes for table `venues`
--
ALTER TABLE `venues`
  ADD PRIMARY KEY (`id`),
  ADD KEY `venues_organization_id_foreign` (`organization_id`),
  ADD KEY `venues_division_id_foreign` (`division_id`),
  ADD KEY `venues_district_id_foreign` (`district_id`),
  ADD KEY `venues_city_id_foreign` (`city_id`),
  ADD KEY `venues_name_index` (`name`),
  ADD KEY `venues_slug_index` (`slug`),
  ADD KEY `venues_price_type_index` (`price_type`),
  ADD KEY `venues_price_index` (`price`),
  ADD KEY `venues_capacity_index` (`capacity`),
  ADD KEY `venues_is_enabled_index` (`is_enabled`),
  ADD KEY `venues_creator_type_index` (`creator_type`),
  ADD KEY `venues_updater_type_index` (`updater_type`),
  ADD KEY `venues_created_by_index` (`created_by`),
  ADD KEY `venues_updated_by_index` (`updated_by`);

--
-- AUTO_INCREMENT for dumped tables
--

--
-- AUTO_INCREMENT for table `admin_menu`
--
ALTER TABLE `admin_menu`
  MODIFY `id` int(10) UNSIGNED NOT NULL AUTO_INCREMENT, AUTO_INCREMENT=21;

--
-- AUTO_INCREMENT for table `admin_operation_log`
--
ALTER TABLE `admin_operation_log`
  MODIFY `id` int(10) UNSIGNED NOT NULL AUTO_INCREMENT, AUTO_INCREMENT=1816;

--
-- AUTO_INCREMENT for table `admin_permissions`
--
ALTER TABLE `admin_permissions`
  MODIFY `id` int(10) UNSIGNED NOT NULL AUTO_INCREMENT, AUTO_INCREMENT=6;

--
-- AUTO_INCREMENT for table `admin_roles`
--
ALTER TABLE `admin_roles`
  MODIFY `id` int(10) UNSIGNED NOT NULL AUTO_INCREMENT, AUTO_INCREMENT=2;

--
-- AUTO_INCREMENT for table `admin_users`
--
ALTER TABLE `admin_users`
  MODIFY `id` int(10) UNSIGNED NOT NULL AUTO_INCREMENT, AUTO_INCREMENT=2;

--
-- AUTO_INCREMENT for table `amenities`
--
ALTER TABLE `amenities`
  MODIFY `id` bigint(20) UNSIGNED NOT NULL AUTO_INCREMENT, AUTO_INCREMENT=37;

--
-- AUTO_INCREMENT for table `amenity_venue`
--
ALTER TABLE `amenity_venue`
  MODIFY `id` bigint(20) UNSIGNED NOT NULL AUTO_INCREMENT, AUTO_INCREMENT=77;

--
-- AUTO_INCREMENT for table `categories`
--
ALTER TABLE `categories`
  MODIFY `id` bigint(20) UNSIGNED NOT NULL AUTO_INCREMENT, AUTO_INCREMENT=10;

--
-- AUTO_INCREMENT for table `category_venue`
--
ALTER TABLE `category_venue`
  MODIFY `id` bigint(20) UNSIGNED NOT NULL AUTO_INCREMENT, AUTO_INCREMENT=15;

--
-- AUTO_INCREMENT for table `cities`
--
ALTER TABLE `cities`
  MODIFY `id` bigint(20) UNSIGNED NOT NULL AUTO_INCREMENT, AUTO_INCREMENT=492;

--
-- AUTO_INCREMENT for table `districts`
--
ALTER TABLE `districts`
  MODIFY `id` bigint(20) UNSIGNED NOT NULL AUTO_INCREMENT, AUTO_INCREMENT=65;

--
-- AUTO_INCREMENT for table `divisions`
--
ALTER TABLE `divisions`
  MODIFY `id` bigint(20) UNSIGNED NOT NULL AUTO_INCREMENT, AUTO_INCREMENT=9;

--
-- AUTO_INCREMENT for table `event_calendars`
--
ALTER TABLE `event_calendars`
  MODIFY `id` bigint(20) UNSIGNED NOT NULL AUTO_INCREMENT, AUTO_INCREMENT=9;

--
-- AUTO_INCREMENT for table `failed_jobs`
--
ALTER TABLE `failed_jobs`
  MODIFY `id` bigint(20) UNSIGNED NOT NULL AUTO_INCREMENT;

--
-- AUTO_INCREMENT for table `migrations`
--
ALTER TABLE `migrations`
  MODIFY `id` int(10) UNSIGNED NOT NULL AUTO_INCREMENT, AUTO_INCREMENT=45;

--
-- AUTO_INCREMENT for table `occasions`
--
ALTER TABLE `occasions`
  MODIFY `id` bigint(20) UNSIGNED NOT NULL AUTO_INCREMENT, AUTO_INCREMENT=18;

--
-- AUTO_INCREMENT for table `occasion_venue`
--
ALTER TABLE `occasion_venue`
  MODIFY `id` bigint(20) UNSIGNED NOT NULL AUTO_INCREMENT, AUTO_INCREMENT=42;

--
-- AUTO_INCREMENT for table `orders`
--
ALTER TABLE `orders`
  MODIFY `id` bigint(20) UNSIGNED NOT NULL AUTO_INCREMENT, AUTO_INCREMENT=6;

--
-- AUTO_INCREMENT for table `organizations`
--
ALTER TABLE `organizations`
  MODIFY `id` bigint(20) UNSIGNED NOT NULL AUTO_INCREMENT, AUTO_INCREMENT=2;

--
-- AUTO_INCREMENT for table `personal_access_tokens`
--
ALTER TABLE `personal_access_tokens`
  MODIFY `id` bigint(20) UNSIGNED NOT NULL AUTO_INCREMENT, AUTO_INCREMENT=6;

--
-- AUTO_INCREMENT for table `users`
--
ALTER TABLE `users`
  MODIFY `id` bigint(20) UNSIGNED NOT NULL AUTO_INCREMENT, AUTO_INCREMENT=3;

--
-- AUTO_INCREMENT for table `user_venue`
--
ALTER TABLE `user_venue`
  MODIFY `id` bigint(20) UNSIGNED NOT NULL AUTO_INCREMENT, AUTO_INCREMENT=6;

--
-- AUTO_INCREMENT for table `venues`
--
ALTER TABLE `venues`
  MODIFY `id` bigint(20) UNSIGNED NOT NULL AUTO_INCREMENT, AUTO_INCREMENT=9;

--
-- Constraints for dumped tables
--

--
-- Constraints for table `amenities`
--
ALTER TABLE `amenities`
  ADD CONSTRAINT `amenities_created_by_foreign` FOREIGN KEY (`created_by`) REFERENCES `admin_users` (`id`) ON DELETE SET NULL,
  ADD CONSTRAINT `amenities_updated_by_foreign` FOREIGN KEY (`updated_by`) REFERENCES `admin_users` (`id`) ON DELETE SET NULL;

--
-- Constraints for table `amenity_venue`
--
ALTER TABLE `amenity_venue`
  ADD CONSTRAINT `amenity_venue_amenity_id_foreign` FOREIGN KEY (`amenity_id`) REFERENCES `amenities` (`id`) ON DELETE CASCADE,
  ADD CONSTRAINT `amenity_venue_venue_id_foreign` FOREIGN KEY (`venue_id`) REFERENCES `venues` (`id`) ON DELETE CASCADE;

--
-- Constraints for table `categories`
--
ALTER TABLE `categories`
  ADD CONSTRAINT `categories_created_by_foreign` FOREIGN KEY (`created_by`) REFERENCES `admin_users` (`id`) ON DELETE SET NULL,
  ADD CONSTRAINT `categories_updated_by_foreign` FOREIGN KEY (`updated_by`) REFERENCES `admin_users` (`id`) ON DELETE SET NULL;

--
-- Constraints for table `category_venue`
--
ALTER TABLE `category_venue`
  ADD CONSTRAINT `category_venue_category_id_foreign` FOREIGN KEY (`category_id`) REFERENCES `categories` (`id`) ON DELETE CASCADE,
  ADD CONSTRAINT `category_venue_venue_id_foreign` FOREIGN KEY (`venue_id`) REFERENCES `venues` (`id`) ON DELETE CASCADE;

--
-- Constraints for table `cities`
--
ALTER TABLE `cities`
  ADD CONSTRAINT `cities_created_by_foreign` FOREIGN KEY (`created_by`) REFERENCES `admin_users` (`id`) ON DELETE SET NULL,
  ADD CONSTRAINT `cities_district_id_foreign` FOREIGN KEY (`district_id`) REFERENCES `districts` (`id`),
  ADD CONSTRAINT `cities_updated_by_foreign` FOREIGN KEY (`updated_by`) REFERENCES `admin_users` (`id`) ON DELETE SET NULL;

--
-- Constraints for table `districts`
--
ALTER TABLE `districts`
  ADD CONSTRAINT `districts_created_by_foreign` FOREIGN KEY (`created_by`) REFERENCES `admin_users` (`id`) ON DELETE SET NULL,
  ADD CONSTRAINT `districts_division_id_foreign` FOREIGN KEY (`division_id`) REFERENCES `divisions` (`id`),
  ADD CONSTRAINT `districts_updated_by_foreign` FOREIGN KEY (`updated_by`) REFERENCES `admin_users` (`id`) ON DELETE SET NULL;

--
-- Constraints for table `divisions`
--
ALTER TABLE `divisions`
  ADD CONSTRAINT `divisions_created_by_foreign` FOREIGN KEY (`created_by`) REFERENCES `admin_users` (`id`) ON DELETE SET NULL,
  ADD CONSTRAINT `divisions_updated_by_foreign` FOREIGN KEY (`updated_by`) REFERENCES `admin_users` (`id`) ON DELETE SET NULL;

--
-- Constraints for table `event_calendars`
--
ALTER TABLE `event_calendars`
  ADD CONSTRAINT `event_calendars_created_by_foreign` FOREIGN KEY (`created_by`) REFERENCES `users` (`id`) ON DELETE CASCADE,
  ADD CONSTRAINT `event_calendars_updated_by_foreign` FOREIGN KEY (`updated_by`) REFERENCES `admin_users` (`id`) ON DELETE SET NULL,
  ADD CONSTRAINT `event_calendars_venue_id_foreign` FOREIGN KEY (`venue_id`) REFERENCES `venues` (`id`) ON DELETE CASCADE;

--
-- Constraints for table `occasions`
--
ALTER TABLE `occasions`
  ADD CONSTRAINT `occasions_created_by_foreign` FOREIGN KEY (`created_by`) REFERENCES `admin_users` (`id`) ON DELETE SET NULL,
  ADD CONSTRAINT `occasions_updated_by_foreign` FOREIGN KEY (`updated_by`) REFERENCES `admin_users` (`id`) ON DELETE SET NULL;

--
-- Constraints for table `occasion_venue`
--
ALTER TABLE `occasion_venue`
  ADD CONSTRAINT `occasion_venue_occasion_id_foreign` FOREIGN KEY (`occasion_id`) REFERENCES `occasions` (`id`) ON DELETE CASCADE,
  ADD CONSTRAINT `occasion_venue_venue_id_foreign` FOREIGN KEY (`venue_id`) REFERENCES `venues` (`id`) ON DELETE CASCADE;

--
-- Constraints for table `orders`
--
ALTER TABLE `orders`
  ADD CONSTRAINT `orders_category_id_foreign` FOREIGN KEY (`category_id`) REFERENCES `categories` (`id`),
  ADD CONSTRAINT `orders_occasion_id_foreign` FOREIGN KEY (`occasion_id`) REFERENCES `occasions` (`id`),
  ADD CONSTRAINT `orders_user_id_foreign` FOREIGN KEY (`user_id`) REFERENCES `users` (`id`) ON DELETE CASCADE,
  ADD CONSTRAINT `orders_venue_id_foreign` FOREIGN KEY (`venue_id`) REFERENCES `venues` (`id`) ON DELETE CASCADE;

--
-- Constraints for table `user_venue`
--
ALTER TABLE `user_venue`
  ADD CONSTRAINT `user_venue_user_id_foreign` FOREIGN KEY (`user_id`) REFERENCES `users` (`id`) ON DELETE CASCADE,
  ADD CONSTRAINT `user_venue_venue_id_foreign` FOREIGN KEY (`venue_id`) REFERENCES `venues` (`id`) ON DELETE CASCADE;

--
-- Constraints for table `venues`
--
ALTER TABLE `venues`
  ADD CONSTRAINT `venues_city_id_foreign` FOREIGN KEY (`city_id`) REFERENCES `cities` (`id`),
  ADD CONSTRAINT `venues_district_id_foreign` FOREIGN KEY (`district_id`) REFERENCES `districts` (`id`),
  ADD CONSTRAINT `venues_division_id_foreign` FOREIGN KEY (`division_id`) REFERENCES `divisions` (`id`),
  ADD CONSTRAINT `venues_organization_id_foreign` FOREIGN KEY (`organization_id`) REFERENCES `organizations` (`id`);
COMMIT;

/*!40101 SET CHARACTER_SET_CLIENT=@OLD_CHARACTER_SET_CLIENT */;
/*!40101 SET CHARACTER_SET_RESULTS=@OLD_CHARACTER_SET_RESULTS */;
/*!40101 SET COLLATION_CONNECTION=@OLD_COLLATION_CONNECTION */;
